--------------------------------------------------------
--  File created - Saturday-June-08-2024   
--------------------------------------------------------
--------------------------------------------------------
--  DDL for Sequence APEX$_WS_SEQ
--------------------------------------------------------

   CREATE SEQUENCE  "AAYUSH"."APEX$_WS_SEQ"  MINVALUE 100 MAXVALUE 999999999999999999999999999 INCREMENT BY 1 START WITH 100 CACHE 20 NOORDER  NOCYCLE ;
--------------------------------------------------------
--  DDL for Sequence DEMO_CUST_SEQ
--------------------------------------------------------

   CREATE SEQUENCE  "AAYUSH"."DEMO_CUST_SEQ"  MINVALUE 1 MAXVALUE 9999999999999999999999999999 INCREMENT BY 1 START WITH 100 CACHE 20 NOORDER  NOCYCLE ;
--------------------------------------------------------
--  DDL for Sequence DEMO_ORDER_ITEMS_SEQ
--------------------------------------------------------

   CREATE SEQUENCE  "AAYUSH"."DEMO_ORDER_ITEMS_SEQ"  MINVALUE 1 MAXVALUE 9999999999999999999999999999 INCREMENT BY 1 START WITH 160 CACHE 20 NOORDER  NOCYCLE ;
--------------------------------------------------------
--  DDL for Sequence DEMO_ORD_SEQ
--------------------------------------------------------

   CREATE SEQUENCE  "AAYUSH"."DEMO_ORD_SEQ"  MINVALUE 1 MAXVALUE 9999999999999999999999999999 INCREMENT BY 1 START WITH 11 CACHE 20 NOORDER  NOCYCLE ;
--------------------------------------------------------
--  DDL for Sequence DEMO_PROD_SEQ
--------------------------------------------------------

   CREATE SEQUENCE  "AAYUSH"."DEMO_PROD_SEQ"  MINVALUE 1 MAXVALUE 9999999999999999999999999999 INCREMENT BY 1 START WITH 100 CACHE 20 NOORDER  NOCYCLE ;
--------------------------------------------------------
--  DDL for Sequence DEPT_SEQ
--------------------------------------------------------

   CREATE SEQUENCE  "AAYUSH"."DEPT_SEQ"  MINVALUE 1 MAXVALUE 9999999999999999999999999999 INCREMENT BY 1 START WITH 50 CACHE 20 NOORDER  NOCYCLE ;
--------------------------------------------------------
--  DDL for Sequence EMP_SEQ
--------------------------------------------------------

   CREATE SEQUENCE  "AAYUSH"."EMP_SEQ"  MINVALUE 1 MAXVALUE 9999999999999999999999999999 INCREMENT BY 1 START WITH 8000 CACHE 20 NOORDER  NOCYCLE ;
--------------------------------------------------------
--  DDL for Sequence INCREASE_CART_ID
--------------------------------------------------------

   CREATE SEQUENCE  "AAYUSH"."INCREASE_CART_ID"  MINVALUE 1 MAXVALUE 9999999999999999999999999999 INCREMENT BY 1 START WITH 82 CACHE 20 NOORDER  NOCYCLE ;
--------------------------------------------------------
--  DDL for Sequence INCREASE_DISCOUNT_ID
--------------------------------------------------------

   CREATE SEQUENCE  "AAYUSH"."INCREASE_DISCOUNT_ID"  MINVALUE 1 MAXVALUE 9999999999999999999999999999 INCREMENT BY 1 START WITH 2 CACHE 20 NOORDER  NOCYCLE ;
--------------------------------------------------------
--  DDL for Sequence INCREASE_ID
--------------------------------------------------------

   CREATE SEQUENCE  "AAYUSH"."INCREASE_ID"  MINVALUE 1 MAXVALUE 9999999999999999999999999999 INCREMENT BY 1 START WITH 203 CACHE 20 NOORDER  NOCYCLE ;
--------------------------------------------------------
--  DDL for Sequence INCREASE_IMAGE_ID
--------------------------------------------------------

   CREATE SEQUENCE  "AAYUSH"."INCREASE_IMAGE_ID"  MINVALUE 1 MAXVALUE 9999999999999999999999999999 INCREMENT BY 1 START WITH 102 CACHE 20 NOORDER  NOCYCLE ;
--------------------------------------------------------
--  DDL for Sequence INCREASE_OP_ID
--------------------------------------------------------

   CREATE SEQUENCE  "AAYUSH"."INCREASE_OP_ID"  MINVALUE 1 MAXVALUE 9999999999999999999999999999 INCREMENT BY 1 START WITH 162 CACHE 20 NOORDER  NOCYCLE ;
--------------------------------------------------------
--  DDL for Sequence INCREASE_ORDER_ID
--------------------------------------------------------

   CREATE SEQUENCE  "AAYUSH"."INCREASE_ORDER_ID"  MINVALUE 1 MAXVALUE 9999999999999999999999999999 INCREMENT BY 1 START WITH 143 CACHE 20 NOORDER  NOCYCLE ;
--------------------------------------------------------
--  DDL for Sequence INCREASE_PAYMENT_ID
--------------------------------------------------------

   CREATE SEQUENCE  "AAYUSH"."INCREASE_PAYMENT_ID"  MINVALUE 1 MAXVALUE 9999999999999999999999999999 INCREMENT BY 1 START WITH 102 CACHE 20 NOORDER  NOCYCLE ;
--------------------------------------------------------
--  DDL for Sequence INCREASE_PC_ID
--------------------------------------------------------

   CREATE SEQUENCE  "AAYUSH"."INCREASE_PC_ID"  MINVALUE 1 MAXVALUE 9999999999999999999999999999 INCREMENT BY 1 START WITH 562 CACHE 20 NOORDER  NOCYCLE ;
--------------------------------------------------------
--  DDL for Sequence INCREASE_PI_ID
--------------------------------------------------------

   CREATE SEQUENCE  "AAYUSH"."INCREASE_PI_ID"  MINVALUE 1 MAXVALUE 9999999999999999999999999999 INCREMENT BY 1 START WITH 86 CACHE 20 NOORDER  NOCYCLE ;
--------------------------------------------------------
--  DDL for Sequence INCREASE_PW_ID
--------------------------------------------------------

   CREATE SEQUENCE  "AAYUSH"."INCREASE_PW_ID"  MINVALUE 1 MAXVALUE 9999999999999999999999999999 INCREMENT BY 1 START WITH 202 CACHE 20 NOORDER  NOCYCLE ;
--------------------------------------------------------
--  DDL for Sequence INCREASE_REVIEW_ID
--------------------------------------------------------

   CREATE SEQUENCE  "AAYUSH"."INCREASE_REVIEW_ID"  MINVALUE 1 MAXVALUE 9999999999999999999999999999 INCREMENT BY 1 START WITH 123 CACHE 20 NOORDER  NOCYCLE ;
--------------------------------------------------------
--  DDL for Sequence INCREASE_SHOP_ID
--------------------------------------------------------

   CREATE SEQUENCE  "AAYUSH"."INCREASE_SHOP_ID"  MINVALUE 1 MAXVALUE 9999999999999999999999999999 INCREMENT BY 1 START WITH 46 CACHE 20 NOORDER  NOCYCLE ;
--------------------------------------------------------
--  DDL for Sequence INCREASE_USERID
--------------------------------------------------------

   CREATE SEQUENCE  "AAYUSH"."INCREASE_USERID"  MINVALUE 1 MAXVALUE 9999999999999999999999999999 INCREMENT BY 1 START WITH 141 CACHE 20 NOORDER  NOCYCLE ;
--------------------------------------------------------
--  DDL for Sequence INCREASE_WISHLIST_ID
--------------------------------------------------------

   CREATE SEQUENCE  "AAYUSH"."INCREASE_WISHLIST_ID"  MINVALUE 1 MAXVALUE 9999999999999999999999999999 INCREMENT BY 1 START WITH 62 CACHE 20 NOORDER  NOCYCLE ;
--------------------------------------------------------
--  DDL for Table APEX$_ACL
--------------------------------------------------------

  CREATE TABLE "AAYUSH"."APEX$_ACL" 
   (	"ID" NUMBER, 
	"WS_APP_ID" NUMBER, 
	"USERNAME" VARCHAR2(255 BYTE), 
	"PRIV" VARCHAR2(1 BYTE), 
	"CREATED_ON" DATE, 
	"CREATED_BY" VARCHAR2(255 BYTE), 
	"UPDATED_ON" DATE, 
	"UPDATED_BY" VARCHAR2(255 BYTE)
   ) SEGMENT CREATION IMMEDIATE 
  PCTFREE 10 PCTUSED 40 INITRANS 1 MAXTRANS 255 NOCOMPRESS LOGGING
  STORAGE(INITIAL 65536 NEXT 1048576 MINEXTENTS 1 MAXEXTENTS 2147483645
  PCTINCREASE 0 FREELISTS 1 FREELIST GROUPS 1 BUFFER_POOL DEFAULT FLASH_CACHE DEFAULT CELL_FLASH_CACHE DEFAULT)
  TABLESPACE "APEX_4627610787144683" ;
--------------------------------------------------------
--  DDL for Table APEX$_WS_FILES
--------------------------------------------------------

  CREATE TABLE "AAYUSH"."APEX$_WS_FILES" 
   (	"ID" NUMBER, 
	"WS_APP_ID" NUMBER, 
	"DATA_GRID_ID" NUMBER, 
	"ROW_ID" NUMBER, 
	"WEBPAGE_ID" NUMBER, 
	"COMPONENT_LEVEL" VARCHAR2(30 BYTE), 
	"NAME" VARCHAR2(255 BYTE), 
	"IMAGE_ALIAS" VARCHAR2(255 BYTE), 
	"IMAGE_ATTRIBUTES" VARCHAR2(255 BYTE), 
	"CONTENT" BLOB, 
	"CONTENT_LAST_UPDATE" DATE, 
	"MIME_TYPE" VARCHAR2(255 BYTE), 
	"CONTENT_CHARSET" VARCHAR2(255 BYTE), 
	"CONTENT_FILENAME" VARCHAR2(500 BYTE), 
	"DESCRIPTION" VARCHAR2(4000 BYTE), 
	"CREATED_ON" DATE, 
	"CREATED_BY" VARCHAR2(255 BYTE), 
	"UPDATED_ON" DATE, 
	"UPDATED_BY" VARCHAR2(255 BYTE)
   ) SEGMENT CREATION IMMEDIATE 
  PCTFREE 10 PCTUSED 40 INITRANS 1 MAXTRANS 255 NOCOMPRESS LOGGING
  STORAGE(INITIAL 65536 NEXT 1048576 MINEXTENTS 1 MAXEXTENTS 2147483645
  PCTINCREASE 0 FREELISTS 1 FREELIST GROUPS 1 BUFFER_POOL DEFAULT FLASH_CACHE DEFAULT CELL_FLASH_CACHE DEFAULT)
  TABLESPACE "APEX_4627610787144683" 
 LOB ("CONTENT") STORE AS BASICFILE (
  TABLESPACE "APEX_4627610787144683" ENABLE STORAGE IN ROW CHUNK 8192 RETENTION 
  NOCACHE LOGGING 
  STORAGE(INITIAL 65536 NEXT 1048576 MINEXTENTS 1 MAXEXTENTS 2147483645
  PCTINCREASE 0 FREELISTS 1 FREELIST GROUPS 1 BUFFER_POOL DEFAULT FLASH_CACHE DEFAULT CELL_FLASH_CACHE DEFAULT)) ;
--------------------------------------------------------
--  DDL for Table APEX$_WS_HISTORY
--------------------------------------------------------

  CREATE TABLE "AAYUSH"."APEX$_WS_HISTORY" 
   (	"ROW_ID" NUMBER, 
	"WS_APP_ID" NUMBER, 
	"DATA_GRID_ID" NUMBER, 
	"COLUMN_NAME" VARCHAR2(255 BYTE), 
	"OLD_VALUE" VARCHAR2(4000 BYTE), 
	"NEW_VALUE" VARCHAR2(4000 BYTE), 
	"APPLICATION_USER_ID" VARCHAR2(255 BYTE), 
	"CHANGE_DATE" DATE
   ) SEGMENT CREATION IMMEDIATE 
  PCTFREE 10 PCTUSED 40 INITRANS 1 MAXTRANS 255 NOCOMPRESS LOGGING
  STORAGE(INITIAL 65536 NEXT 1048576 MINEXTENTS 1 MAXEXTENTS 2147483645
  PCTINCREASE 0 FREELISTS 1 FREELIST GROUPS 1 BUFFER_POOL DEFAULT FLASH_CACHE DEFAULT CELL_FLASH_CACHE DEFAULT)
  TABLESPACE "APEX_4627610787144683" ;
--------------------------------------------------------
--  DDL for Table APEX$_WS_LINKS
--------------------------------------------------------

  CREATE TABLE "AAYUSH"."APEX$_WS_LINKS" 
   (	"ID" NUMBER, 
	"WS_APP_ID" NUMBER, 
	"DATA_GRID_ID" NUMBER, 
	"ROW_ID" NUMBER, 
	"WEBPAGE_ID" NUMBER, 
	"COMPONENT_LEVEL" VARCHAR2(30 BYTE), 
	"TAGS" VARCHAR2(4000 BYTE), 
	"SHOW_ON_HOMEPAGE" VARCHAR2(1 BYTE), 
	"LINK_NAME" VARCHAR2(255 BYTE), 
	"URL" VARCHAR2(4000 BYTE), 
	"LINK_DESCRIPTION" VARCHAR2(4000 BYTE), 
	"DISPLAY_SEQUENCE" NUMBER, 
	"CREATED_ON" DATE, 
	"CREATED_BY" VARCHAR2(255 BYTE), 
	"UPDATED_ON" DATE, 
	"UPDATED_BY" VARCHAR2(255 BYTE)
   ) SEGMENT CREATION IMMEDIATE 
  PCTFREE 10 PCTUSED 40 INITRANS 1 MAXTRANS 255 NOCOMPRESS LOGGING
  STORAGE(INITIAL 65536 NEXT 1048576 MINEXTENTS 1 MAXEXTENTS 2147483645
  PCTINCREASE 0 FREELISTS 1 FREELIST GROUPS 1 BUFFER_POOL DEFAULT FLASH_CACHE DEFAULT CELL_FLASH_CACHE DEFAULT)
  TABLESPACE "APEX_4627610787144683" ;
--------------------------------------------------------
--  DDL for Table APEX$_WS_NOTES
--------------------------------------------------------

  CREATE TABLE "AAYUSH"."APEX$_WS_NOTES" 
   (	"ID" NUMBER, 
	"WS_APP_ID" NUMBER, 
	"DATA_GRID_ID" NUMBER, 
	"ROW_ID" NUMBER, 
	"WEBPAGE_ID" NUMBER, 
	"COMPONENT_LEVEL" VARCHAR2(30 BYTE), 
	"CONTENT" CLOB, 
	"CREATED_ON" DATE, 
	"CREATED_BY" VARCHAR2(255 BYTE), 
	"UPDATED_ON" DATE, 
	"UPDATED_BY" VARCHAR2(255 BYTE)
   ) SEGMENT CREATION IMMEDIATE 
  PCTFREE 10 PCTUSED 40 INITRANS 1 MAXTRANS 255 NOCOMPRESS LOGGING
  STORAGE(INITIAL 65536 NEXT 1048576 MINEXTENTS 1 MAXEXTENTS 2147483645
  PCTINCREASE 0 FREELISTS 1 FREELIST GROUPS 1 BUFFER_POOL DEFAULT FLASH_CACHE DEFAULT CELL_FLASH_CACHE DEFAULT)
  TABLESPACE "APEX_4627610787144683" 
 LOB ("CONTENT") STORE AS BASICFILE (
  TABLESPACE "APEX_4627610787144683" ENABLE STORAGE IN ROW CHUNK 8192 RETENTION 
  NOCACHE LOGGING 
  STORAGE(INITIAL 65536 NEXT 1048576 MINEXTENTS 1 MAXEXTENTS 2147483645
  PCTINCREASE 0 FREELISTS 1 FREELIST GROUPS 1 BUFFER_POOL DEFAULT FLASH_CACHE DEFAULT CELL_FLASH_CACHE DEFAULT)) ;
--------------------------------------------------------
--  DDL for Table APEX$_WS_ROWS
--------------------------------------------------------

  CREATE TABLE "AAYUSH"."APEX$_WS_ROWS" 
   (	"ID" NUMBER, 
	"WS_APP_ID" NUMBER, 
	"DATA_GRID_ID" NUMBER, 
	"UNIQUE_VALUE" VARCHAR2(255 BYTE), 
	"TAGS" VARCHAR2(4000 BYTE), 
	"PARENT_ROW_ID" NUMBER, 
	"OWNER" VARCHAR2(255 BYTE), 
	"GEOCODE" VARCHAR2(512 BYTE), 
	"LOAD_ORDER" NUMBER, 
	"CHANGE_COUNT" NUMBER, 
	"CREATED_ON" DATE, 
	"CREATED_BY" VARCHAR2(255 BYTE), 
	"UPDATED_ON" DATE, 
	"UPDATED_BY" VARCHAR2(255 BYTE), 
	"C001" VARCHAR2(4000 BYTE), 
	"C002" VARCHAR2(4000 BYTE), 
	"C003" VARCHAR2(4000 BYTE), 
	"C004" VARCHAR2(4000 BYTE), 
	"C005" VARCHAR2(4000 BYTE), 
	"C006" VARCHAR2(4000 BYTE), 
	"C007" VARCHAR2(4000 BYTE), 
	"C008" VARCHAR2(4000 BYTE), 
	"C009" VARCHAR2(4000 BYTE), 
	"C010" VARCHAR2(4000 BYTE), 
	"C011" VARCHAR2(4000 BYTE), 
	"C012" VARCHAR2(4000 BYTE), 
	"C013" VARCHAR2(4000 BYTE), 
	"C014" VARCHAR2(4000 BYTE), 
	"C015" VARCHAR2(4000 BYTE), 
	"C016" VARCHAR2(4000 BYTE), 
	"C017" VARCHAR2(4000 BYTE), 
	"C018" VARCHAR2(4000 BYTE), 
	"C019" VARCHAR2(4000 BYTE), 
	"C020" VARCHAR2(4000 BYTE), 
	"C021" VARCHAR2(4000 BYTE), 
	"C022" VARCHAR2(4000 BYTE), 
	"C023" VARCHAR2(4000 BYTE), 
	"C024" VARCHAR2(4000 BYTE), 
	"C025" VARCHAR2(4000 BYTE), 
	"C026" VARCHAR2(4000 BYTE), 
	"C027" VARCHAR2(4000 BYTE), 
	"C028" VARCHAR2(4000 BYTE), 
	"C029" VARCHAR2(4000 BYTE), 
	"C030" VARCHAR2(4000 BYTE), 
	"C031" VARCHAR2(4000 BYTE), 
	"C032" VARCHAR2(4000 BYTE), 
	"C033" VARCHAR2(4000 BYTE), 
	"C034" VARCHAR2(4000 BYTE), 
	"C035" VARCHAR2(4000 BYTE), 
	"C036" VARCHAR2(4000 BYTE), 
	"C037" VARCHAR2(4000 BYTE), 
	"C038" VARCHAR2(4000 BYTE), 
	"C039" VARCHAR2(4000 BYTE), 
	"C040" VARCHAR2(4000 BYTE), 
	"C041" VARCHAR2(4000 BYTE), 
	"C042" VARCHAR2(4000 BYTE), 
	"C043" VARCHAR2(4000 BYTE), 
	"C044" VARCHAR2(4000 BYTE), 
	"C045" VARCHAR2(4000 BYTE), 
	"C046" VARCHAR2(4000 BYTE), 
	"C047" VARCHAR2(4000 BYTE), 
	"C048" VARCHAR2(4000 BYTE), 
	"C049" VARCHAR2(4000 BYTE), 
	"C050" VARCHAR2(4000 BYTE), 
	"N001" NUMBER, 
	"N002" NUMBER, 
	"N003" NUMBER, 
	"N004" NUMBER, 
	"N005" NUMBER, 
	"N006" NUMBER, 
	"N007" NUMBER, 
	"N008" NUMBER, 
	"N009" NUMBER, 
	"N010" NUMBER, 
	"N011" NUMBER, 
	"N012" NUMBER, 
	"N013" NUMBER, 
	"N014" NUMBER, 
	"N015" NUMBER, 
	"N016" NUMBER, 
	"N017" NUMBER, 
	"N018" NUMBER, 
	"N019" NUMBER, 
	"N020" NUMBER, 
	"N021" NUMBER, 
	"N022" NUMBER, 
	"N023" NUMBER, 
	"N024" NUMBER, 
	"N025" NUMBER, 
	"N026" NUMBER, 
	"N027" NUMBER, 
	"N028" NUMBER, 
	"N029" NUMBER, 
	"N030" NUMBER, 
	"N031" NUMBER, 
	"N032" NUMBER, 
	"N033" NUMBER, 
	"N034" NUMBER, 
	"N035" NUMBER, 
	"N036" NUMBER, 
	"N037" NUMBER, 
	"N038" NUMBER, 
	"N039" NUMBER, 
	"N040" NUMBER, 
	"N041" NUMBER, 
	"N042" NUMBER, 
	"N043" NUMBER, 
	"N044" NUMBER, 
	"N045" NUMBER, 
	"N046" NUMBER, 
	"N047" NUMBER, 
	"N048" NUMBER, 
	"N049" NUMBER, 
	"N050" NUMBER, 
	"D001" DATE, 
	"D002" DATE, 
	"D003" DATE, 
	"D004" DATE, 
	"D005" DATE, 
	"D006" DATE, 
	"D007" DATE, 
	"D008" DATE, 
	"D009" DATE, 
	"D010" DATE, 
	"D011" DATE, 
	"D012" DATE, 
	"D013" DATE, 
	"D014" DATE, 
	"D015" DATE, 
	"D016" DATE, 
	"D017" DATE, 
	"D018" DATE, 
	"D019" DATE, 
	"D020" DATE, 
	"D021" DATE, 
	"D022" DATE, 
	"D023" DATE, 
	"D024" DATE, 
	"D025" DATE, 
	"D026" DATE, 
	"D027" DATE, 
	"D028" DATE, 
	"D029" DATE, 
	"D030" DATE, 
	"D031" DATE, 
	"D032" DATE, 
	"D033" DATE, 
	"D034" DATE, 
	"D035" DATE, 
	"D036" DATE, 
	"D037" DATE, 
	"D038" DATE, 
	"D039" DATE, 
	"D040" DATE, 
	"D041" DATE, 
	"D042" DATE, 
	"D043" DATE, 
	"D044" DATE, 
	"D045" DATE, 
	"D046" DATE, 
	"D047" DATE, 
	"D048" DATE, 
	"D049" DATE, 
	"D050" DATE, 
	"CLOB001" CLOB, 
	"SEARCH_CLOB" CLOB
   ) SEGMENT CREATION IMMEDIATE 
  PCTFREE 10 PCTUSED 40 INITRANS 1 MAXTRANS 255 NOCOMPRESS LOGGING
  STORAGE(INITIAL 65536 NEXT 1048576 MINEXTENTS 1 MAXEXTENTS 2147483645
  PCTINCREASE 0 FREELISTS 1 FREELIST GROUPS 1 BUFFER_POOL DEFAULT FLASH_CACHE DEFAULT CELL_FLASH_CACHE DEFAULT)
  TABLESPACE "APEX_4627610787144683" 
 LOB ("CLOB001") STORE AS BASICFILE (
  TABLESPACE "APEX_4627610787144683" ENABLE STORAGE IN ROW CHUNK 8192 RETENTION 
  NOCACHE LOGGING 
  STORAGE(INITIAL 65536 NEXT 1048576 MINEXTENTS 1 MAXEXTENTS 2147483645
  PCTINCREASE 0 FREELISTS 1 FREELIST GROUPS 1 BUFFER_POOL DEFAULT FLASH_CACHE DEFAULT CELL_FLASH_CACHE DEFAULT)) 
 LOB ("SEARCH_CLOB") STORE AS BASICFILE (
  TABLESPACE "APEX_4627610787144683" ENABLE STORAGE IN ROW CHUNK 8192 RETENTION 
  NOCACHE LOGGING 
  STORAGE(INITIAL 65536 NEXT 1048576 MINEXTENTS 1 MAXEXTENTS 2147483645
  PCTINCREASE 0 FREELISTS 1 FREELIST GROUPS 1 BUFFER_POOL DEFAULT FLASH_CACHE DEFAULT CELL_FLASH_CACHE DEFAULT)) ;
--------------------------------------------------------
--  DDL for Table APEX$_WS_TAGS
--------------------------------------------------------

  CREATE TABLE "AAYUSH"."APEX$_WS_TAGS" 
   (	"ID" NUMBER, 
	"WS_APP_ID" NUMBER, 
	"DATA_GRID_ID" NUMBER, 
	"ROW_ID" NUMBER, 
	"WEBPAGE_ID" NUMBER, 
	"COMPONENT_LEVEL" VARCHAR2(30 BYTE), 
	"TAG" VARCHAR2(4000 BYTE), 
	"CREATED_ON" DATE, 
	"CREATED_BY" VARCHAR2(255 BYTE), 
	"UPDATED_ON" DATE, 
	"UPDATED_BY" VARCHAR2(255 BYTE)
   ) SEGMENT CREATION IMMEDIATE 
  PCTFREE 10 PCTUSED 40 INITRANS 1 MAXTRANS 255 NOCOMPRESS LOGGING
  STORAGE(INITIAL 65536 NEXT 1048576 MINEXTENTS 1 MAXEXTENTS 2147483645
  PCTINCREASE 0 FREELISTS 1 FREELIST GROUPS 1 BUFFER_POOL DEFAULT FLASH_CACHE DEFAULT CELL_FLASH_CACHE DEFAULT)
  TABLESPACE "APEX_4627610787144683" ;
--------------------------------------------------------
--  DDL for Table APEX$_WS_WEBPG_SECTIONS
--------------------------------------------------------

  CREATE TABLE "AAYUSH"."APEX$_WS_WEBPG_SECTIONS" 
   (	"ID" NUMBER, 
	"WS_APP_ID" NUMBER, 
	"WEBPAGE_ID" NUMBER, 
	"DISPLAY_SEQUENCE" NUMBER, 
	"SECTION_TYPE" VARCHAR2(30 BYTE), 
	"TITLE" VARCHAR2(4000 BYTE), 
	"CONTENT" CLOB, 
	"CONTENT_UPPER" CLOB, 
	"NAV_START_WEBPAGE_ID" NUMBER, 
	"NAV_MAX_LEVEL" NUMBER, 
	"NAV_ORDER_BY" VARCHAR2(255 BYTE), 
	"NAV_INCLUDE_LINK" VARCHAR2(1 BYTE), 
	"DATA_GRID_ID" NUMBER, 
	"REPORT_ID" NUMBER, 
	"DATA_SECTION_STYLE" NUMBER, 
	"SHOW_ADD_ROW" VARCHAR2(1 BYTE) DEFAULT 'N', 
	"SHOW_EDIT_ROW" VARCHAR2(1 BYTE) DEFAULT 'N', 
	"SHOW_SEARCH" VARCHAR2(1 BYTE) DEFAULT 'Y', 
	"MAX_ROW_COUNT" NUMBER, 
	"CHART_TYPE" VARCHAR2(255 BYTE), 
	"CHART_LABEL" VARCHAR2(255 BYTE), 
	"LABEL_AXIS_TITLE" VARCHAR2(255 BYTE), 
	"CHART_VALUE" VARCHAR2(255 BYTE), 
	"VALUE_AXIS_TITLE" VARCHAR2(255 BYTE), 
	"CHART_AGGREGATE" VARCHAR2(255 BYTE), 
	"CHART_SORTING" VARCHAR2(255 BYTE), 
	"CHART_ORIENTATION" VARCHAR2(10 BYTE), 
	"CHANGE_COUNT" NUMBER, 
	"CREATED_ON" DATE, 
	"CREATED_BY" VARCHAR2(255 BYTE), 
	"UPDATED_ON" DATE, 
	"UPDATED_BY" VARCHAR2(255 BYTE)
   ) SEGMENT CREATION IMMEDIATE 
  PCTFREE 10 PCTUSED 40 INITRANS 1 MAXTRANS 255 NOCOMPRESS LOGGING
  STORAGE(INITIAL 65536 NEXT 1048576 MINEXTENTS 1 MAXEXTENTS 2147483645
  PCTINCREASE 0 FREELISTS 1 FREELIST GROUPS 1 BUFFER_POOL DEFAULT FLASH_CACHE DEFAULT CELL_FLASH_CACHE DEFAULT)
  TABLESPACE "APEX_4627610787144683" 
 LOB ("CONTENT") STORE AS BASICFILE (
  TABLESPACE "APEX_4627610787144683" ENABLE STORAGE IN ROW CHUNK 8192 RETENTION 
  NOCACHE LOGGING 
  STORAGE(INITIAL 65536 NEXT 1048576 MINEXTENTS 1 MAXEXTENTS 2147483645
  PCTINCREASE 0 FREELISTS 1 FREELIST GROUPS 1 BUFFER_POOL DEFAULT FLASH_CACHE DEFAULT CELL_FLASH_CACHE DEFAULT)) 
 LOB ("CONTENT_UPPER") STORE AS BASICFILE (
  TABLESPACE "APEX_4627610787144683" ENABLE STORAGE IN ROW CHUNK 8192 RETENTION 
  NOCACHE LOGGING 
  STORAGE(INITIAL 65536 NEXT 1048576 MINEXTENTS 1 MAXEXTENTS 2147483645
  PCTINCREASE 0 FREELISTS 1 FREELIST GROUPS 1 BUFFER_POOL DEFAULT FLASH_CACHE DEFAULT CELL_FLASH_CACHE DEFAULT)) ;
--------------------------------------------------------
--  DDL for Table APEX$_WS_WEBPG_SECTION_HISTORY
--------------------------------------------------------

  CREATE TABLE "AAYUSH"."APEX$_WS_WEBPG_SECTION_HISTORY" 
   (	"SECTION_ID" NUMBER, 
	"WS_APP_ID" NUMBER, 
	"WEBPAGE_ID" NUMBER, 
	"OLD_DISPLAY_SEQUENCE" NUMBER, 
	"NEW_DISPLAY_SEQUENCE" NUMBER, 
	"OLD_TITLE" VARCHAR2(4000 BYTE), 
	"NEW_TITLE" VARCHAR2(4000 BYTE), 
	"OLD_CONTENT" CLOB, 
	"NEW_CONTENT" CLOB, 
	"APPLICATION_USER_ID" VARCHAR2(255 BYTE), 
	"CHANGE_DATE" DATE
   ) SEGMENT CREATION IMMEDIATE 
  PCTFREE 10 PCTUSED 40 INITRANS 1 MAXTRANS 255 NOCOMPRESS LOGGING
  STORAGE(INITIAL 65536 NEXT 1048576 MINEXTENTS 1 MAXEXTENTS 2147483645
  PCTINCREASE 0 FREELISTS 1 FREELIST GROUPS 1 BUFFER_POOL DEFAULT FLASH_CACHE DEFAULT CELL_FLASH_CACHE DEFAULT)
  TABLESPACE "APEX_4627610787144683" 
 LOB ("OLD_CONTENT") STORE AS BASICFILE (
  TABLESPACE "APEX_4627610787144683" ENABLE STORAGE IN ROW CHUNK 8192 RETENTION 
  NOCACHE LOGGING 
  STORAGE(INITIAL 65536 NEXT 1048576 MINEXTENTS 1 MAXEXTENTS 2147483645
  PCTINCREASE 0 FREELISTS 1 FREELIST GROUPS 1 BUFFER_POOL DEFAULT FLASH_CACHE DEFAULT CELL_FLASH_CACHE DEFAULT)) 
 LOB ("NEW_CONTENT") STORE AS BASICFILE (
  TABLESPACE "APEX_4627610787144683" ENABLE STORAGE IN ROW CHUNK 8192 RETENTION 
  NOCACHE LOGGING 
  STORAGE(INITIAL 65536 NEXT 1048576 MINEXTENTS 1 MAXEXTENTS 2147483645
  PCTINCREASE 0 FREELISTS 1 FREELIST GROUPS 1 BUFFER_POOL DEFAULT FLASH_CACHE DEFAULT CELL_FLASH_CACHE DEFAULT)) ;
--------------------------------------------------------
--  DDL for Table AUDIT_PRODUCT
--------------------------------------------------------

  CREATE TABLE "AAYUSH"."AUDIT_PRODUCT" 
   (	"PRODUCT_ID" NUMBER(*,0), 
	"PRODUCT_NAME" VARCHAR2(255 BYTE), 
	"DESCRIPTION" VARCHAR2(255 BYTE), 
	"STOCK_LEFT" NUMBER(*,0), 
	"PRODUCT_PRICE" NUMBER(*,0), 
	"MIN_ORDER" NUMBER(*,0), 
	"MAX_ORDER" NUMBER(*,0), 
	"ALLERGY" VARCHAR2(255 BYTE), 
	"PRODUCT_IMAGE" VARCHAR2(255 BYTE), 
	"AUDIT_USER" VARCHAR2(50 BYTE), 
	"AUDIT_DATE" DATE, 
	"AUDIT_ACTION" VARCHAR2(6 BYTE), 
	"UPDATE_STOCK" NUMBER(1,0)
   ) SEGMENT CREATION IMMEDIATE 
  PCTFREE 10 PCTUSED 40 INITRANS 1 MAXTRANS 255 NOCOMPRESS LOGGING
  STORAGE(INITIAL 65536 NEXT 1048576 MINEXTENTS 1 MAXEXTENTS 2147483645
  PCTINCREASE 0 FREELISTS 1 FREELIST GROUPS 1 BUFFER_POOL DEFAULT FLASH_CACHE DEFAULT CELL_FLASH_CACHE DEFAULT)
  TABLESPACE "APEX_4627610787144683" ;
--------------------------------------------------------
--  DDL for Table CART
--------------------------------------------------------

  CREATE TABLE "AAYUSH"."CART" 
   (	"CART_ID" NUMBER(*,0), 
	"FK2_USER_ID" NUMBER(*,0)
   ) SEGMENT CREATION IMMEDIATE 
  PCTFREE 10 PCTUSED 40 INITRANS 1 MAXTRANS 255 NOCOMPRESS LOGGING
  STORAGE(INITIAL 65536 NEXT 1048576 MINEXTENTS 1 MAXEXTENTS 2147483645
  PCTINCREASE 0 FREELISTS 1 FREELIST GROUPS 1 BUFFER_POOL DEFAULT FLASH_CACHE DEFAULT CELL_FLASH_CACHE DEFAULT)
  TABLESPACE "APEX_4627610787144683" ;
--------------------------------------------------------
--  DDL for Table COLLECTION_SLOT
--------------------------------------------------------

  CREATE TABLE "AAYUSH"."COLLECTION_SLOT" 
   (	"SLOT_ID" NUMBER(*,0), 
	"SLOT_DAY" VARCHAR2(20 BYTE), 
	"SLOT_TIME" TIMESTAMP (8), 
	"SLOT_END_TIME" TIMESTAMP (8)
   ) SEGMENT CREATION IMMEDIATE 
  PCTFREE 10 PCTUSED 40 INITRANS 1 MAXTRANS 255 NOCOMPRESS LOGGING
  STORAGE(INITIAL 65536 NEXT 1048576 MINEXTENTS 1 MAXEXTENTS 2147483645
  PCTINCREASE 0 FREELISTS 1 FREELIST GROUPS 1 BUFFER_POOL DEFAULT FLASH_CACHE DEFAULT CELL_FLASH_CACHE DEFAULT)
  TABLESPACE "APEX_4627610787144683" ;
--------------------------------------------------------
--  DDL for Table DEMO_CONSTRAINT_LOOKUP
--------------------------------------------------------

  CREATE TABLE "AAYUSH"."DEMO_CONSTRAINT_LOOKUP" 
   (	"CONSTRAINT_NAME" VARCHAR2(30 BYTE), 
	"MESSAGE" VARCHAR2(4000 BYTE)
   ) SEGMENT CREATION IMMEDIATE 
  PCTFREE 10 PCTUSED 40 INITRANS 1 MAXTRANS 255 NOCOMPRESS LOGGING
  STORAGE(INITIAL 65536 NEXT 1048576 MINEXTENTS 1 MAXEXTENTS 2147483645
  PCTINCREASE 0 FREELISTS 1 FREELIST GROUPS 1 BUFFER_POOL DEFAULT FLASH_CACHE DEFAULT CELL_FLASH_CACHE DEFAULT)
  TABLESPACE "APEX_4627610787144683" ;
--------------------------------------------------------
--  DDL for Table DEMO_CUSTOMERS
--------------------------------------------------------

  CREATE TABLE "AAYUSH"."DEMO_CUSTOMERS" 
   (	"CUSTOMER_ID" NUMBER, 
	"CUST_FIRST_NAME" VARCHAR2(20 BYTE), 
	"CUST_LAST_NAME" VARCHAR2(20 BYTE), 
	"CUST_STREET_ADDRESS1" VARCHAR2(60 BYTE), 
	"CUST_STREET_ADDRESS2" VARCHAR2(60 BYTE), 
	"CUST_CITY" VARCHAR2(30 BYTE), 
	"CUST_STATE" VARCHAR2(2 BYTE), 
	"CUST_POSTAL_CODE" VARCHAR2(10 BYTE), 
	"CUST_EMAIL" VARCHAR2(30 BYTE), 
	"PHONE_NUMBER1" VARCHAR2(25 BYTE), 
	"PHONE_NUMBER2" VARCHAR2(25 BYTE), 
	"URL" VARCHAR2(100 BYTE), 
	"CREDIT_LIMIT" NUMBER(9,2), 
	"TAGS" VARCHAR2(4000 BYTE)
   ) SEGMENT CREATION IMMEDIATE 
  PCTFREE 10 PCTUSED 40 INITRANS 1 MAXTRANS 255 NOCOMPRESS LOGGING
  STORAGE(INITIAL 65536 NEXT 1048576 MINEXTENTS 1 MAXEXTENTS 2147483645
  PCTINCREASE 0 FREELISTS 1 FREELIST GROUPS 1 BUFFER_POOL DEFAULT FLASH_CACHE DEFAULT CELL_FLASH_CACHE DEFAULT)
  TABLESPACE "APEX_4627610787144683" ;
--------------------------------------------------------
--  DDL for Table DEMO_ORDERS
--------------------------------------------------------

  CREATE TABLE "AAYUSH"."DEMO_ORDERS" 
   (	"ORDER_ID" NUMBER, 
	"CUSTOMER_ID" NUMBER, 
	"ORDER_TOTAL" NUMBER(8,2), 
	"ORDER_TIMESTAMP" TIMESTAMP (6) WITH LOCAL TIME ZONE, 
	"USER_NAME" VARCHAR2(100 BYTE), 
	"TAGS" VARCHAR2(4000 BYTE)
   ) SEGMENT CREATION IMMEDIATE 
  PCTFREE 10 PCTUSED 40 INITRANS 1 MAXTRANS 255 NOCOMPRESS LOGGING
  STORAGE(INITIAL 65536 NEXT 1048576 MINEXTENTS 1 MAXEXTENTS 2147483645
  PCTINCREASE 0 FREELISTS 1 FREELIST GROUPS 1 BUFFER_POOL DEFAULT FLASH_CACHE DEFAULT CELL_FLASH_CACHE DEFAULT)
  TABLESPACE "APEX_4627610787144683" ;
--------------------------------------------------------
--  DDL for Table DEMO_ORDER_ITEMS
--------------------------------------------------------

  CREATE TABLE "AAYUSH"."DEMO_ORDER_ITEMS" 
   (	"ORDER_ITEM_ID" NUMBER(3,0), 
	"ORDER_ID" NUMBER, 
	"PRODUCT_ID" NUMBER, 
	"UNIT_PRICE" NUMBER(8,2), 
	"QUANTITY" NUMBER(8,0)
   ) SEGMENT CREATION IMMEDIATE 
  PCTFREE 10 PCTUSED 40 INITRANS 1 MAXTRANS 255 NOCOMPRESS LOGGING
  STORAGE(INITIAL 65536 NEXT 1048576 MINEXTENTS 1 MAXEXTENTS 2147483645
  PCTINCREASE 0 FREELISTS 1 FREELIST GROUPS 1 BUFFER_POOL DEFAULT FLASH_CACHE DEFAULT CELL_FLASH_CACHE DEFAULT)
  TABLESPACE "APEX_4627610787144683" ;
--------------------------------------------------------
--  DDL for Table DEMO_PRODUCT_INFO
--------------------------------------------------------

  CREATE TABLE "AAYUSH"."DEMO_PRODUCT_INFO" 
   (	"PRODUCT_ID" NUMBER, 
	"PRODUCT_NAME" VARCHAR2(50 BYTE), 
	"PRODUCT_DESCRIPTION" VARCHAR2(2000 BYTE), 
	"CATEGORY" VARCHAR2(30 BYTE), 
	"PRODUCT_AVAIL" VARCHAR2(1 BYTE), 
	"LIST_PRICE" NUMBER(8,2), 
	"PRODUCT_IMAGE" BLOB, 
	"MIMETYPE" VARCHAR2(255 BYTE), 
	"FILENAME" VARCHAR2(400 BYTE), 
	"IMAGE_LAST_UPDATE" TIMESTAMP (6) WITH LOCAL TIME ZONE, 
	"TAGS" VARCHAR2(4000 BYTE)
   ) SEGMENT CREATION IMMEDIATE 
  PCTFREE 10 PCTUSED 40 INITRANS 1 MAXTRANS 255 NOCOMPRESS LOGGING
  STORAGE(INITIAL 65536 NEXT 1048576 MINEXTENTS 1 MAXEXTENTS 2147483645
  PCTINCREASE 0 FREELISTS 1 FREELIST GROUPS 1 BUFFER_POOL DEFAULT FLASH_CACHE DEFAULT CELL_FLASH_CACHE DEFAULT)
  TABLESPACE "APEX_4627610787144683" 
 LOB ("PRODUCT_IMAGE") STORE AS BASICFILE (
  TABLESPACE "APEX_4627610787144683" ENABLE STORAGE IN ROW CHUNK 8192 RETENTION 
  NOCACHE LOGGING 
  STORAGE(INITIAL 65536 NEXT 1048576 MINEXTENTS 1 MAXEXTENTS 2147483645
  PCTINCREASE 0 FREELISTS 1 FREELIST GROUPS 1 BUFFER_POOL DEFAULT FLASH_CACHE DEFAULT CELL_FLASH_CACHE DEFAULT)) ;
--------------------------------------------------------
--  DDL for Table DEMO_STATES
--------------------------------------------------------

  CREATE TABLE "AAYUSH"."DEMO_STATES" 
   (	"ST" VARCHAR2(30 BYTE), 
	"STATE_NAME" VARCHAR2(30 BYTE)
   ) SEGMENT CREATION IMMEDIATE 
  PCTFREE 10 PCTUSED 40 INITRANS 1 MAXTRANS 255 NOCOMPRESS LOGGING
  STORAGE(INITIAL 65536 NEXT 1048576 MINEXTENTS 1 MAXEXTENTS 2147483645
  PCTINCREASE 0 FREELISTS 1 FREELIST GROUPS 1 BUFFER_POOL DEFAULT FLASH_CACHE DEFAULT CELL_FLASH_CACHE DEFAULT)
  TABLESPACE "APEX_4627610787144683" ;
--------------------------------------------------------
--  DDL for Table DEMO_TAGS
--------------------------------------------------------

  CREATE TABLE "AAYUSH"."DEMO_TAGS" 
   (	"ID" NUMBER, 
	"TAG" VARCHAR2(255 BYTE), 
	"CONTENT_ID" NUMBER, 
	"CONTENT_TYPE" VARCHAR2(30 BYTE), 
	"CREATED" TIMESTAMP (6) WITH LOCAL TIME ZONE, 
	"CREATED_BY" VARCHAR2(255 BYTE), 
	"UPDATED" TIMESTAMP (6) WITH LOCAL TIME ZONE, 
	"UPDATED_BY" VARCHAR2(255 BYTE)
   ) SEGMENT CREATION IMMEDIATE 
  PCTFREE 10 PCTUSED 40 INITRANS 1 MAXTRANS 255 NOCOMPRESS LOGGING
  STORAGE(INITIAL 65536 NEXT 1048576 MINEXTENTS 1 MAXEXTENTS 2147483645
  PCTINCREASE 0 FREELISTS 1 FREELIST GROUPS 1 BUFFER_POOL DEFAULT FLASH_CACHE DEFAULT CELL_FLASH_CACHE DEFAULT)
  TABLESPACE "APEX_4627610787144683" ;
--------------------------------------------------------
--  DDL for Table DEMO_TAGS_SUM
--------------------------------------------------------

  CREATE TABLE "AAYUSH"."DEMO_TAGS_SUM" 
   (	"TAG" VARCHAR2(255 BYTE), 
	"TAG_COUNT" NUMBER
   ) SEGMENT CREATION IMMEDIATE 
  PCTFREE 10 PCTUSED 40 INITRANS 1 MAXTRANS 255 NOCOMPRESS LOGGING
  STORAGE(INITIAL 65536 NEXT 1048576 MINEXTENTS 1 MAXEXTENTS 2147483645
  PCTINCREASE 0 FREELISTS 1 FREELIST GROUPS 1 BUFFER_POOL DEFAULT FLASH_CACHE DEFAULT CELL_FLASH_CACHE DEFAULT)
  TABLESPACE "APEX_4627610787144683" ;
--------------------------------------------------------
--  DDL for Table DEMO_TAGS_TYPE_SUM
--------------------------------------------------------

  CREATE TABLE "AAYUSH"."DEMO_TAGS_TYPE_SUM" 
   (	"TAG" VARCHAR2(255 BYTE), 
	"CONTENT_TYPE" VARCHAR2(30 BYTE), 
	"TAG_COUNT" NUMBER
   ) SEGMENT CREATION IMMEDIATE 
  PCTFREE 10 PCTUSED 40 INITRANS 1 MAXTRANS 255 NOCOMPRESS LOGGING
  STORAGE(INITIAL 65536 NEXT 1048576 MINEXTENTS 1 MAXEXTENTS 2147483645
  PCTINCREASE 0 FREELISTS 1 FREELIST GROUPS 1 BUFFER_POOL DEFAULT FLASH_CACHE DEFAULT CELL_FLASH_CACHE DEFAULT)
  TABLESPACE "APEX_4627610787144683" ;
--------------------------------------------------------
--  DDL for Table DEPT
--------------------------------------------------------

  CREATE TABLE "AAYUSH"."DEPT" 
   (	"DEPTNO" NUMBER(2,0), 
	"DNAME" VARCHAR2(14 BYTE), 
	"LOC" VARCHAR2(13 BYTE)
   ) SEGMENT CREATION IMMEDIATE 
  PCTFREE 10 PCTUSED 40 INITRANS 1 MAXTRANS 255 NOCOMPRESS LOGGING
  STORAGE(INITIAL 65536 NEXT 1048576 MINEXTENTS 1 MAXEXTENTS 2147483645
  PCTINCREASE 0 FREELISTS 1 FREELIST GROUPS 1 BUFFER_POOL DEFAULT FLASH_CACHE DEFAULT CELL_FLASH_CACHE DEFAULT)
  TABLESPACE "APEX_4627610787144683" ;
--------------------------------------------------------
--  DDL for Table DISCOUNT
--------------------------------------------------------

  CREATE TABLE "AAYUSH"."DISCOUNT" 
   (	"DISCOUNT_ID" NUMBER(*,0), 
	"START_DATE" DATE, 
	"END_DATE" DATE, 
	"DISCOUNT_AMOUNT" NUMBER(*,0)
   ) SEGMENT CREATION IMMEDIATE 
  PCTFREE 10 PCTUSED 40 INITRANS 1 MAXTRANS 255 NOCOMPRESS LOGGING
  STORAGE(INITIAL 65536 NEXT 1048576 MINEXTENTS 1 MAXEXTENTS 2147483645
  PCTINCREASE 0 FREELISTS 1 FREELIST GROUPS 1 BUFFER_POOL DEFAULT FLASH_CACHE DEFAULT CELL_FLASH_CACHE DEFAULT)
  TABLESPACE "APEX_4627610787144683" ;
--------------------------------------------------------
--  DDL for Table EMP
--------------------------------------------------------

  CREATE TABLE "AAYUSH"."EMP" 
   (	"EMPNO" NUMBER(4,0), 
	"ENAME" VARCHAR2(10 BYTE), 
	"JOB" VARCHAR2(9 BYTE), 
	"MGR" NUMBER(4,0), 
	"HIREDATE" DATE, 
	"SAL" NUMBER(7,2), 
	"COMM" NUMBER(7,2), 
	"DEPTNO" NUMBER(2,0)
   ) SEGMENT CREATION IMMEDIATE 
  PCTFREE 10 PCTUSED 40 INITRANS 1 MAXTRANS 255 NOCOMPRESS LOGGING
  STORAGE(INITIAL 65536 NEXT 1048576 MINEXTENTS 1 MAXEXTENTS 2147483645
  PCTINCREASE 0 FREELISTS 1 FREELIST GROUPS 1 BUFFER_POOL DEFAULT FLASH_CACHE DEFAULT CELL_FLASH_CACHE DEFAULT)
  TABLESPACE "APEX_4627610787144683" ;
--------------------------------------------------------
--  DDL for Table HTMLDB_PLAN_TABLE
--------------------------------------------------------

  CREATE TABLE "AAYUSH"."HTMLDB_PLAN_TABLE" 
   (	"STATEMENT_ID" VARCHAR2(30 BYTE), 
	"PLAN_ID" NUMBER, 
	"TIMESTAMP" DATE, 
	"REMARKS" VARCHAR2(4000 BYTE), 
	"OPERATION" VARCHAR2(30 BYTE), 
	"OPTIONS" VARCHAR2(255 BYTE), 
	"OBJECT_NODE" VARCHAR2(128 BYTE), 
	"OBJECT_OWNER" VARCHAR2(128 BYTE), 
	"OBJECT_NAME" VARCHAR2(128 BYTE), 
	"OBJECT_ALIAS" VARCHAR2(261 BYTE), 
	"OBJECT_INSTANCE" NUMBER(*,0), 
	"OBJECT_TYPE" VARCHAR2(128 BYTE), 
	"OPTIMIZER" VARCHAR2(255 BYTE), 
	"SEARCH_COLUMNS" NUMBER, 
	"ID" NUMBER(*,0), 
	"PARENT_ID" NUMBER(*,0), 
	"DEPTH" NUMBER(*,0), 
	"POSITION" NUMBER(*,0), 
	"COST" NUMBER(*,0), 
	"CARDINALITY" NUMBER(*,0), 
	"BYTES" NUMBER(*,0), 
	"OTHER_TAG" VARCHAR2(255 BYTE), 
	"PARTITION_START" VARCHAR2(255 BYTE), 
	"PARTITION_STOP" VARCHAR2(255 BYTE), 
	"PARTITION_ID" NUMBER(*,0), 
	"OTHER" LONG, 
	"DISTRIBUTION" VARCHAR2(30 BYTE), 
	"CPU_COST" NUMBER(*,0), 
	"IO_COST" NUMBER(*,0), 
	"TEMP_SPACE" NUMBER(*,0), 
	"ACCESS_PREDICATES" VARCHAR2(4000 BYTE), 
	"FILTER_PREDICATES" VARCHAR2(4000 BYTE), 
	"PROJECTION" VARCHAR2(4000 BYTE), 
	"TIME" NUMBER(*,0), 
	"QBLOCK_NAME" VARCHAR2(128 BYTE)
   ) SEGMENT CREATION IMMEDIATE 
  PCTFREE 10 PCTUSED 40 INITRANS 1 MAXTRANS 255 NOCOMPRESS LOGGING
  STORAGE(INITIAL 65536 NEXT 1048576 MINEXTENTS 1 MAXEXTENTS 2147483645
  PCTINCREASE 0 FREELISTS 1 FREELIST GROUPS 1 BUFFER_POOL DEFAULT FLASH_CACHE DEFAULT CELL_FLASH_CACHE DEFAULT)
  TABLESPACE "APEX_4627610787144683" ;
--------------------------------------------------------
--  DDL for Table ME
--------------------------------------------------------

  CREATE TABLE "AAYUSH"."ME" 
   (	"ME_ID" NUMBER(*,0)
   ) SEGMENT CREATION IMMEDIATE 
  PCTFREE 10 PCTUSED 40 INITRANS 1 MAXTRANS 255 NOCOMPRESS LOGGING
  STORAGE(INITIAL 65536 NEXT 1048576 MINEXTENTS 1 MAXEXTENTS 2147483645
  PCTINCREASE 0 FREELISTS 1 FREELIST GROUPS 1 BUFFER_POOL DEFAULT FLASH_CACHE DEFAULT CELL_FLASH_CACHE DEFAULT)
  TABLESPACE "APEX_4627610787144683" ;
--------------------------------------------------------
--  DDL for Table ORDERED_PRODUCT
--------------------------------------------------------

  CREATE TABLE "AAYUSH"."ORDERED_PRODUCT" 
   (	"ORDERED_PRODUCT_ID" NUMBER(*,0), 
	"FK1_PRODUCT_ID" NUMBER(*,0), 
	"FK2_ORDER_ID" NUMBER(*,0)
   ) SEGMENT CREATION IMMEDIATE 
  PCTFREE 10 PCTUSED 40 INITRANS 1 MAXTRANS 255 NOCOMPRESS LOGGING
  STORAGE(INITIAL 65536 NEXT 1048576 MINEXTENTS 1 MAXEXTENTS 2147483645
  PCTINCREASE 0 FREELISTS 1 FREELIST GROUPS 1 BUFFER_POOL DEFAULT FLASH_CACHE DEFAULT CELL_FLASH_CACHE DEFAULT)
  TABLESPACE "APEX_4627610787144683" ;
--------------------------------------------------------
--  DDL for Table ORDERS
--------------------------------------------------------

  CREATE TABLE "AAYUSH"."ORDERS" 
   (	"ORDER_ID" NUMBER(*,0), 
	"ORDER_AMOUNT" NUMBER(*,0), 
	"ORDER_DATE" DATE, 
	"ORDER_TIME" TIMESTAMP (6), 
	"FK1_SLOT_ID" NUMBER(*,0), 
	"FK2_USER_ID" NUMBER(*,0)
   ) SEGMENT CREATION IMMEDIATE 
  PCTFREE 10 PCTUSED 40 INITRANS 1 MAXTRANS 255 NOCOMPRESS LOGGING
  STORAGE(INITIAL 65536 NEXT 1048576 MINEXTENTS 1 MAXEXTENTS 2147483645
  PCTINCREASE 0 FREELISTS 1 FREELIST GROUPS 1 BUFFER_POOL DEFAULT FLASH_CACHE DEFAULT CELL_FLASH_CACHE DEFAULT)
  TABLESPACE "APEX_4627610787144683" ;
--------------------------------------------------------
--  DDL for Table PAYMENT
--------------------------------------------------------

  CREATE TABLE "AAYUSH"."PAYMENT" 
   (	"PAYMENT_ID" NUMBER(*,0), 
	"TOTAL_PAYMENT" NUMBER(*,0), 
	"PAYMENT_DATE" DATE, 
	"PAYMENT_TIME" TIMESTAMP (8), 
	"FK1_ORDER_ID" NUMBER(*,0), 
	"FK2_USER_ID" NUMBER(*,0)
   ) SEGMENT CREATION IMMEDIATE 
  PCTFREE 10 PCTUSED 40 INITRANS 1 MAXTRANS 255 NOCOMPRESS LOGGING
  STORAGE(INITIAL 65536 NEXT 1048576 MINEXTENTS 1 MAXEXTENTS 2147483645
  PCTINCREASE 0 FREELISTS 1 FREELIST GROUPS 1 BUFFER_POOL DEFAULT FLASH_CACHE DEFAULT CELL_FLASH_CACHE DEFAULT)
  TABLESPACE "APEX_4627610787144683" ;
--------------------------------------------------------
--  DDL for Table PRODUCT
--------------------------------------------------------

  CREATE TABLE "AAYUSH"."PRODUCT" 
   (	"PRODUCT_ID" NUMBER(*,0), 
	"PRODUCT_NAME" VARCHAR2(200 BYTE), 
	"DESCRIPTION" VARCHAR2(200 BYTE), 
	"STOCK_LEFT" NUMBER(*,0), 
	"PRODUCT_PRICE" NUMBER(*,0), 
	"MIN_ORDER" NUMBER(*,0), 
	"MAX_ORDER" NUMBER(*,0), 
	"ALLERGY" VARCHAR2(200 BYTE), 
	"FK1_DISCOUNT_ID" NUMBER(*,0), 
	"FK2_SHOP_ID" NUMBER(*,0), 
	"STATUS" NUMBER(1,0)
   ) SEGMENT CREATION IMMEDIATE 
  PCTFREE 10 PCTUSED 40 INITRANS 1 MAXTRANS 255 NOCOMPRESS LOGGING
  STORAGE(INITIAL 65536 NEXT 1048576 MINEXTENTS 1 MAXEXTENTS 2147483645
  PCTINCREASE 0 FREELISTS 1 FREELIST GROUPS 1 BUFFER_POOL DEFAULT FLASH_CACHE DEFAULT CELL_FLASH_CACHE DEFAULT)
  TABLESPACE "APEX_4627610787144683" ;
--------------------------------------------------------
--  DDL for Table PRODUCT_CART
--------------------------------------------------------

  CREATE TABLE "AAYUSH"."PRODUCT_CART" 
   (	"PRODUCT_CART_ID" NUMBER(*,0), 
	"FK1_PRODUCT_ID" NUMBER(*,0), 
	"FK2_CART_ID" NUMBER(*,0)
   ) SEGMENT CREATION IMMEDIATE 
  PCTFREE 10 PCTUSED 40 INITRANS 1 MAXTRANS 255 NOCOMPRESS LOGGING
  STORAGE(INITIAL 65536 NEXT 1048576 MINEXTENTS 1 MAXEXTENTS 2147483645
  PCTINCREASE 0 FREELISTS 1 FREELIST GROUPS 1 BUFFER_POOL DEFAULT FLASH_CACHE DEFAULT CELL_FLASH_CACHE DEFAULT)
  TABLESPACE "APEX_4627610787144683" ;
--------------------------------------------------------
--  DDL for Table PRODUCT_CATEGORY
--------------------------------------------------------

  CREATE TABLE "AAYUSH"."PRODUCT_CATEGORY" 
   (	"CATEGORY_ID" NUMBER(*,0), 
	"DESCRIPTION" VARCHAR2(200 BYTE), 
	"FK1_PRODUCT_ID" NUMBER(*,0)
   ) SEGMENT CREATION IMMEDIATE 
  PCTFREE 10 PCTUSED 40 INITRANS 1 MAXTRANS 255 NOCOMPRESS LOGGING
  STORAGE(INITIAL 65536 NEXT 1048576 MINEXTENTS 1 MAXEXTENTS 2147483645
  PCTINCREASE 0 FREELISTS 1 FREELIST GROUPS 1 BUFFER_POOL DEFAULT FLASH_CACHE DEFAULT CELL_FLASH_CACHE DEFAULT)
  TABLESPACE "APEX_4627610787144683" ;
--------------------------------------------------------
--  DDL for Table PRODUCT_IMAGE
--------------------------------------------------------

  CREATE TABLE "AAYUSH"."PRODUCT_IMAGE" 
   (	"IMAGE_ID" NUMBER(*,0), 
	"IMAGE" VARCHAR2(200 BYTE), 
	"FK1_PRODUCT_ID" NUMBER(*,0)
   ) SEGMENT CREATION IMMEDIATE 
  PCTFREE 10 PCTUSED 40 INITRANS 1 MAXTRANS 255 NOCOMPRESS LOGGING
  STORAGE(INITIAL 65536 NEXT 1048576 MINEXTENTS 1 MAXEXTENTS 2147483645
  PCTINCREASE 0 FREELISTS 1 FREELIST GROUPS 1 BUFFER_POOL DEFAULT FLASH_CACHE DEFAULT CELL_FLASH_CACHE DEFAULT)
  TABLESPACE "APEX_4627610787144683" ;
--------------------------------------------------------
--  DDL for Table PRODUCT_WISHLIST
--------------------------------------------------------

  CREATE TABLE "AAYUSH"."PRODUCT_WISHLIST" 
   (	"PRODUCT_WISHLIST_ID" NUMBER(*,0), 
	"FK1_PRODUCT_ID" NUMBER(*,0), 
	"FK2_WISHLIST_ID" NUMBER(*,0)
   ) SEGMENT CREATION IMMEDIATE 
  PCTFREE 10 PCTUSED 40 INITRANS 1 MAXTRANS 255 NOCOMPRESS LOGGING
  STORAGE(INITIAL 65536 NEXT 1048576 MINEXTENTS 1 MAXEXTENTS 2147483645
  PCTINCREASE 0 FREELISTS 1 FREELIST GROUPS 1 BUFFER_POOL DEFAULT FLASH_CACHE DEFAULT CELL_FLASH_CACHE DEFAULT)
  TABLESPACE "APEX_4627610787144683" ;
--------------------------------------------------------
--  DDL for Table REVIEW
--------------------------------------------------------

  CREATE TABLE "AAYUSH"."REVIEW" 
   (	"REVIEW_ID" NUMBER(*,0), 
	"REVIEWS" VARCHAR2(200 BYTE), 
	"RATING" NUMBER(*,0), 
	"FK1_PRODUCT_ID" NUMBER(*,0), 
	"FK2_USER_ID" NUMBER(*,0)
   ) SEGMENT CREATION IMMEDIATE 
  PCTFREE 10 PCTUSED 40 INITRANS 1 MAXTRANS 255 NOCOMPRESS LOGGING
  STORAGE(INITIAL 65536 NEXT 1048576 MINEXTENTS 1 MAXEXTENTS 2147483645
  PCTINCREASE 0 FREELISTS 1 FREELIST GROUPS 1 BUFFER_POOL DEFAULT FLASH_CACHE DEFAULT CELL_FLASH_CACHE DEFAULT)
  TABLESPACE "APEX_4627610787144683" ;
--------------------------------------------------------
--  DDL for Table SHOP
--------------------------------------------------------

  CREATE TABLE "AAYUSH"."SHOP" 
   (	"SHOP_ID" NUMBER(*,0), 
	"SHOP_NAME" VARCHAR2(200 BYTE), 
	"DESCRIPTION" VARCHAR2(200 BYTE), 
	"SHOP_LOCATION" VARCHAR2(200 BYTE), 
	"SHOP_LOGO" VARCHAR2(200 BYTE), 
	"VERIFICATION" NUMBER(1,0)
   ) SEGMENT CREATION IMMEDIATE 
  PCTFREE 10 PCTUSED 40 INITRANS 1 MAXTRANS 255 NOCOMPRESS LOGGING
  STORAGE(INITIAL 65536 NEXT 1048576 MINEXTENTS 1 MAXEXTENTS 2147483645
  PCTINCREASE 0 FREELISTS 1 FREELIST GROUPS 1 BUFFER_POOL DEFAULT FLASH_CACHE DEFAULT CELL_FLASH_CACHE DEFAULT)
  TABLESPACE "APEX_4627610787144683" ;
--------------------------------------------------------
--  DDL for Table USERS
--------------------------------------------------------

  CREATE TABLE "AAYUSH"."USERS" 
   (	"USER_ID" NUMBER(*,0), 
	"FIRST_NAME" VARCHAR2(200 BYTE), 
	"PHN_NO" NUMBER(*,0), 
	"EMAIL" VARCHAR2(255 BYTE), 
	"PASSWORD" VARCHAR2(200 BYTE), 
	"LAST_NAME" VARCHAR2(200 BYTE), 
	"ROLE" VARCHAR2(8 BYTE), 
	"DOB" DATE, 
	"FK1_SHOP_ID" NUMBER(*,0), 
	"FK2_DISCOUNT_ID" NUMBER(*,0), 
	"USER_IMAGE" VARCHAR2(200 BYTE), 
	"STATUS" NUMBER(1,0)
   ) SEGMENT CREATION IMMEDIATE 
  PCTFREE 10 PCTUSED 40 INITRANS 1 MAXTRANS 255 NOCOMPRESS LOGGING
  STORAGE(INITIAL 65536 NEXT 1048576 MINEXTENTS 1 MAXEXTENTS 2147483645
  PCTINCREASE 0 FREELISTS 1 FREELIST GROUPS 1 BUFFER_POOL DEFAULT FLASH_CACHE DEFAULT CELL_FLASH_CACHE DEFAULT)
  TABLESPACE "APEX_4627610787144683" ;
--------------------------------------------------------
--  DDL for Table WISHLIST
--------------------------------------------------------

  CREATE TABLE "AAYUSH"."WISHLIST" 
   (	"WISHLIST_ID" NUMBER(*,0), 
	"FK1_USER_ID" NUMBER(*,0)
   ) SEGMENT CREATION IMMEDIATE 
  PCTFREE 10 PCTUSED 40 INITRANS 1 MAXTRANS 255 NOCOMPRESS LOGGING
  STORAGE(INITIAL 65536 NEXT 1048576 MINEXTENTS 1 MAXEXTENTS 2147483645
  PCTINCREASE 0 FREELISTS 1 FREELIST GROUPS 1 BUFFER_POOL DEFAULT FLASH_CACHE DEFAULT CELL_FLASH_CACHE DEFAULT)
  TABLESPACE "APEX_4627610787144683" ;
REM INSERTING into AAYUSH.APEX$_ACL
SET DEFINE OFF;
REM INSERTING into AAYUSH.APEX$_WS_FILES
SET DEFINE OFF;
REM INSERTING into AAYUSH.APEX$_WS_HISTORY
SET DEFINE OFF;
REM INSERTING into AAYUSH.APEX$_WS_LINKS
SET DEFINE OFF;
REM INSERTING into AAYUSH.APEX$_WS_NOTES
SET DEFINE OFF;
REM INSERTING into AAYUSH.APEX$_WS_ROWS
SET DEFINE OFF;
REM INSERTING into AAYUSH.APEX$_WS_TAGS
SET DEFINE OFF;
REM INSERTING into AAYUSH.APEX$_WS_WEBPG_SECTIONS
SET DEFINE OFF;
REM INSERTING into AAYUSH.APEX$_WS_WEBPG_SECTION_HISTORY
SET DEFINE OFF;
REM INSERTING into AAYUSH.AUDIT_PRODUCT
SET DEFINE OFF;
Insert into AAYUSH.AUDIT_PRODUCT (PRODUCT_ID,PRODUCT_NAME,DESCRIPTION,STOCK_LEFT,PRODUCT_PRICE,MIN_ORDER,MAX_ORDER,ALLERGY,PRODUCT_IMAGE,AUDIT_USER,AUDIT_DATE,AUDIT_ACTION,UPDATE_STOCK) values (1,'aaayush','apple',-4,20,1,20,'sws',null,'ANONYMOUS',to_date('05-JUN-24','DD-MON-RR'),'UPDATE',1);
Insert into AAYUSH.AUDIT_PRODUCT (PRODUCT_ID,PRODUCT_NAME,DESCRIPTION,STOCK_LEFT,PRODUCT_PRICE,MIN_ORDER,MAX_ORDER,ALLERGY,PRODUCT_IMAGE,AUDIT_USER,AUDIT_DATE,AUDIT_ACTION,UPDATE_STOCK) values (3,'ram','adadad',12,200,1,4,'ad',null,'ANONYMOUS',to_date('05-JUN-24','DD-MON-RR'),'UPDATE',1);
Insert into AAYUSH.AUDIT_PRODUCT (PRODUCT_ID,PRODUCT_NAME,DESCRIPTION,STOCK_LEFT,PRODUCT_PRICE,MIN_ORDER,MAX_ORDER,ALLERGY,PRODUCT_IMAGE,AUDIT_USER,AUDIT_DATE,AUDIT_ACTION,UPDATE_STOCK) values (3,'Raw fillet steak','Most tender of all the steaks',200,5,1,4,'Contain high fat',null,'ANONYMOUS',to_date('05-JUN-24','DD-MON-RR'),'UPDATE',0);
Insert into AAYUSH.AUDIT_PRODUCT (PRODUCT_ID,PRODUCT_NAME,DESCRIPTION,STOCK_LEFT,PRODUCT_PRICE,MIN_ORDER,MAX_ORDER,ALLERGY,PRODUCT_IMAGE,AUDIT_USER,AUDIT_DATE,AUDIT_ACTION,UPDATE_STOCK) values (124,'Wagyu','Wagyu refers to all Japanese beef cattle',200,40,1,10,'It contains casein',null,'AAYUSH',to_date('05-JUN-24','DD-MON-RR'),'INSERT',0);
Insert into AAYUSH.AUDIT_PRODUCT (PRODUCT_ID,PRODUCT_NAME,DESCRIPTION,STOCK_LEFT,PRODUCT_PRICE,MIN_ORDER,MAX_ORDER,ALLERGY,PRODUCT_IMAGE,AUDIT_USER,AUDIT_DATE,AUDIT_ACTION,UPDATE_STOCK) values (123,'Pork','Pork is the meat of the domestic pig',200,35,1,10,'Contains fat',null,'ANONYMOUS',to_date('05-JUN-24','DD-MON-RR'),'UPDATE',0);
Insert into AAYUSH.AUDIT_PRODUCT (PRODUCT_ID,PRODUCT_NAME,DESCRIPTION,STOCK_LEFT,PRODUCT_PRICE,MIN_ORDER,MAX_ORDER,ALLERGY,PRODUCT_IMAGE,AUDIT_USER,AUDIT_DATE,AUDIT_ACTION,UPDATE_STOCK) values (124,'Wagyu','Wagyu refers to all Japanese beef cattle',200,40,1,10,'It contains casein',null,'ANONYMOUS',to_date('05-JUN-24','DD-MON-RR'),'UPDATE',0);
Insert into AAYUSH.AUDIT_PRODUCT (PRODUCT_ID,PRODUCT_NAME,DESCRIPTION,STOCK_LEFT,PRODUCT_PRICE,MIN_ORDER,MAX_ORDER,ALLERGY,PRODUCT_IMAGE,AUDIT_USER,AUDIT_DATE,AUDIT_ACTION,UPDATE_STOCK) values (125,'Apple','Round fruit with red or green skin and a whitish inside',200,35,1,10,'Most apple allergic patients notice itching of mouth and throat, and itching, redness and swelling of the lips',null,'ANONYMOUS',to_date('05-JUN-24','DD-MON-RR'),'UPDATE',0);
Insert into AAYUSH.AUDIT_PRODUCT (PRODUCT_ID,PRODUCT_NAME,DESCRIPTION,STOCK_LEFT,PRODUCT_PRICE,MIN_ORDER,MAX_ORDER,ALLERGY,PRODUCT_IMAGE,AUDIT_USER,AUDIT_DATE,AUDIT_ACTION,UPDATE_STOCK) values (126,'Chili','It is hollow with many seeds.',200,2,1,20,'Itching or tingling in the mouth, nausea, vomiting.',null,'AAYUSH',to_date('05-JUN-24','DD-MON-RR'),'INSERT',0);
Insert into AAYUSH.AUDIT_PRODUCT (PRODUCT_ID,PRODUCT_NAME,DESCRIPTION,STOCK_LEFT,PRODUCT_PRICE,MIN_ORDER,MAX_ORDER,ALLERGY,PRODUCT_IMAGE,AUDIT_USER,AUDIT_DATE,AUDIT_ACTION,UPDATE_STOCK) values (127,'Broccoli','edible green plant in the cabbage family.',200,2,1,20,'High in natural chemical salicylates',null,'AAYUSH',to_date('05-JUN-24','DD-MON-RR'),'INSERT',0);
Insert into AAYUSH.AUDIT_PRODUCT (PRODUCT_ID,PRODUCT_NAME,DESCRIPTION,STOCK_LEFT,PRODUCT_PRICE,MIN_ORDER,MAX_ORDER,ALLERGY,PRODUCT_IMAGE,AUDIT_USER,AUDIT_DATE,AUDIT_ACTION,UPDATE_STOCK) values (129,'Onion','a round vegetable with a brown skin that grows underground.',200,2,1,20,'a lipid transfer protein.',null,'AAYUSH',to_date('05-JUN-24','DD-MON-RR'),'INSERT',0);
Insert into AAYUSH.AUDIT_PRODUCT (PRODUCT_ID,PRODUCT_NAME,DESCRIPTION,STOCK_LEFT,PRODUCT_PRICE,MIN_ORDER,MAX_ORDER,ALLERGY,PRODUCT_IMAGE,AUDIT_USER,AUDIT_DATE,AUDIT_ACTION,UPDATE_STOCK) values (126,'Chili','It is hollow with many seeds.',200,2,1,20,'Itching or tingling in the mouth, nausea, vomiting.',null,'ANONYMOUS',to_date('05-JUN-24','DD-MON-RR'),'UPDATE',0);
Insert into AAYUSH.AUDIT_PRODUCT (PRODUCT_ID,PRODUCT_NAME,DESCRIPTION,STOCK_LEFT,PRODUCT_PRICE,MIN_ORDER,MAX_ORDER,ALLERGY,PRODUCT_IMAGE,AUDIT_USER,AUDIT_DATE,AUDIT_ACTION,UPDATE_STOCK) values (127,'Broccoli','edible green plant in the cabbage family.',200,2,1,20,'High in natural chemical salicylates',null,'ANONYMOUS',to_date('05-JUN-24','DD-MON-RR'),'UPDATE',0);
Insert into AAYUSH.AUDIT_PRODUCT (PRODUCT_ID,PRODUCT_NAME,DESCRIPTION,STOCK_LEFT,PRODUCT_PRICE,MIN_ORDER,MAX_ORDER,ALLERGY,PRODUCT_IMAGE,AUDIT_USER,AUDIT_DATE,AUDIT_ACTION,UPDATE_STOCK) values (128,'Capsicum','has crisp, shiny, moist flesh and hollow with a seeded core.',200,2,1,20,'difficulty breathing, closing of throat, swelling of lips, tongue or face',null,'ANONYMOUS',to_date('05-JUN-24','DD-MON-RR'),'UPDATE',0);
Insert into AAYUSH.AUDIT_PRODUCT (PRODUCT_ID,PRODUCT_NAME,DESCRIPTION,STOCK_LEFT,PRODUCT_PRICE,MIN_ORDER,MAX_ORDER,ALLERGY,PRODUCT_IMAGE,AUDIT_USER,AUDIT_DATE,AUDIT_ACTION,UPDATE_STOCK) values (129,'Onion','a round vegetable with a brown skin that grows underground.',200,2,1,20,'a lipid transfer protein.',null,'ANONYMOUS',to_date('05-JUN-24','DD-MON-RR'),'UPDATE',0);
Insert into AAYUSH.AUDIT_PRODUCT (PRODUCT_ID,PRODUCT_NAME,DESCRIPTION,STOCK_LEFT,PRODUCT_PRICE,MIN_ORDER,MAX_ORDER,ALLERGY,PRODUCT_IMAGE,AUDIT_USER,AUDIT_DATE,AUDIT_ACTION,UPDATE_STOCK) values (7,'Chili','It is hollow with many seeds.',200,2,1,20,'Itching or tingling in the mouth, nausea, vomiting.',null,'ANONYMOUS',to_date('05-JUN-24','DD-MON-RR'),'UPDATE',0);
Insert into AAYUSH.AUDIT_PRODUCT (PRODUCT_ID,PRODUCT_NAME,DESCRIPTION,STOCK_LEFT,PRODUCT_PRICE,MIN_ORDER,MAX_ORDER,ALLERGY,PRODUCT_IMAGE,AUDIT_USER,AUDIT_DATE,AUDIT_ACTION,UPDATE_STOCK) values (7,'Chili','It is hollow with many seeds.',200,2,1,20,'Itching or tingling in the mouth, nausea, vomiting.',null,'ANONYMOUS',to_date('05-JUN-24','DD-MON-RR'),'UPDATE',0);
Insert into AAYUSH.AUDIT_PRODUCT (PRODUCT_ID,PRODUCT_NAME,DESCRIPTION,STOCK_LEFT,PRODUCT_PRICE,MIN_ORDER,MAX_ORDER,ALLERGY,PRODUCT_IMAGE,AUDIT_USER,AUDIT_DATE,AUDIT_ACTION,UPDATE_STOCK) values (6,'Apple','Round fruit with red or green skin and a whitish inside',199,35,1,10,'Most apple allergic patients notice itching of mouth and throat, and itching, redness and swelling of the lips',null,'ANONYMOUS',to_date('05-JUN-24','DD-MON-RR'),'UPDATE',0);
Insert into AAYUSH.AUDIT_PRODUCT (PRODUCT_ID,PRODUCT_NAME,DESCRIPTION,STOCK_LEFT,PRODUCT_PRICE,MIN_ORDER,MAX_ORDER,ALLERGY,PRODUCT_IMAGE,AUDIT_USER,AUDIT_DATE,AUDIT_ACTION,UPDATE_STOCK) values (10,'Onion','a round vegetable with a brown skin that grows underground.',200,2,1,20,'a lipid transfer protein.',null,'ANONYMOUS',to_date('05-JUN-24','DD-MON-RR'),'UPDATE',0);
Insert into AAYUSH.AUDIT_PRODUCT (PRODUCT_ID,PRODUCT_NAME,DESCRIPTION,STOCK_LEFT,PRODUCT_PRICE,MIN_ORDER,MAX_ORDER,ALLERGY,PRODUCT_IMAGE,AUDIT_USER,AUDIT_DATE,AUDIT_ACTION,UPDATE_STOCK) values (130,'Catfish','Fish with whisker-like barbels, known for deceiving online identities.',null,45,1,10,'Fish with barbels and a knack for deception, both in water and online.',null,'AAYUSH',to_date('05-JUN-24','DD-MON-RR'),'INSERT',0);
Insert into AAYUSH.AUDIT_PRODUCT (PRODUCT_ID,PRODUCT_NAME,DESCRIPTION,STOCK_LEFT,PRODUCT_PRICE,MIN_ORDER,MAX_ORDER,ALLERGY,PRODUCT_IMAGE,AUDIT_USER,AUDIT_DATE,AUDIT_ACTION,UPDATE_STOCK) values (131,'Fish Fillet','Fish that has been deboned and sliced into flat pieces, ready for cooking.',null,7,1,15,'Delectable slices of boneless fish, perfect for effortless cooking and enjoying seafood delicacies.',null,'AAYUSH',to_date('05-JUN-24','DD-MON-RR'),'INSERT',0);
Insert into AAYUSH.AUDIT_PRODUCT (PRODUCT_ID,PRODUCT_NAME,DESCRIPTION,STOCK_LEFT,PRODUCT_PRICE,MIN_ORDER,MAX_ORDER,ALLERGY,PRODUCT_IMAGE,AUDIT_USER,AUDIT_DATE,AUDIT_ACTION,UPDATE_STOCK) values (132,'Salmon','A flavorful and nutritious fish, prized for its pink flesh and versatility in cooking, popular in various cuisines worldwide.',null,null,1,16,' An omega-3 rich, vibrant fish, beloved for its succulent taste and health benefits, a culinary favorite across the globe.',null,'AAYUSH',to_date('05-JUN-24','DD-MON-RR'),'INSERT',0);
Insert into AAYUSH.AUDIT_PRODUCT (PRODUCT_ID,PRODUCT_NAME,DESCRIPTION,STOCK_LEFT,PRODUCT_PRICE,MIN_ORDER,MAX_ORDER,ALLERGY,PRODUCT_IMAGE,AUDIT_USER,AUDIT_DATE,AUDIT_ACTION,UPDATE_STOCK) values (133,'Trout','Freshwater fish admired for its delicate flavor and firm texture, cherished by anglers and gourmands alike for its versatility in cooking.',null,null,1,19,'Graceful swimmers of freshwater streams, prized for their tender flesh and sought after for their sporting challenge and culinary delight.





',null,'AAYUSH',to_date('05-JUN-24','DD-MON-RR'),'INSERT',0);
Insert into AAYUSH.AUDIT_PRODUCT (PRODUCT_ID,PRODUCT_NAME,DESCRIPTION,STOCK_LEFT,PRODUCT_PRICE,MIN_ORDER,MAX_ORDER,ALLERGY,PRODUCT_IMAGE,AUDIT_USER,AUDIT_DATE,AUDIT_ACTION,UPDATE_STOCK) values (131,'Fish Fillet','Fish that has been deboned and sliced into flat pieces, ready for cooking.',null,7,1,15,'Delectable slices of boneless fish, perfect for effortless cooking and enjoying seafood delicacies.',null,'ANONYMOUS',to_date('05-JUN-24','DD-MON-RR'),'UPDATE',0);
Insert into AAYUSH.AUDIT_PRODUCT (PRODUCT_ID,PRODUCT_NAME,DESCRIPTION,STOCK_LEFT,PRODUCT_PRICE,MIN_ORDER,MAX_ORDER,ALLERGY,PRODUCT_IMAGE,AUDIT_USER,AUDIT_DATE,AUDIT_ACTION,UPDATE_STOCK) values (132,'Salmon','A flavorful and nutritious fish, prized for its pink flesh and versatility in cooking, popular in various cuisines worldwide.',null,null,1,16,' An omega-3 rich, vibrant fish, beloved for its succulent taste and health benefits, a culinary favorite across the globe.',null,'ANONYMOUS',to_date('05-JUN-24','DD-MON-RR'),'UPDATE',0);
Insert into AAYUSH.AUDIT_PRODUCT (PRODUCT_ID,PRODUCT_NAME,DESCRIPTION,STOCK_LEFT,PRODUCT_PRICE,MIN_ORDER,MAX_ORDER,ALLERGY,PRODUCT_IMAGE,AUDIT_USER,AUDIT_DATE,AUDIT_ACTION,UPDATE_STOCK) values (133,'Trout','Freshwater fish admired for its delicate flavor and firm texture, cherished by anglers and gourmands alike for its versatility in cooking.',null,null,1,19,'Graceful swimmers of freshwater streams, prized for their tender flesh and sought after for their sporting challenge and culinary delight.





',null,'ANONYMOUS',to_date('05-JUN-24','DD-MON-RR'),'UPDATE',0);
Insert into AAYUSH.AUDIT_PRODUCT (PRODUCT_ID,PRODUCT_NAME,DESCRIPTION,STOCK_LEFT,PRODUCT_PRICE,MIN_ORDER,MAX_ORDER,ALLERGY,PRODUCT_IMAGE,AUDIT_USER,AUDIT_DATE,AUDIT_ACTION,UPDATE_STOCK) values (133,'Trout','Freshwater fish admired for its delicate flavor and firm texture, cherished by anglers and gourmands alike for its versatility in cooking.',null,null,1,19,'Contains red meat',null,'ANONYMOUS',to_date('05-JUN-24','DD-MON-RR'),'UPDATE',0);
Insert into AAYUSH.AUDIT_PRODUCT (PRODUCT_ID,PRODUCT_NAME,DESCRIPTION,STOCK_LEFT,PRODUCT_PRICE,MIN_ORDER,MAX_ORDER,ALLERGY,PRODUCT_IMAGE,AUDIT_USER,AUDIT_DATE,AUDIT_ACTION,UPDATE_STOCK) values (134,'Tuna ','Large, swift ocean fish prized for its meaty texture and rich flavor, a staple in sushi, salads, and sandwiches worldwide.',null,null,1,16,'Mild discomfort',null,'ANONYMOUS',to_date('05-JUN-24','DD-MON-RR'),'UPDATE',0);
Insert into AAYUSH.AUDIT_PRODUCT (PRODUCT_ID,PRODUCT_NAME,DESCRIPTION,STOCK_LEFT,PRODUCT_PRICE,MIN_ORDER,MAX_ORDER,ALLERGY,PRODUCT_IMAGE,AUDIT_USER,AUDIT_DATE,AUDIT_ACTION,UPDATE_STOCK) values (136,'Berries','Small, colorful fruits packed with vitamins, antioxidants, and flavor.',null,null,1,15,'Itchy feeling in mouth.',null,'AAYUSH',to_date('05-JUN-24','DD-MON-RR'),'INSERT',0);
Insert into AAYUSH.AUDIT_PRODUCT (PRODUCT_ID,PRODUCT_NAME,DESCRIPTION,STOCK_LEFT,PRODUCT_PRICE,MIN_ORDER,MAX_ORDER,ALLERGY,PRODUCT_IMAGE,AUDIT_USER,AUDIT_DATE,AUDIT_ACTION,UPDATE_STOCK) values (137,'Cheese','A dairy product made from curdled milk, varying widely in flavor, texture, and aroma, enjoyed in countless dishes from around the world.',null,null,1,16,'Upset stomach.',null,'AAYUSH',to_date('05-JUN-24','DD-MON-RR'),'INSERT',0);
Insert into AAYUSH.AUDIT_PRODUCT (PRODUCT_ID,PRODUCT_NAME,DESCRIPTION,STOCK_LEFT,PRODUCT_PRICE,MIN_ORDER,MAX_ORDER,ALLERGY,PRODUCT_IMAGE,AUDIT_USER,AUDIT_DATE,AUDIT_ACTION,UPDATE_STOCK) values (138,'Chocolate','Decadent treat derived from cacao beans, offering a rich, indulgent flavor experience in various forms.',null,null,1,15,'Shortness of breath.',null,'AAYUSH',to_date('05-JUN-24','DD-MON-RR'),'INSERT',0);
Insert into AAYUSH.AUDIT_PRODUCT (PRODUCT_ID,PRODUCT_NAME,DESCRIPTION,STOCK_LEFT,PRODUCT_PRICE,MIN_ORDER,MAX_ORDER,ALLERGY,PRODUCT_IMAGE,AUDIT_USER,AUDIT_DATE,AUDIT_ACTION,UPDATE_STOCK) values (139,'Honey','Sweet, viscous liquid produced by bees from flower nectar, prized for its natural sweetness, versatility in cooking, and potential health benefits.',null,null,1,12,'Vomiting',null,'AAYUSH',to_date('05-JUN-24','DD-MON-RR'),'INSERT',0);
Insert into AAYUSH.AUDIT_PRODUCT (PRODUCT_ID,PRODUCT_NAME,DESCRIPTION,STOCK_LEFT,PRODUCT_PRICE,MIN_ORDER,MAX_ORDER,ALLERGY,PRODUCT_IMAGE,AUDIT_USER,AUDIT_DATE,AUDIT_ACTION,UPDATE_STOCK) values (140,'Juice','Liquid extracted from fruits or vegetables, bursting with vitamins, minerals, and refreshing flavor, enjoyed as a standalone beverage or mixed in cocktails and smoothies.',null,null,1,16,'Itching',null,'AAYUSH',to_date('05-JUN-24','DD-MON-RR'),'INSERT',0);
Insert into AAYUSH.AUDIT_PRODUCT (PRODUCT_ID,PRODUCT_NAME,DESCRIPTION,STOCK_LEFT,PRODUCT_PRICE,MIN_ORDER,MAX_ORDER,ALLERGY,PRODUCT_IMAGE,AUDIT_USER,AUDIT_DATE,AUDIT_ACTION,UPDATE_STOCK) values (141,'Brownbread','Nutritious bread made from whole grain flour, rich in fiber and nutrients, offering a hearty, slightly nutty flavor and a wholesome addition to meals.',null,null,1,20,'Itching',null,'AAYUSH',to_date('05-JUN-24','DD-MON-RR'),'INSERT',0);
Insert into AAYUSH.AUDIT_PRODUCT (PRODUCT_ID,PRODUCT_NAME,DESCRIPTION,STOCK_LEFT,PRODUCT_PRICE,MIN_ORDER,MAX_ORDER,ALLERGY,PRODUCT_IMAGE,AUDIT_USER,AUDIT_DATE,AUDIT_ACTION,UPDATE_STOCK) values (142,'Chocolate Cake','Indulgent dessert made with cocoa, flour, sugar, and eggs, layered with creamy frosting or served plain, beloved for its rich, decadent flavor and moist texture.',null,null,1,12,'Vomiting',null,'AAYUSH',to_date('05-JUN-24','DD-MON-RR'),'INSERT',0);
Insert into AAYUSH.AUDIT_PRODUCT (PRODUCT_ID,PRODUCT_NAME,DESCRIPTION,STOCK_LEFT,PRODUCT_PRICE,MIN_ORDER,MAX_ORDER,ALLERGY,PRODUCT_IMAGE,AUDIT_USER,AUDIT_DATE,AUDIT_ACTION,UPDATE_STOCK) values (133,'Trout','Freshwater fish admired for its delicate flavor and firm texture, cherished by anglers and gourmands alike for its versatility in cooking.',null,null,1,19,'Contains red meat',null,'ANONYMOUS',to_date('05-JUN-24','DD-MON-RR'),'UPDATE',0);
Insert into AAYUSH.AUDIT_PRODUCT (PRODUCT_ID,PRODUCT_NAME,DESCRIPTION,STOCK_LEFT,PRODUCT_PRICE,MIN_ORDER,MAX_ORDER,ALLERGY,PRODUCT_IMAGE,AUDIT_USER,AUDIT_DATE,AUDIT_ACTION,UPDATE_STOCK) values (139,'Honey','Sweet, viscous liquid produced by bees from flower nectar, prized for its natural sweetness, versatility in cooking, and potential health benefits.',null,null,1,12,'Vomiting',null,'ANONYMOUS',to_date('05-JUN-24','DD-MON-RR'),'UPDATE',0);
Insert into AAYUSH.AUDIT_PRODUCT (PRODUCT_ID,PRODUCT_NAME,DESCRIPTION,STOCK_LEFT,PRODUCT_PRICE,MIN_ORDER,MAX_ORDER,ALLERGY,PRODUCT_IMAGE,AUDIT_USER,AUDIT_DATE,AUDIT_ACTION,UPDATE_STOCK) values (130,'Catfish','Fish with whisker-like barbels, known for deceiving online identities.',null,12,1,10,'Fish with barbels and a knack for deception, both in water and online.',null,'ANONYMOUS',to_date('05-JUN-24','DD-MON-RR'),'UPDATE',0);
Insert into AAYUSH.AUDIT_PRODUCT (PRODUCT_ID,PRODUCT_NAME,DESCRIPTION,STOCK_LEFT,PRODUCT_PRICE,MIN_ORDER,MAX_ORDER,ALLERGY,PRODUCT_IMAGE,AUDIT_USER,AUDIT_DATE,AUDIT_ACTION,UPDATE_STOCK) values (132,'Salmon','A flavorful and nutritious fish, prized for its pink flesh and versatility in cooking, popular in various cuisines worldwide.',null,34,1,16,'Vomiting',null,'ANONYMOUS',to_date('05-JUN-24','DD-MON-RR'),'UPDATE',0);
Insert into AAYUSH.AUDIT_PRODUCT (PRODUCT_ID,PRODUCT_NAME,DESCRIPTION,STOCK_LEFT,PRODUCT_PRICE,MIN_ORDER,MAX_ORDER,ALLERGY,PRODUCT_IMAGE,AUDIT_USER,AUDIT_DATE,AUDIT_ACTION,UPDATE_STOCK) values (141,'Brownbread','Nutritious bread made from whole grain flour, rich in fiber and nutrients, offering a hearty, slightly nutty flavor and a wholesome addition to meals.',null,3,1,20,'Itching',null,'ANONYMOUS',to_date('05-JUN-24','DD-MON-RR'),'UPDATE',0);
Insert into AAYUSH.AUDIT_PRODUCT (PRODUCT_ID,PRODUCT_NAME,DESCRIPTION,STOCK_LEFT,PRODUCT_PRICE,MIN_ORDER,MAX_ORDER,ALLERGY,PRODUCT_IMAGE,AUDIT_USER,AUDIT_DATE,AUDIT_ACTION,UPDATE_STOCK) values (136,'Berries','Small, colorful fruits packed with vitamins, antioxidants, and flavor.',329,2,1,15,'Itchy feeling in mouth.',null,'ANONYMOUS',to_date('06-JUN-24','DD-MON-RR'),'UPDATE',0);
Insert into AAYUSH.AUDIT_PRODUCT (PRODUCT_ID,PRODUCT_NAME,DESCRIPTION,STOCK_LEFT,PRODUCT_PRICE,MIN_ORDER,MAX_ORDER,ALLERGY,PRODUCT_IMAGE,AUDIT_USER,AUDIT_DATE,AUDIT_ACTION,UPDATE_STOCK) values (125,'Apple','Round fruit with red or green skin and a whitish inside',200,35,1,10,'Most apple allergic patients notice itching of mouth and throat, and itching, redness and swelling of the lips',null,'AAYUSH',to_date('05-JUN-24','DD-MON-RR'),'INSERT',0);
Insert into AAYUSH.AUDIT_PRODUCT (PRODUCT_ID,PRODUCT_NAME,DESCRIPTION,STOCK_LEFT,PRODUCT_PRICE,MIN_ORDER,MAX_ORDER,ALLERGY,PRODUCT_IMAGE,AUDIT_USER,AUDIT_DATE,AUDIT_ACTION,UPDATE_STOCK) values (131,'Fish Fillet','Fish that has been deboned and sliced into flat pieces, ready for cooking.',null,7,1,15,'Trans Fat',null,'ANONYMOUS',to_date('05-JUN-24','DD-MON-RR'),'UPDATE',0);
Insert into AAYUSH.AUDIT_PRODUCT (PRODUCT_ID,PRODUCT_NAME,DESCRIPTION,STOCK_LEFT,PRODUCT_PRICE,MIN_ORDER,MAX_ORDER,ALLERGY,PRODUCT_IMAGE,AUDIT_USER,AUDIT_DATE,AUDIT_ACTION,UPDATE_STOCK) values (143,'Donuts','Circular fried dough confections, often sweetened, glazed, or filled with various toppings or fillings, enjoyed as a popular treat or dessert in many cultures.',null,5,1,6,'Bloating',null,'AAYUSH',to_date('05-JUN-24','DD-MON-RR'),'INSERT',0);
Insert into AAYUSH.AUDIT_PRODUCT (PRODUCT_ID,PRODUCT_NAME,DESCRIPTION,STOCK_LEFT,PRODUCT_PRICE,MIN_ORDER,MAX_ORDER,ALLERGY,PRODUCT_IMAGE,AUDIT_USER,AUDIT_DATE,AUDIT_ACTION,UPDATE_STOCK) values (144,'Pastry',' A dough-based food made from flour, fat, and water, used as a base or covering for various sweet or savory dishes, including pies, tarts, quiches, and pastries such as croissants and danishes.',null,7,1,18,'Headache',null,'AAYUSH',to_date('05-JUN-24','DD-MON-RR'),'INSERT',0);
Insert into AAYUSH.AUDIT_PRODUCT (PRODUCT_ID,PRODUCT_NAME,DESCRIPTION,STOCK_LEFT,PRODUCT_PRICE,MIN_ORDER,MAX_ORDER,ALLERGY,PRODUCT_IMAGE,AUDIT_USER,AUDIT_DATE,AUDIT_ACTION,UPDATE_STOCK) values (145,'Vanilla Cake','A classic dessert made with vanilla-flavored batter, typically composed of flour, sugar, butter, eggs, and vanilla extract, baked until light and fluffy, often served with frosting.',null,8,1,19,'Bloating',null,'AAYUSH',to_date('05-JUN-24','DD-MON-RR'),'INSERT',0);
Insert into AAYUSH.AUDIT_PRODUCT (PRODUCT_ID,PRODUCT_NAME,DESCRIPTION,STOCK_LEFT,PRODUCT_PRICE,MIN_ORDER,MAX_ORDER,ALLERGY,PRODUCT_IMAGE,AUDIT_USER,AUDIT_DATE,AUDIT_ACTION,UPDATE_STOCK) values (139,'Honey','Sweet, viscous liquid produced by bees from flower nectar, prized for its natural sweetness, versatility in cooking, and potential health benefits.',null,5,1,12,'Vomiting',null,'ANONYMOUS',to_date('05-JUN-24','DD-MON-RR'),'UPDATE',0);
Insert into AAYUSH.AUDIT_PRODUCT (PRODUCT_ID,PRODUCT_NAME,DESCRIPTION,STOCK_LEFT,PRODUCT_PRICE,MIN_ORDER,MAX_ORDER,ALLERGY,PRODUCT_IMAGE,AUDIT_USER,AUDIT_DATE,AUDIT_ACTION,UPDATE_STOCK) values (137,'Cheese','A dairy product made from curdled milk, varying widely in flavor, texture, and aroma, enjoyed in countless dishes from around the world.',339,3,1,16,'Upset stomach.',null,'AAYUSH',to_date('05-JUN-24','DD-MON-RR'),'UPDATE',1);
Insert into AAYUSH.AUDIT_PRODUCT (PRODUCT_ID,PRODUCT_NAME,DESCRIPTION,STOCK_LEFT,PRODUCT_PRICE,MIN_ORDER,MAX_ORDER,ALLERGY,PRODUCT_IMAGE,AUDIT_USER,AUDIT_DATE,AUDIT_ACTION,UPDATE_STOCK) values (136,'Berries','Small, colorful fruits packed with vitamins, antioxidants, and flavor.',334,2,1,15,'Itchy feeling in mouth.',null,'AAYUSH',to_date('05-JUN-24','DD-MON-RR'),'UPDATE',0);
Insert into AAYUSH.AUDIT_PRODUCT (PRODUCT_ID,PRODUCT_NAME,DESCRIPTION,STOCK_LEFT,PRODUCT_PRICE,MIN_ORDER,MAX_ORDER,ALLERGY,PRODUCT_IMAGE,AUDIT_USER,AUDIT_DATE,AUDIT_ACTION,UPDATE_STOCK) values (163,'aayush','it''s me dio',1,11,1,1,'no allergy',null,'AAYUSH',to_date('05-JUN-24','DD-MON-RR'),'UPDATE',0);
Insert into AAYUSH.AUDIT_PRODUCT (PRODUCT_ID,PRODUCT_NAME,DESCRIPTION,STOCK_LEFT,PRODUCT_PRICE,MIN_ORDER,MAX_ORDER,ALLERGY,PRODUCT_IMAGE,AUDIT_USER,AUDIT_DATE,AUDIT_ACTION,UPDATE_STOCK) values (137,'Cheese','A dairy product made from curdled milk, varying widely in flavor, texture, and aroma, enjoyed in countless dishes from around the world.',334,3,1,16,'Upset stomach.',null,'ANONYMOUS',to_date('06-JUN-24','DD-MON-RR'),'UPDATE',0);
Insert into AAYUSH.AUDIT_PRODUCT (PRODUCT_ID,PRODUCT_NAME,DESCRIPTION,STOCK_LEFT,PRODUCT_PRICE,MIN_ORDER,MAX_ORDER,ALLERGY,PRODUCT_IMAGE,AUDIT_USER,AUDIT_DATE,AUDIT_ACTION,UPDATE_STOCK) values (139,'Honey','Sweet, viscous liquid produced by bees from flower nectar, prized for its natural sweetness, versatility in cooking, and potential health benefits.',339,5,1,12,'Vomiting',null,'ANONYMOUS',to_date('06-JUN-24','DD-MON-RR'),'UPDATE',0);
Insert into AAYUSH.AUDIT_PRODUCT (PRODUCT_ID,PRODUCT_NAME,DESCRIPTION,STOCK_LEFT,PRODUCT_PRICE,MIN_ORDER,MAX_ORDER,ALLERGY,PRODUCT_IMAGE,AUDIT_USER,AUDIT_DATE,AUDIT_ACTION,UPDATE_STOCK) values (140,'Juice','Liquid extracted from fruits or vegetables, bursting with vitamins, minerals, and refreshing flavor, enjoyed as a standalone beverage or mixed in cocktails and smoothies.',345,12,1,16,'Itching',null,'ANONYMOUS',to_date('06-JUN-24','DD-MON-RR'),'UPDATE',0);
Insert into AAYUSH.AUDIT_PRODUCT (PRODUCT_ID,PRODUCT_NAME,DESCRIPTION,STOCK_LEFT,PRODUCT_PRICE,MIN_ORDER,MAX_ORDER,ALLERGY,PRODUCT_IMAGE,AUDIT_USER,AUDIT_DATE,AUDIT_ACTION,UPDATE_STOCK) values (145,'Vanilla Cake','A classic dessert made with vanilla-flavored batter, typically composed of flour, sugar, butter, eggs, and vanilla extract, baked until light and fluffy, often served with frosting.',200,8,1,19,'Bloating',null,'ANONYMOUS',to_date('06-JUN-24','DD-MON-RR'),'UPDATE',0);
Insert into AAYUSH.AUDIT_PRODUCT (PRODUCT_ID,PRODUCT_NAME,DESCRIPTION,STOCK_LEFT,PRODUCT_PRICE,MIN_ORDER,MAX_ORDER,ALLERGY,PRODUCT_IMAGE,AUDIT_USER,AUDIT_DATE,AUDIT_ACTION,UPDATE_STOCK) values (143,'Donuts','Circular fried dough confections, often sweetened, glazed, or filled with various toppings or fillings, enjoyed as a popular treat or dessert in many cultures.',200,5,1,6,'Bloating',null,'AAYUSH',to_date('06-JUN-24','DD-MON-RR'),'UPDATE',0);
Insert into AAYUSH.AUDIT_PRODUCT (PRODUCT_ID,PRODUCT_NAME,DESCRIPTION,STOCK_LEFT,PRODUCT_PRICE,MIN_ORDER,MAX_ORDER,ALLERGY,PRODUCT_IMAGE,AUDIT_USER,AUDIT_DATE,AUDIT_ACTION,UPDATE_STOCK) values (143,'Donuts','Circular fried dough confections, often sweetened, glazed, or filled with various toppings or fillings, enjoyed as a popular treat or dessert in many cultures.',200,5,1,6,'Bloating',null,'AAYUSH',to_date('06-JUN-24','DD-MON-RR'),'UPDATE',0);
Insert into AAYUSH.AUDIT_PRODUCT (PRODUCT_ID,PRODUCT_NAME,DESCRIPTION,STOCK_LEFT,PRODUCT_PRICE,MIN_ORDER,MAX_ORDER,ALLERGY,PRODUCT_IMAGE,AUDIT_USER,AUDIT_DATE,AUDIT_ACTION,UPDATE_STOCK) values (163,'aayush','it''s me dio',1,11,1,1,'no allergy',null,'AAYUSH',to_date('06-JUN-24','DD-MON-RR'),'DELETE',0);
Insert into AAYUSH.AUDIT_PRODUCT (PRODUCT_ID,PRODUCT_NAME,DESCRIPTION,STOCK_LEFT,PRODUCT_PRICE,MIN_ORDER,MAX_ORDER,ALLERGY,PRODUCT_IMAGE,AUDIT_USER,AUDIT_DATE,AUDIT_ACTION,UPDATE_STOCK) values (136,'Berries','Small, colorful fruits packed with vitamins, antioxidants, and flavor.',329,2,1,15,'Itchy feeling in mouth.',null,'AAYUSH',to_date('06-JUN-24','DD-MON-RR'),'UPDATE',1);
Insert into AAYUSH.AUDIT_PRODUCT (PRODUCT_ID,PRODUCT_NAME,DESCRIPTION,STOCK_LEFT,PRODUCT_PRICE,MIN_ORDER,MAX_ORDER,ALLERGY,PRODUCT_IMAGE,AUDIT_USER,AUDIT_DATE,AUDIT_ACTION,UPDATE_STOCK) values (136,'Berries','Small, colorful fruits packed with vitamins, antioxidants, and flavor.',300,2,1,15,'Itchy feeling in mouth.',null,'AAYUSH',to_date('06-JUN-24','DD-MON-RR'),'UPDATE',0);
Insert into AAYUSH.AUDIT_PRODUCT (PRODUCT_ID,PRODUCT_NAME,DESCRIPTION,STOCK_LEFT,PRODUCT_PRICE,MIN_ORDER,MAX_ORDER,ALLERGY,PRODUCT_IMAGE,AUDIT_USER,AUDIT_DATE,AUDIT_ACTION,UPDATE_STOCK) values (136,'Berries','Small, colorful fruits packed with vitamins, antioxidants, and flavor.',300,2,1,15,'Itchy feeling in mouth.',null,'AAYUSH',to_date('06-JUN-24','DD-MON-RR'),'UPDATE',0);
Insert into AAYUSH.AUDIT_PRODUCT (PRODUCT_ID,PRODUCT_NAME,DESCRIPTION,STOCK_LEFT,PRODUCT_PRICE,MIN_ORDER,MAX_ORDER,ALLERGY,PRODUCT_IMAGE,AUDIT_USER,AUDIT_DATE,AUDIT_ACTION,UPDATE_STOCK) values (136,'Berries','Small, colorful fruits packed with vitamins, antioxidants, and flavor.',300,2,1,15,'Itchy feeling in mouth.',null,'AAYUSH',to_date('06-JUN-24','DD-MON-RR'),'UPDATE',0);
Insert into AAYUSH.AUDIT_PRODUCT (PRODUCT_ID,PRODUCT_NAME,DESCRIPTION,STOCK_LEFT,PRODUCT_PRICE,MIN_ORDER,MAX_ORDER,ALLERGY,PRODUCT_IMAGE,AUDIT_USER,AUDIT_DATE,AUDIT_ACTION,UPDATE_STOCK) values (136,'Berries','Small, colorful fruits packed with vitamins, antioxidants, and flavor.',300,2,1,15,'Itchy feeling in mouth.',null,'AAYUSH',to_date('06-JUN-24','DD-MON-RR'),'UPDATE',0);
Insert into AAYUSH.AUDIT_PRODUCT (PRODUCT_ID,PRODUCT_NAME,DESCRIPTION,STOCK_LEFT,PRODUCT_PRICE,MIN_ORDER,MAX_ORDER,ALLERGY,PRODUCT_IMAGE,AUDIT_USER,AUDIT_DATE,AUDIT_ACTION,UPDATE_STOCK) values (2,'Beef steak','Raw beef steak with salt pepper and rosemary on white plate',199,4,1,3,'Contains red meat',null,'AAYUSH',to_date('06-JUN-24','DD-MON-RR'),'UPDATE',1);
Insert into AAYUSH.AUDIT_PRODUCT (PRODUCT_ID,PRODUCT_NAME,DESCRIPTION,STOCK_LEFT,PRODUCT_PRICE,MIN_ORDER,MAX_ORDER,ALLERGY,PRODUCT_IMAGE,AUDIT_USER,AUDIT_DATE,AUDIT_ACTION,UPDATE_STOCK) values (4,'Pork','Pork is the meat of the domestic pig',195,35,1,10,'Contains fat',null,'AAYUSH',to_date('06-JUN-24','DD-MON-RR'),'UPDATE',1);
Insert into AAYUSH.AUDIT_PRODUCT (PRODUCT_ID,PRODUCT_NAME,DESCRIPTION,STOCK_LEFT,PRODUCT_PRICE,MIN_ORDER,MAX_ORDER,ALLERGY,PRODUCT_IMAGE,AUDIT_USER,AUDIT_DATE,AUDIT_ACTION,UPDATE_STOCK) values (5,'Wagyu','Wagyu refers to all Japanese beef cattle',189,40,1,10,'It contains casein',null,'AAYUSH',to_date('06-JUN-24','DD-MON-RR'),'UPDATE',1);
Insert into AAYUSH.AUDIT_PRODUCT (PRODUCT_ID,PRODUCT_NAME,DESCRIPTION,STOCK_LEFT,PRODUCT_PRICE,MIN_ORDER,MAX_ORDER,ALLERGY,PRODUCT_IMAGE,AUDIT_USER,AUDIT_DATE,AUDIT_ACTION,UPDATE_STOCK) values (136,'Berries','Small, colorful fruits packed with vitamins, antioxidants, and flavor.',300,2,1,15,'Itchy feeling in mouth.',null,'AAYUSH',to_date('06-JUN-24','DD-MON-RR'),'UPDATE',1);
Insert into AAYUSH.AUDIT_PRODUCT (PRODUCT_ID,PRODUCT_NAME,DESCRIPTION,STOCK_LEFT,PRODUCT_PRICE,MIN_ORDER,MAX_ORDER,ALLERGY,PRODUCT_IMAGE,AUDIT_USER,AUDIT_DATE,AUDIT_ACTION,UPDATE_STOCK) values (136,'Berries','Small, colorful fruits packed with vitamins, antioxidants, and flavor.',301,2,1,15,'Itchy feeling in mouth.',null,'AAYUSH',to_date('06-JUN-24','DD-MON-RR'),'UPDATE',0);
Insert into AAYUSH.AUDIT_PRODUCT (PRODUCT_ID,PRODUCT_NAME,DESCRIPTION,STOCK_LEFT,PRODUCT_PRICE,MIN_ORDER,MAX_ORDER,ALLERGY,PRODUCT_IMAGE,AUDIT_USER,AUDIT_DATE,AUDIT_ACTION,UPDATE_STOCK) values (136,'Berries','Small, colorful fruits packed with vitamins, antioxidants, and flavor.',301,2,1,15,'Itchy feeling in mouth.',null,'AAYUSH',to_date('06-JUN-24','DD-MON-RR'),'UPDATE',0);
Insert into AAYUSH.AUDIT_PRODUCT (PRODUCT_ID,PRODUCT_NAME,DESCRIPTION,STOCK_LEFT,PRODUCT_PRICE,MIN_ORDER,MAX_ORDER,ALLERGY,PRODUCT_IMAGE,AUDIT_USER,AUDIT_DATE,AUDIT_ACTION,UPDATE_STOCK) values (138,'Chocolate','Decadent treat derived from cacao beans, offering a rich, indulgent flavor experience in various forms.',796,3,1,15,'Shortness of breath.',null,'AAYUSH',to_date('06-JUN-24','DD-MON-RR'),'UPDATE',1);
Insert into AAYUSH.AUDIT_PRODUCT (PRODUCT_ID,PRODUCT_NAME,DESCRIPTION,STOCK_LEFT,PRODUCT_PRICE,MIN_ORDER,MAX_ORDER,ALLERGY,PRODUCT_IMAGE,AUDIT_USER,AUDIT_DATE,AUDIT_ACTION,UPDATE_STOCK) values (1,'High fat beef','High quality beef rich in fat',200,2,1,20,'Contains fats ',null,'AAYUSH',to_date('06-JUN-24','DD-MON-RR'),'UPDATE',1);
Insert into AAYUSH.AUDIT_PRODUCT (PRODUCT_ID,PRODUCT_NAME,DESCRIPTION,STOCK_LEFT,PRODUCT_PRICE,MIN_ORDER,MAX_ORDER,ALLERGY,PRODUCT_IMAGE,AUDIT_USER,AUDIT_DATE,AUDIT_ACTION,UPDATE_STOCK) values (2,'Beef steak','Raw beef steak with salt pepper and rosemary on white plate',194,4,1,3,'Contains red meat',null,'AAYUSH',to_date('06-JUN-24','DD-MON-RR'),'UPDATE',1);
Insert into AAYUSH.AUDIT_PRODUCT (PRODUCT_ID,PRODUCT_NAME,DESCRIPTION,STOCK_LEFT,PRODUCT_PRICE,MIN_ORDER,MAX_ORDER,ALLERGY,PRODUCT_IMAGE,AUDIT_USER,AUDIT_DATE,AUDIT_ACTION,UPDATE_STOCK) values (137,'Cheese','A dairy product made from curdled milk, varying widely in flavor, texture, and aroma, enjoyed in countless dishes from around the world.',333,3,1,16,'Upset stomach.',null,'AAYUSH',to_date('06-JUN-24','DD-MON-RR'),'UPDATE',1);
Insert into AAYUSH.AUDIT_PRODUCT (PRODUCT_ID,PRODUCT_NAME,DESCRIPTION,STOCK_LEFT,PRODUCT_PRICE,MIN_ORDER,MAX_ORDER,ALLERGY,PRODUCT_IMAGE,AUDIT_USER,AUDIT_DATE,AUDIT_ACTION,UPDATE_STOCK) values (131,'Fish Fillet','Fish that has been deboned and sliced into flat pieces, ready for cooking.',230,7,1,15,'Trans Fat',null,'AAYUSH',to_date('06-JUN-24','DD-MON-RR'),'UPDATE',1);
Insert into AAYUSH.AUDIT_PRODUCT (PRODUCT_ID,PRODUCT_NAME,DESCRIPTION,STOCK_LEFT,PRODUCT_PRICE,MIN_ORDER,MAX_ORDER,ALLERGY,PRODUCT_IMAGE,AUDIT_USER,AUDIT_DATE,AUDIT_ACTION,UPDATE_STOCK) values (136,'Berries','Small, colorful fruits packed with vitamins, antioxidants, and flavor.',301,2,1,15,'Itchy feeling in mouth.',null,'AAYUSH',to_date('06-JUN-24','DD-MON-RR'),'UPDATE',1);
Insert into AAYUSH.AUDIT_PRODUCT (PRODUCT_ID,PRODUCT_NAME,DESCRIPTION,STOCK_LEFT,PRODUCT_PRICE,MIN_ORDER,MAX_ORDER,ALLERGY,PRODUCT_IMAGE,AUDIT_USER,AUDIT_DATE,AUDIT_ACTION,UPDATE_STOCK) values (136,'Berries','Small, colorful fruits packed with vitamins, antioxidants, and flavor.',300,2,1,15,'Itchy feeling in mouth.',null,'AAYUSH',to_date('06-JUN-24','DD-MON-RR'),'UPDATE',0);
Insert into AAYUSH.AUDIT_PRODUCT (PRODUCT_ID,PRODUCT_NAME,DESCRIPTION,STOCK_LEFT,PRODUCT_PRICE,MIN_ORDER,MAX_ORDER,ALLERGY,PRODUCT_IMAGE,AUDIT_USER,AUDIT_DATE,AUDIT_ACTION,UPDATE_STOCK) values (136,'Berries','Small, colorful fruits packed with vitamins, antioxidants, and flavor.',300,2,1,15,'Itchy feeling in mouth.',null,'AAYUSH',to_date('06-JUN-24','DD-MON-RR'),'UPDATE',0);
Insert into AAYUSH.AUDIT_PRODUCT (PRODUCT_ID,PRODUCT_NAME,DESCRIPTION,STOCK_LEFT,PRODUCT_PRICE,MIN_ORDER,MAX_ORDER,ALLERGY,PRODUCT_IMAGE,AUDIT_USER,AUDIT_DATE,AUDIT_ACTION,UPDATE_STOCK) values (136,'Berries','Small, colorful fruits packed with vitamins, antioxidants, and flavor.',300,2,1,15,'Itchy feeling in mouth.',null,'AAYUSH',to_date('06-JUN-24','DD-MON-RR'),'UPDATE',0);
Insert into AAYUSH.AUDIT_PRODUCT (PRODUCT_ID,PRODUCT_NAME,DESCRIPTION,STOCK_LEFT,PRODUCT_PRICE,MIN_ORDER,MAX_ORDER,ALLERGY,PRODUCT_IMAGE,AUDIT_USER,AUDIT_DATE,AUDIT_ACTION,UPDATE_STOCK) values (1,'High fat beef','High quality beef rich in fat',199,2,1,20,'Contains fats ',null,'AAYUSH',to_date('06-JUN-24','DD-MON-RR'),'UPDATE',1);
Insert into AAYUSH.AUDIT_PRODUCT (PRODUCT_ID,PRODUCT_NAME,DESCRIPTION,STOCK_LEFT,PRODUCT_PRICE,MIN_ORDER,MAX_ORDER,ALLERGY,PRODUCT_IMAGE,AUDIT_USER,AUDIT_DATE,AUDIT_ACTION,UPDATE_STOCK) values (138,'Chocolate','Decadent treat derived from cacao beans, offering a rich, indulgent flavor experience in various forms.',788,3,1,15,'Shortness of breath.',null,'AAYUSH',to_date('06-JUN-24','DD-MON-RR'),'UPDATE',1);
Insert into AAYUSH.AUDIT_PRODUCT (PRODUCT_ID,PRODUCT_NAME,DESCRIPTION,STOCK_LEFT,PRODUCT_PRICE,MIN_ORDER,MAX_ORDER,ALLERGY,PRODUCT_IMAGE,AUDIT_USER,AUDIT_DATE,AUDIT_ACTION,UPDATE_STOCK) values (2,'Beef steak','Raw beef steak with salt pepper and rosemary on white plate',192,4,1,3,'Contains red meat',null,'AAYUSH',to_date('06-JUN-24','DD-MON-RR'),'UPDATE',1);
Insert into AAYUSH.AUDIT_PRODUCT (PRODUCT_ID,PRODUCT_NAME,DESCRIPTION,STOCK_LEFT,PRODUCT_PRICE,MIN_ORDER,MAX_ORDER,ALLERGY,PRODUCT_IMAGE,AUDIT_USER,AUDIT_DATE,AUDIT_ACTION,UPDATE_STOCK) values (136,'Berries','Small, colorful fruits packed with vitamins, antioxidants, and flavor.',300,2,1,15,'Itchy feeling in mouth.',null,'AAYUSH',to_date('06-JUN-24','DD-MON-RR'),'UPDATE',1);
Insert into AAYUSH.AUDIT_PRODUCT (PRODUCT_ID,PRODUCT_NAME,DESCRIPTION,STOCK_LEFT,PRODUCT_PRICE,MIN_ORDER,MAX_ORDER,ALLERGY,PRODUCT_IMAGE,AUDIT_USER,AUDIT_DATE,AUDIT_ACTION,UPDATE_STOCK) values (136,'Berries','Small, colorful fruits packed with vitamins, antioxidants, and flavor.',299,2,1,15,'Itchy feeling in mouth.',null,'AAYUSH',to_date('06-JUN-24','DD-MON-RR'),'UPDATE',1);
Insert into AAYUSH.AUDIT_PRODUCT (PRODUCT_ID,PRODUCT_NAME,DESCRIPTION,STOCK_LEFT,PRODUCT_PRICE,MIN_ORDER,MAX_ORDER,ALLERGY,PRODUCT_IMAGE,AUDIT_USER,AUDIT_DATE,AUDIT_ACTION,UPDATE_STOCK) values (136,'Berries','Small, colorful fruits packed with vitamins, antioxidants, and flavor.',300,2,1,15,'Itchy feeling in mouth.',null,'AAYUSH',to_date('06-JUN-24','DD-MON-RR'),'UPDATE',0);
Insert into AAYUSH.AUDIT_PRODUCT (PRODUCT_ID,PRODUCT_NAME,DESCRIPTION,STOCK_LEFT,PRODUCT_PRICE,MIN_ORDER,MAX_ORDER,ALLERGY,PRODUCT_IMAGE,AUDIT_USER,AUDIT_DATE,AUDIT_ACTION,UPDATE_STOCK) values (136,'Berries','Small, colorful fruits packed with vitamins, antioxidants, and flavor.',300,2,1,15,'Itchy feeling in mouth.',null,'AAYUSH',to_date('06-JUN-24','DD-MON-RR'),'UPDATE',0);
Insert into AAYUSH.AUDIT_PRODUCT (PRODUCT_ID,PRODUCT_NAME,DESCRIPTION,STOCK_LEFT,PRODUCT_PRICE,MIN_ORDER,MAX_ORDER,ALLERGY,PRODUCT_IMAGE,AUDIT_USER,AUDIT_DATE,AUDIT_ACTION,UPDATE_STOCK) values (137,'Cheese','A dairy product made from curdled milk, varying widely in flavor, texture, and aroma, enjoyed in countless dishes from around the world.',340,3,1,16,'Upset stomach.',null,'AAYUSH',to_date('05-JUN-24','DD-MON-RR'),'UPDATE',1);
Insert into AAYUSH.AUDIT_PRODUCT (PRODUCT_ID,PRODUCT_NAME,DESCRIPTION,STOCK_LEFT,PRODUCT_PRICE,MIN_ORDER,MAX_ORDER,ALLERGY,PRODUCT_IMAGE,AUDIT_USER,AUDIT_DATE,AUDIT_ACTION,UPDATE_STOCK) values (136,'Berries','Small, colorful fruits packed with vitamins, antioxidants, and flavor.',340,2,1,15,'Itchy feeling in mouth.',null,'AAYUSH',to_date('05-JUN-24','DD-MON-RR'),'UPDATE',1);
Insert into AAYUSH.AUDIT_PRODUCT (PRODUCT_ID,PRODUCT_NAME,DESCRIPTION,STOCK_LEFT,PRODUCT_PRICE,MIN_ORDER,MAX_ORDER,ALLERGY,PRODUCT_IMAGE,AUDIT_USER,AUDIT_DATE,AUDIT_ACTION,UPDATE_STOCK) values (136,'Berries','Small, colorful fruits packed with vitamins, antioxidants, and flavor.',339,2,1,15,'Itchy feeling in mouth.',null,'AAYUSH',to_date('05-JUN-24','DD-MON-RR'),'UPDATE',1);
Insert into AAYUSH.AUDIT_PRODUCT (PRODUCT_ID,PRODUCT_NAME,DESCRIPTION,STOCK_LEFT,PRODUCT_PRICE,MIN_ORDER,MAX_ORDER,ALLERGY,PRODUCT_IMAGE,AUDIT_USER,AUDIT_DATE,AUDIT_ACTION,UPDATE_STOCK) values (136,'Berries','Small, colorful fruits packed with vitamins, antioxidants, and flavor.',337,2,1,15,'Itchy feeling in mouth.',null,'AAYUSH',to_date('05-JUN-24','DD-MON-RR'),'UPDATE',1);
Insert into AAYUSH.AUDIT_PRODUCT (PRODUCT_ID,PRODUCT_NAME,DESCRIPTION,STOCK_LEFT,PRODUCT_PRICE,MIN_ORDER,MAX_ORDER,ALLERGY,PRODUCT_IMAGE,AUDIT_USER,AUDIT_DATE,AUDIT_ACTION,UPDATE_STOCK) values (138,'Chocolate','Decadent treat derived from cacao beans, offering a rich, indulgent flavor experience in various forms.',800,3,1,15,'Shortness of breath.',null,'AAYUSH',to_date('05-JUN-24','DD-MON-RR'),'UPDATE',1);
Insert into AAYUSH.AUDIT_PRODUCT (PRODUCT_ID,PRODUCT_NAME,DESCRIPTION,STOCK_LEFT,PRODUCT_PRICE,MIN_ORDER,MAX_ORDER,ALLERGY,PRODUCT_IMAGE,AUDIT_USER,AUDIT_DATE,AUDIT_ACTION,UPDATE_STOCK) values (139,'Honey','Sweet, viscous liquid produced by bees from flower nectar, prized for its natural sweetness, versatility in cooking, and potential health benefits.',340,5,1,12,'Vomiting',null,'AAYUSH',to_date('05-JUN-24','DD-MON-RR'),'UPDATE',1);
Insert into AAYUSH.AUDIT_PRODUCT (PRODUCT_ID,PRODUCT_NAME,DESCRIPTION,STOCK_LEFT,PRODUCT_PRICE,MIN_ORDER,MAX_ORDER,ALLERGY,PRODUCT_IMAGE,AUDIT_USER,AUDIT_DATE,AUDIT_ACTION,UPDATE_STOCK) values (137,'Cheese','A dairy product made from curdled milk, varying widely in flavor, texture, and aroma, enjoyed in countless dishes from around the world.',336,3,1,16,'Upset stomach.',null,'AAYUSH',to_date('05-JUN-24','DD-MON-RR'),'UPDATE',0);
Insert into AAYUSH.AUDIT_PRODUCT (PRODUCT_ID,PRODUCT_NAME,DESCRIPTION,STOCK_LEFT,PRODUCT_PRICE,MIN_ORDER,MAX_ORDER,ALLERGY,PRODUCT_IMAGE,AUDIT_USER,AUDIT_DATE,AUDIT_ACTION,UPDATE_STOCK) values (137,'Cheese','A dairy product made from curdled milk, varying widely in flavor, texture, and aroma, enjoyed in countless dishes from around the world.',336,3,1,16,'Upset stomach.',null,'AAYUSH',to_date('05-JUN-24','DD-MON-RR'),'UPDATE',0);
Insert into AAYUSH.AUDIT_PRODUCT (PRODUCT_ID,PRODUCT_NAME,DESCRIPTION,STOCK_LEFT,PRODUCT_PRICE,MIN_ORDER,MAX_ORDER,ALLERGY,PRODUCT_IMAGE,AUDIT_USER,AUDIT_DATE,AUDIT_ACTION,UPDATE_STOCK) values (2,'Beef steak','Raw beef steak with salt pepper and rosemary on white plate',200,4,1,3,'Contains red meat',null,'AAYUSH',to_date('06-JUN-24','DD-MON-RR'),'UPDATE',1);
Insert into AAYUSH.AUDIT_PRODUCT (PRODUCT_ID,PRODUCT_NAME,DESCRIPTION,STOCK_LEFT,PRODUCT_PRICE,MIN_ORDER,MAX_ORDER,ALLERGY,PRODUCT_IMAGE,AUDIT_USER,AUDIT_DATE,AUDIT_ACTION,UPDATE_STOCK) values (137,'Cheese','A dairy product made from curdled milk, varying widely in flavor, texture, and aroma, enjoyed in countless dishes from around the world.',334,3,1,16,'Upset stomach.',null,'AAYUSH',to_date('06-JUN-24','DD-MON-RR'),'UPDATE',1);
Insert into AAYUSH.AUDIT_PRODUCT (PRODUCT_ID,PRODUCT_NAME,DESCRIPTION,STOCK_LEFT,PRODUCT_PRICE,MIN_ORDER,MAX_ORDER,ALLERGY,PRODUCT_IMAGE,AUDIT_USER,AUDIT_DATE,AUDIT_ACTION,UPDATE_STOCK) values (8,'Broccoli','edible green plant in the cabbage family.',200,2,1,20,'High in natural chemical salicylates',null,'AAYUSH',to_date('06-JUN-24','DD-MON-RR'),'UPDATE',1);
Insert into AAYUSH.AUDIT_PRODUCT (PRODUCT_ID,PRODUCT_NAME,DESCRIPTION,STOCK_LEFT,PRODUCT_PRICE,MIN_ORDER,MAX_ORDER,ALLERGY,PRODUCT_IMAGE,AUDIT_USER,AUDIT_DATE,AUDIT_ACTION,UPDATE_STOCK) values (7,'Chili','It is hollow with many seeds.',200,2,1,20,'Itching or tingling in the mouth, nausea, vomiting.',null,'AAYUSH',to_date('06-JUN-24','DD-MON-RR'),'UPDATE',1);
Insert into AAYUSH.AUDIT_PRODUCT (PRODUCT_ID,PRODUCT_NAME,DESCRIPTION,STOCK_LEFT,PRODUCT_PRICE,MIN_ORDER,MAX_ORDER,ALLERGY,PRODUCT_IMAGE,AUDIT_USER,AUDIT_DATE,AUDIT_ACTION,UPDATE_STOCK) values (10,'Onion','a round vegetable with a brown skin that grows underground.',200,2,1,20,'contains a lipid transfer protein.',null,'AAYUSH',to_date('06-JUN-24','DD-MON-RR'),'UPDATE',1);
Insert into AAYUSH.AUDIT_PRODUCT (PRODUCT_ID,PRODUCT_NAME,DESCRIPTION,STOCK_LEFT,PRODUCT_PRICE,MIN_ORDER,MAX_ORDER,ALLERGY,PRODUCT_IMAGE,AUDIT_USER,AUDIT_DATE,AUDIT_ACTION,UPDATE_STOCK) values (136,'Berries','Small, colorful fruits packed with vitamins, antioxidants, and flavor.',300,2,1,15,'Itchy feeling in mouth.',null,'AAYUSH',to_date('06-JUN-24','DD-MON-RR'),'UPDATE',0);
Insert into AAYUSH.AUDIT_PRODUCT (PRODUCT_ID,PRODUCT_NAME,DESCRIPTION,STOCK_LEFT,PRODUCT_PRICE,MIN_ORDER,MAX_ORDER,ALLERGY,PRODUCT_IMAGE,AUDIT_USER,AUDIT_DATE,AUDIT_ACTION,UPDATE_STOCK) values (138,'Chocolate','Decadent treat derived from cacao beans, offering a rich, indulgent flavor experience in various forms.',798,3,1,15,'Shortness of breath.',null,'AAYUSH',to_date('05-JUN-24','DD-MON-RR'),'UPDATE',1);
Insert into AAYUSH.AUDIT_PRODUCT (PRODUCT_ID,PRODUCT_NAME,DESCRIPTION,STOCK_LEFT,PRODUCT_PRICE,MIN_ORDER,MAX_ORDER,ALLERGY,PRODUCT_IMAGE,AUDIT_USER,AUDIT_DATE,AUDIT_ACTION,UPDATE_STOCK) values (137,'Cheese','A dairy product made from curdled milk, varying widely in flavor, texture, and aroma, enjoyed in countless dishes from around the world.',336,3,1,16,'Upset stomach.',null,'AAYUSH',to_date('05-JUN-24','DD-MON-RR'),'UPDATE',1);
Insert into AAYUSH.AUDIT_PRODUCT (PRODUCT_ID,PRODUCT_NAME,DESCRIPTION,STOCK_LEFT,PRODUCT_PRICE,MIN_ORDER,MAX_ORDER,ALLERGY,PRODUCT_IMAGE,AUDIT_USER,AUDIT_DATE,AUDIT_ACTION,UPDATE_STOCK) values (136,'Berries','Small, colorful fruits packed with vitamins, antioxidants, and flavor.',334,2,1,15,'Itchy feeling in mouth.',null,'AAYUSH',to_date('05-JUN-24','DD-MON-RR'),'UPDATE',1);
Insert into AAYUSH.AUDIT_PRODUCT (PRODUCT_ID,PRODUCT_NAME,DESCRIPTION,STOCK_LEFT,PRODUCT_PRICE,MIN_ORDER,MAX_ORDER,ALLERGY,PRODUCT_IMAGE,AUDIT_USER,AUDIT_DATE,AUDIT_ACTION,UPDATE_STOCK) values (183,'sushui','sudhi fresh',100,20,1,20,'contains rice',null,null,to_date('06-JUN-24','DD-MON-RR'),'INSERT',0);
Insert into AAYUSH.AUDIT_PRODUCT (PRODUCT_ID,PRODUCT_NAME,DESCRIPTION,STOCK_LEFT,PRODUCT_PRICE,MIN_ORDER,MAX_ORDER,ALLERGY,PRODUCT_IMAGE,AUDIT_USER,AUDIT_DATE,AUDIT_ACTION,UPDATE_STOCK) values (183,'sushui','sudhi fresh',100,20,1,20,'contains rice',null,'AAYUSH',to_date('06-JUN-24','DD-MON-RR'),'UPDATE',0);
Insert into AAYUSH.AUDIT_PRODUCT (PRODUCT_ID,PRODUCT_NAME,DESCRIPTION,STOCK_LEFT,PRODUCT_PRICE,MIN_ORDER,MAX_ORDER,ALLERGY,PRODUCT_IMAGE,AUDIT_USER,AUDIT_DATE,AUDIT_ACTION,UPDATE_STOCK) values (163,'aayush','it''s me dio',1,11,1,1,'no allergy',null,'AAYUSH',to_date('05-JUN-24','DD-MON-RR'),'UPDATE',0);
Insert into AAYUSH.AUDIT_PRODUCT (PRODUCT_ID,PRODUCT_NAME,DESCRIPTION,STOCK_LEFT,PRODUCT_PRICE,MIN_ORDER,MAX_ORDER,ALLERGY,PRODUCT_IMAGE,AUDIT_USER,AUDIT_DATE,AUDIT_ACTION,UPDATE_STOCK) values (123,'Pork','Pork is the meat of the domestic pig',200,35,1,10,'Contains fat',null,'AAYUSH',to_date('05-JUN-24','DD-MON-RR'),'INSERT',0);
Insert into AAYUSH.AUDIT_PRODUCT (PRODUCT_ID,PRODUCT_NAME,DESCRIPTION,STOCK_LEFT,PRODUCT_PRICE,MIN_ORDER,MAX_ORDER,ALLERGY,PRODUCT_IMAGE,AUDIT_USER,AUDIT_DATE,AUDIT_ACTION,UPDATE_STOCK) values (6,'Apple','Round fruit with red or green skin and a whitish inside',200,35,1,10,'Most apple allergic patients notice itching of mouth and throat, and itching, redness and swelling of the lips',null,'AAYUSH',to_date('05-JUN-24','DD-MON-RR'),'UPDATE',1);
Insert into AAYUSH.AUDIT_PRODUCT (PRODUCT_ID,PRODUCT_NAME,DESCRIPTION,STOCK_LEFT,PRODUCT_PRICE,MIN_ORDER,MAX_ORDER,ALLERGY,PRODUCT_IMAGE,AUDIT_USER,AUDIT_DATE,AUDIT_ACTION,UPDATE_STOCK) values (5,'Wagyu','Wagyu refers to all Japanese beef cattle',200,40,1,10,'It contains casein',null,'AAYUSH',to_date('05-JUN-24','DD-MON-RR'),'UPDATE',1);
Insert into AAYUSH.AUDIT_PRODUCT (PRODUCT_ID,PRODUCT_NAME,DESCRIPTION,STOCK_LEFT,PRODUCT_PRICE,MIN_ORDER,MAX_ORDER,ALLERGY,PRODUCT_IMAGE,AUDIT_USER,AUDIT_DATE,AUDIT_ACTION,UPDATE_STOCK) values (4,'Pork','Pork is the meat of the domestic pig',200,35,1,10,'Contains fat',null,'AAYUSH',to_date('05-JUN-24','DD-MON-RR'),'UPDATE',1);
Insert into AAYUSH.AUDIT_PRODUCT (PRODUCT_ID,PRODUCT_NAME,DESCRIPTION,STOCK_LEFT,PRODUCT_PRICE,MIN_ORDER,MAX_ORDER,ALLERGY,PRODUCT_IMAGE,AUDIT_USER,AUDIT_DATE,AUDIT_ACTION,UPDATE_STOCK) values (128,'Capsicum','has crisp, shiny, moist flesh and hollow with a seeded core.',200,2,1,20,'difficulty breathing, closing of throat, swelling of lips, tongue or face',null,'AAYUSH',to_date('05-JUN-24','DD-MON-RR'),'INSERT',0);
Insert into AAYUSH.AUDIT_PRODUCT (PRODUCT_ID,PRODUCT_NAME,DESCRIPTION,STOCK_LEFT,PRODUCT_PRICE,MIN_ORDER,MAX_ORDER,ALLERGY,PRODUCT_IMAGE,AUDIT_USER,AUDIT_DATE,AUDIT_ACTION,UPDATE_STOCK) values (8,'Broccoli','edible green plant in the cabbage family.',200,2,1,20,'High in natural chemical salicylates',null,'ANONYMOUS',to_date('05-JUN-24','DD-MON-RR'),'UPDATE',0);
Insert into AAYUSH.AUDIT_PRODUCT (PRODUCT_ID,PRODUCT_NAME,DESCRIPTION,STOCK_LEFT,PRODUCT_PRICE,MIN_ORDER,MAX_ORDER,ALLERGY,PRODUCT_IMAGE,AUDIT_USER,AUDIT_DATE,AUDIT_ACTION,UPDATE_STOCK) values (8,'Broccoli','edible green plant in the cabbage family.',200,2,1,20,'High in natural chemical salicylates',null,'ANONYMOUS',to_date('05-JUN-24','DD-MON-RR'),'UPDATE',0);
Insert into AAYUSH.AUDIT_PRODUCT (PRODUCT_ID,PRODUCT_NAME,DESCRIPTION,STOCK_LEFT,PRODUCT_PRICE,MIN_ORDER,MAX_ORDER,ALLERGY,PRODUCT_IMAGE,AUDIT_USER,AUDIT_DATE,AUDIT_ACTION,UPDATE_STOCK) values (9,'Capsicum','has crisp, shiny, moist flesh and hollow with a seeded core.',200,2,1,20,'difficulty breathing, closing of throat, swelling of lips, tongue or face',null,'ANONYMOUS',to_date('05-JUN-24','DD-MON-RR'),'UPDATE',0);
Insert into AAYUSH.AUDIT_PRODUCT (PRODUCT_ID,PRODUCT_NAME,DESCRIPTION,STOCK_LEFT,PRODUCT_PRICE,MIN_ORDER,MAX_ORDER,ALLERGY,PRODUCT_IMAGE,AUDIT_USER,AUDIT_DATE,AUDIT_ACTION,UPDATE_STOCK) values (10,'Onion','a round vegetable with a brown skin that grows underground.',200,2,1,20,'a lipid transfer protein.',null,'ANONYMOUS',to_date('05-JUN-24','DD-MON-RR'),'UPDATE',0);
Insert into AAYUSH.AUDIT_PRODUCT (PRODUCT_ID,PRODUCT_NAME,DESCRIPTION,STOCK_LEFT,PRODUCT_PRICE,MIN_ORDER,MAX_ORDER,ALLERGY,PRODUCT_IMAGE,AUDIT_USER,AUDIT_DATE,AUDIT_ACTION,UPDATE_STOCK) values (134,'Tuna ','Large, swift ocean fish prized for its meaty texture and rich flavor, a staple in sushi, salads, and sandwiches worldwide.',null,null,1,16,'Mild discomfort',null,'AAYUSH',to_date('05-JUN-24','DD-MON-RR'),'INSERT',0);
Insert into AAYUSH.AUDIT_PRODUCT (PRODUCT_ID,PRODUCT_NAME,DESCRIPTION,STOCK_LEFT,PRODUCT_PRICE,MIN_ORDER,MAX_ORDER,ALLERGY,PRODUCT_IMAGE,AUDIT_USER,AUDIT_DATE,AUDIT_ACTION,UPDATE_STOCK) values (132,'Salmon','A flavorful and nutritious fish, prized for its pink flesh and versatility in cooking, popular in various cuisines worldwide.',null,null,1,16,'Vomiting',null,'ANONYMOUS',to_date('05-JUN-24','DD-MON-RR'),'UPDATE',0);
Insert into AAYUSH.AUDIT_PRODUCT (PRODUCT_ID,PRODUCT_NAME,DESCRIPTION,STOCK_LEFT,PRODUCT_PRICE,MIN_ORDER,MAX_ORDER,ALLERGY,PRODUCT_IMAGE,AUDIT_USER,AUDIT_DATE,AUDIT_ACTION,UPDATE_STOCK) values (132,'Salmon','A flavorful and nutritious fish, prized for its pink flesh and versatility in cooking, popular in various cuisines worldwide.',null,null,1,16,'Vomiting',null,'ANONYMOUS',to_date('05-JUN-24','DD-MON-RR'),'UPDATE',0);
Insert into AAYUSH.AUDIT_PRODUCT (PRODUCT_ID,PRODUCT_NAME,DESCRIPTION,STOCK_LEFT,PRODUCT_PRICE,MIN_ORDER,MAX_ORDER,ALLERGY,PRODUCT_IMAGE,AUDIT_USER,AUDIT_DATE,AUDIT_ACTION,UPDATE_STOCK) values (130,'Catfish','Fish with whisker-like barbels, known for deceiving online identities.',null,45,1,10,'Fish with barbels and a knack for deception, both in water and online.',null,'ANONYMOUS',to_date('05-JUN-24','DD-MON-RR'),'UPDATE',0);
Insert into AAYUSH.AUDIT_PRODUCT (PRODUCT_ID,PRODUCT_NAME,DESCRIPTION,STOCK_LEFT,PRODUCT_PRICE,MIN_ORDER,MAX_ORDER,ALLERGY,PRODUCT_IMAGE,AUDIT_USER,AUDIT_DATE,AUDIT_ACTION,UPDATE_STOCK) values (136,'Berries','Small, colorful fruits packed with vitamins, antioxidants, and flavor.',null,null,1,15,'Itchy feeling in mouth.',null,'ANONYMOUS',to_date('05-JUN-24','DD-MON-RR'),'UPDATE',0);
Insert into AAYUSH.AUDIT_PRODUCT (PRODUCT_ID,PRODUCT_NAME,DESCRIPTION,STOCK_LEFT,PRODUCT_PRICE,MIN_ORDER,MAX_ORDER,ALLERGY,PRODUCT_IMAGE,AUDIT_USER,AUDIT_DATE,AUDIT_ACTION,UPDATE_STOCK) values (142,'Chocolate Cake','Indulgent dessert made with cocoa, flour, sugar, and eggs, layered with creamy frosting or served plain, beloved for its rich, decadent flavor and moist texture.',null,null,1,12,'Vomiting',null,'ANONYMOUS',to_date('05-JUN-24','DD-MON-RR'),'UPDATE',0);
Insert into AAYUSH.AUDIT_PRODUCT (PRODUCT_ID,PRODUCT_NAME,DESCRIPTION,STOCK_LEFT,PRODUCT_PRICE,MIN_ORDER,MAX_ORDER,ALLERGY,PRODUCT_IMAGE,AUDIT_USER,AUDIT_DATE,AUDIT_ACTION,UPDATE_STOCK) values (141,'Brownbread','Nutritious bread made from whole grain flour, rich in fiber and nutrients, offering a hearty, slightly nutty flavor and a wholesome addition to meals.',null,null,1,20,'Itching',null,'ANONYMOUS',to_date('05-JUN-24','DD-MON-RR'),'UPDATE',0);
Insert into AAYUSH.AUDIT_PRODUCT (PRODUCT_ID,PRODUCT_NAME,DESCRIPTION,STOCK_LEFT,PRODUCT_PRICE,MIN_ORDER,MAX_ORDER,ALLERGY,PRODUCT_IMAGE,AUDIT_USER,AUDIT_DATE,AUDIT_ACTION,UPDATE_STOCK) values (137,'Cheese','A dairy product made from curdled milk, varying widely in flavor, texture, and aroma, enjoyed in countless dishes from around the world.',null,null,1,16,'Upset stomach.',null,'ANONYMOUS',to_date('05-JUN-24','DD-MON-RR'),'UPDATE',0);
Insert into AAYUSH.AUDIT_PRODUCT (PRODUCT_ID,PRODUCT_NAME,DESCRIPTION,STOCK_LEFT,PRODUCT_PRICE,MIN_ORDER,MAX_ORDER,ALLERGY,PRODUCT_IMAGE,AUDIT_USER,AUDIT_DATE,AUDIT_ACTION,UPDATE_STOCK) values (138,'Chocolate','Decadent treat derived from cacao beans, offering a rich, indulgent flavor experience in various forms.',null,null,1,15,'Shortness of breath.',null,'ANONYMOUS',to_date('05-JUN-24','DD-MON-RR'),'UPDATE',0);
Insert into AAYUSH.AUDIT_PRODUCT (PRODUCT_ID,PRODUCT_NAME,DESCRIPTION,STOCK_LEFT,PRODUCT_PRICE,MIN_ORDER,MAX_ORDER,ALLERGY,PRODUCT_IMAGE,AUDIT_USER,AUDIT_DATE,AUDIT_ACTION,UPDATE_STOCK) values (140,'Juice','Liquid extracted from fruits or vegetables, bursting with vitamins, minerals, and refreshing flavor, enjoyed as a standalone beverage or mixed in cocktails and smoothies.',null,null,1,16,'Itching',null,'ANONYMOUS',to_date('05-JUN-24','DD-MON-RR'),'UPDATE',0);
Insert into AAYUSH.AUDIT_PRODUCT (PRODUCT_ID,PRODUCT_NAME,DESCRIPTION,STOCK_LEFT,PRODUCT_PRICE,MIN_ORDER,MAX_ORDER,ALLERGY,PRODUCT_IMAGE,AUDIT_USER,AUDIT_DATE,AUDIT_ACTION,UPDATE_STOCK) values (134,'Tuna ','Large, swift ocean fish prized for its meaty texture and rich flavor, a staple in sushi, salads, and sandwiches worldwide.',null,null,1,16,'Mild discomfort',null,'ANONYMOUS',to_date('05-JUN-24','DD-MON-RR'),'UPDATE',0);
Insert into AAYUSH.AUDIT_PRODUCT (PRODUCT_ID,PRODUCT_NAME,DESCRIPTION,STOCK_LEFT,PRODUCT_PRICE,MIN_ORDER,MAX_ORDER,ALLERGY,PRODUCT_IMAGE,AUDIT_USER,AUDIT_DATE,AUDIT_ACTION,UPDATE_STOCK) values (145,'Vanilla Cake','A classic dessert made with vanilla-flavored batter, typically composed of flour, sugar, butter, eggs, and vanilla extract, baked until light and fluffy, often served with frosting.',null,8,1,19,'Bloating',null,'ANONYMOUS',to_date('05-JUN-24','DD-MON-RR'),'UPDATE',0);
Insert into AAYUSH.AUDIT_PRODUCT (PRODUCT_ID,PRODUCT_NAME,DESCRIPTION,STOCK_LEFT,PRODUCT_PRICE,MIN_ORDER,MAX_ORDER,ALLERGY,PRODUCT_IMAGE,AUDIT_USER,AUDIT_DATE,AUDIT_ACTION,UPDATE_STOCK) values (143,'Donuts','Circular fried dough confections, often sweetened, glazed, or filled with various toppings or fillings, enjoyed as a popular treat or dessert in many cultures.',null,5,1,6,'Bloating',null,'ANONYMOUS',to_date('05-JUN-24','DD-MON-RR'),'UPDATE',0);
Insert into AAYUSH.AUDIT_PRODUCT (PRODUCT_ID,PRODUCT_NAME,DESCRIPTION,STOCK_LEFT,PRODUCT_PRICE,MIN_ORDER,MAX_ORDER,ALLERGY,PRODUCT_IMAGE,AUDIT_USER,AUDIT_DATE,AUDIT_ACTION,UPDATE_STOCK) values (144,'Pastry',' A dough-based food made from flour, fat, and water, used as a base or covering for various sweet or savory dishes, including pies, tarts, quiches, and pastries such as croissants and danishes.',null,7,1,18,'Headache',null,'ANONYMOUS',to_date('05-JUN-24','DD-MON-RR'),'UPDATE',0);
Insert into AAYUSH.AUDIT_PRODUCT (PRODUCT_ID,PRODUCT_NAME,DESCRIPTION,STOCK_LEFT,PRODUCT_PRICE,MIN_ORDER,MAX_ORDER,ALLERGY,PRODUCT_IMAGE,AUDIT_USER,AUDIT_DATE,AUDIT_ACTION,UPDATE_STOCK) values (142,'Chocolate Cake','Indulgent dessert made with cocoa, flour, sugar, and eggs, layered with creamy frosting or served plain, beloved for its rich, decadent flavor and moist texture.',null,6,1,12,'Vomiting',null,'ANONYMOUS',to_date('05-JUN-24','DD-MON-RR'),'UPDATE',0);
Insert into AAYUSH.AUDIT_PRODUCT (PRODUCT_ID,PRODUCT_NAME,DESCRIPTION,STOCK_LEFT,PRODUCT_PRICE,MIN_ORDER,MAX_ORDER,ALLERGY,PRODUCT_IMAGE,AUDIT_USER,AUDIT_DATE,AUDIT_ACTION,UPDATE_STOCK) values (131,'Fish Fillet','Fish that has been deboned and sliced into flat pieces, ready for cooking.',null,7,1,15,'Trans Fat',null,'ANONYMOUS',to_date('05-JUN-24','DD-MON-RR'),'UPDATE',0);
Insert into AAYUSH.AUDIT_PRODUCT (PRODUCT_ID,PRODUCT_NAME,DESCRIPTION,STOCK_LEFT,PRODUCT_PRICE,MIN_ORDER,MAX_ORDER,ALLERGY,PRODUCT_IMAGE,AUDIT_USER,AUDIT_DATE,AUDIT_ACTION,UPDATE_STOCK) values (133,'Trout','Freshwater fish admired for its delicate flavor and firm texture, cherished by anglers and gourmands alike for its versatility in cooking.',null,4,1,19,'Contains red meat',null,'ANONYMOUS',to_date('05-JUN-24','DD-MON-RR'),'UPDATE',0);
Insert into AAYUSH.AUDIT_PRODUCT (PRODUCT_ID,PRODUCT_NAME,DESCRIPTION,STOCK_LEFT,PRODUCT_PRICE,MIN_ORDER,MAX_ORDER,ALLERGY,PRODUCT_IMAGE,AUDIT_USER,AUDIT_DATE,AUDIT_ACTION,UPDATE_STOCK) values (136,'Berries','Small, colorful fruits packed with vitamins, antioxidants, and flavor.',null,2,1,15,'Itchy feeling in mouth.',null,'ANONYMOUS',to_date('05-JUN-24','DD-MON-RR'),'UPDATE',0);
Insert into AAYUSH.AUDIT_PRODUCT (PRODUCT_ID,PRODUCT_NAME,DESCRIPTION,STOCK_LEFT,PRODUCT_PRICE,MIN_ORDER,MAX_ORDER,ALLERGY,PRODUCT_IMAGE,AUDIT_USER,AUDIT_DATE,AUDIT_ACTION,UPDATE_STOCK) values (137,'Cheese','A dairy product made from curdled milk, varying widely in flavor, texture, and aroma, enjoyed in countless dishes from around the world.',null,3,1,16,'Upset stomach.',null,'ANONYMOUS',to_date('05-JUN-24','DD-MON-RR'),'UPDATE',0);
Insert into AAYUSH.AUDIT_PRODUCT (PRODUCT_ID,PRODUCT_NAME,DESCRIPTION,STOCK_LEFT,PRODUCT_PRICE,MIN_ORDER,MAX_ORDER,ALLERGY,PRODUCT_IMAGE,AUDIT_USER,AUDIT_DATE,AUDIT_ACTION,UPDATE_STOCK) values (138,'Chocolate','Decadent treat derived from cacao beans, offering a rich, indulgent flavor experience in various forms.',null,3,1,15,'Shortness of breath.',null,'ANONYMOUS',to_date('05-JUN-24','DD-MON-RR'),'UPDATE',0);
Insert into AAYUSH.AUDIT_PRODUCT (PRODUCT_ID,PRODUCT_NAME,DESCRIPTION,STOCK_LEFT,PRODUCT_PRICE,MIN_ORDER,MAX_ORDER,ALLERGY,PRODUCT_IMAGE,AUDIT_USER,AUDIT_DATE,AUDIT_ACTION,UPDATE_STOCK) values (140,'Juice','Liquid extracted from fruits or vegetables, bursting with vitamins, minerals, and refreshing flavor, enjoyed as a standalone beverage or mixed in cocktails and smoothies.',null,12,1,16,'Itching',null,'ANONYMOUS',to_date('05-JUN-24','DD-MON-RR'),'UPDATE',0);
Insert into AAYUSH.AUDIT_PRODUCT (PRODUCT_ID,PRODUCT_NAME,DESCRIPTION,STOCK_LEFT,PRODUCT_PRICE,MIN_ORDER,MAX_ORDER,ALLERGY,PRODUCT_IMAGE,AUDIT_USER,AUDIT_DATE,AUDIT_ACTION,UPDATE_STOCK) values (136,'Berries','Small, colorful fruits packed with vitamins, antioxidants, and flavor.',334,2,1,15,'Itchy feeling in mouth.',null,'ANONYMOUS',to_date('05-JUN-24','DD-MON-RR'),'UPDATE',0);
Insert into AAYUSH.AUDIT_PRODUCT (PRODUCT_ID,PRODUCT_NAME,DESCRIPTION,STOCK_LEFT,PRODUCT_PRICE,MIN_ORDER,MAX_ORDER,ALLERGY,PRODUCT_IMAGE,AUDIT_USER,AUDIT_DATE,AUDIT_ACTION,UPDATE_STOCK) values (163,'aayush','it''s me dio',1,11,1,1,'no allergy',null,null,to_date('05-JUN-24','DD-MON-RR'),'INSERT',0);
Insert into AAYUSH.AUDIT_PRODUCT (PRODUCT_ID,PRODUCT_NAME,DESCRIPTION,STOCK_LEFT,PRODUCT_PRICE,MIN_ORDER,MAX_ORDER,ALLERGY,PRODUCT_IMAGE,AUDIT_USER,AUDIT_DATE,AUDIT_ACTION,UPDATE_STOCK) values (163,'aayush','it''s me dio',1,11,1,1,'no allergy',null,'AAYUSH',to_date('05-JUN-24','DD-MON-RR'),'UPDATE',0);
Insert into AAYUSH.AUDIT_PRODUCT (PRODUCT_ID,PRODUCT_NAME,DESCRIPTION,STOCK_LEFT,PRODUCT_PRICE,MIN_ORDER,MAX_ORDER,ALLERGY,PRODUCT_IMAGE,AUDIT_USER,AUDIT_DATE,AUDIT_ACTION,UPDATE_STOCK) values (163,'aayush','it''s me dio',1,11,1,1,'no allergy',null,'AAYUSH',to_date('05-JUN-24','DD-MON-RR'),'UPDATE',0);
Insert into AAYUSH.AUDIT_PRODUCT (PRODUCT_ID,PRODUCT_NAME,DESCRIPTION,STOCK_LEFT,PRODUCT_PRICE,MIN_ORDER,MAX_ORDER,ALLERGY,PRODUCT_IMAGE,AUDIT_USER,AUDIT_DATE,AUDIT_ACTION,UPDATE_STOCK) values (138,'Chocolate','Decadent treat derived from cacao beans, offering a rich, indulgent flavor experience in various forms.',796,3,1,15,'Shortness of breath.',null,'ANONYMOUS',to_date('06-JUN-24','DD-MON-RR'),'UPDATE',0);
Insert into AAYUSH.AUDIT_PRODUCT (PRODUCT_ID,PRODUCT_NAME,DESCRIPTION,STOCK_LEFT,PRODUCT_PRICE,MIN_ORDER,MAX_ORDER,ALLERGY,PRODUCT_IMAGE,AUDIT_USER,AUDIT_DATE,AUDIT_ACTION,UPDATE_STOCK) values (141,'Brownbread','Nutritious bread made from whole grain flour, rich in fiber and nutrients, offering a hearty, slightly nutty flavor and a wholesome addition to meals.',220,3,1,20,'Itching',null,'ANONYMOUS',to_date('06-JUN-24','DD-MON-RR'),'UPDATE',0);
Insert into AAYUSH.AUDIT_PRODUCT (PRODUCT_ID,PRODUCT_NAME,DESCRIPTION,STOCK_LEFT,PRODUCT_PRICE,MIN_ORDER,MAX_ORDER,ALLERGY,PRODUCT_IMAGE,AUDIT_USER,AUDIT_DATE,AUDIT_ACTION,UPDATE_STOCK) values (142,'Chocolate Cake','Indulgent dessert made with cocoa, flour, sugar, and eggs, layered with creamy frosting or served plain, beloved for its rich, decadent flavor and moist texture.',230,6,1,12,'Vomiting',null,'ANONYMOUS',to_date('06-JUN-24','DD-MON-RR'),'UPDATE',0);
Insert into AAYUSH.AUDIT_PRODUCT (PRODUCT_ID,PRODUCT_NAME,DESCRIPTION,STOCK_LEFT,PRODUCT_PRICE,MIN_ORDER,MAX_ORDER,ALLERGY,PRODUCT_IMAGE,AUDIT_USER,AUDIT_DATE,AUDIT_ACTION,UPDATE_STOCK) values (143,'Donuts','Circular fried dough confections, often sweetened, glazed, or filled with various toppings or fillings, enjoyed as a popular treat or dessert in many cultures.',200,5,1,6,'Bloating',null,'ANONYMOUS',to_date('06-JUN-24','DD-MON-RR'),'UPDATE',0);
Insert into AAYUSH.AUDIT_PRODUCT (PRODUCT_ID,PRODUCT_NAME,DESCRIPTION,STOCK_LEFT,PRODUCT_PRICE,MIN_ORDER,MAX_ORDER,ALLERGY,PRODUCT_IMAGE,AUDIT_USER,AUDIT_DATE,AUDIT_ACTION,UPDATE_STOCK) values (144,'Pastry',' A dough-based food made from flour, fat, and water, used as a base or covering for various sweet or savory dishes, including pies, tarts, quiches, and pastries such as croissants and danishes.',200,7,1,18,'Headache',null,'ANONYMOUS',to_date('06-JUN-24','DD-MON-RR'),'UPDATE',0);
REM INSERTING into AAYUSH.CART
SET DEFINE OFF;
Insert into AAYUSH.CART (CART_ID,FK2_USER_ID) values (4,55);
Insert into AAYUSH.CART (CART_ID,FK2_USER_ID) values (23,66);
Insert into AAYUSH.CART (CART_ID,FK2_USER_ID) values (42,82);
Insert into AAYUSH.CART (CART_ID,FK2_USER_ID) values (22,63);
Insert into AAYUSH.CART (CART_ID,FK2_USER_ID) values (62,17);
Insert into AAYUSH.CART (CART_ID,FK2_USER_ID) values (63,61);
Insert into AAYUSH.CART (CART_ID,FK2_USER_ID) values (65,122);
Insert into AAYUSH.CART (CART_ID,FK2_USER_ID) values (66,123);
Insert into AAYUSH.CART (CART_ID,FK2_USER_ID) values (43,83);
Insert into AAYUSH.CART (CART_ID,FK2_USER_ID) values (44,84);
REM INSERTING into AAYUSH.COLLECTION_SLOT
SET DEFINE OFF;
Insert into AAYUSH.COLLECTION_SLOT (SLOT_ID,SLOT_DAY,SLOT_TIME,SLOT_END_TIME) values (1,'Wednesday',to_timestamp('01-MAY-24 10.00.00.000000000 AM','DD-MON-RR HH.MI.SSXFF AM'),to_timestamp('01-MAY-24 01.00.00.000000000 PM','DD-MON-RR HH.MI.SSXFF AM'));
Insert into AAYUSH.COLLECTION_SLOT (SLOT_ID,SLOT_DAY,SLOT_TIME,SLOT_END_TIME) values (2,'Thursday',to_timestamp('01-MAY-24 10.00.00.000000000 AM','DD-MON-RR HH.MI.SSXFF AM'),to_timestamp('01-MAY-24 01.00.00.000000000 PM','DD-MON-RR HH.MI.SSXFF AM'));
Insert into AAYUSH.COLLECTION_SLOT (SLOT_ID,SLOT_DAY,SLOT_TIME,SLOT_END_TIME) values (3,'Friday',to_timestamp('01-MAY-24 10.00.00.000000000 AM','DD-MON-RR HH.MI.SSXFF AM'),to_timestamp('01-MAY-24 01.00.00.000000000 PM','DD-MON-RR HH.MI.SSXFF AM'));
Insert into AAYUSH.COLLECTION_SLOT (SLOT_ID,SLOT_DAY,SLOT_TIME,SLOT_END_TIME) values (4,'Wednesday',to_timestamp('01-MAY-24 01.00.00.000000000 PM','DD-MON-RR HH.MI.SSXFF AM'),to_timestamp('01-MAY-24 04.00.00.000000000 PM','DD-MON-RR HH.MI.SSXFF AM'));
Insert into AAYUSH.COLLECTION_SLOT (SLOT_ID,SLOT_DAY,SLOT_TIME,SLOT_END_TIME) values (5,'Thursday',to_timestamp('01-MAY-24 01.00.00.000000000 PM','DD-MON-RR HH.MI.SSXFF AM'),to_timestamp('01-MAY-24 04.00.00.000000000 PM','DD-MON-RR HH.MI.SSXFF AM'));
Insert into AAYUSH.COLLECTION_SLOT (SLOT_ID,SLOT_DAY,SLOT_TIME,SLOT_END_TIME) values (6,'Friday',to_timestamp('01-MAY-24 01.00.00.000000000 PM','DD-MON-RR HH.MI.SSXFF AM'),to_timestamp('01-MAY-24 04.00.00.000000000 PM','DD-MON-RR HH.MI.SSXFF AM'));
Insert into AAYUSH.COLLECTION_SLOT (SLOT_ID,SLOT_DAY,SLOT_TIME,SLOT_END_TIME) values (7,'Wednesday',to_timestamp('01-MAY-24 04.00.00.000000000 PM','DD-MON-RR HH.MI.SSXFF AM'),to_timestamp('01-MAY-24 07.00.00.000000000 PM','DD-MON-RR HH.MI.SSXFF AM'));
Insert into AAYUSH.COLLECTION_SLOT (SLOT_ID,SLOT_DAY,SLOT_TIME,SLOT_END_TIME) values (8,'Thursday',to_timestamp('01-MAY-24 04.00.00.000000000 PM','DD-MON-RR HH.MI.SSXFF AM'),to_timestamp('01-MAY-24 07.00.00.000000000 PM','DD-MON-RR HH.MI.SSXFF AM'));
Insert into AAYUSH.COLLECTION_SLOT (SLOT_ID,SLOT_DAY,SLOT_TIME,SLOT_END_TIME) values (9,'Friday',to_timestamp('01-MAY-24 04.00.00.000000000 PM','DD-MON-RR HH.MI.SSXFF AM'),to_timestamp('01-MAY-24 07.00.00.000000000 PM','DD-MON-RR HH.MI.SSXFF AM'));
REM INSERTING into AAYUSH.DEMO_CONSTRAINT_LOOKUP
SET DEFINE OFF;
Insert into AAYUSH.DEMO_CONSTRAINT_LOOKUP (CONSTRAINT_NAME,MESSAGE) values ('DEMO_CUST_CREDIT_LIMIT_MAX','Credit Limit must not exceed $5,000.');
Insert into AAYUSH.DEMO_CONSTRAINT_LOOKUP (CONSTRAINT_NAME,MESSAGE) values ('DEMO_CUSTOMERS_UK','Customer Name must be unique.');
Insert into AAYUSH.DEMO_CONSTRAINT_LOOKUP (CONSTRAINT_NAME,MESSAGE) values ('DEMO_PRODUCT_INFO_UK','Product Name must be unique.');
Insert into AAYUSH.DEMO_CONSTRAINT_LOOKUP (CONSTRAINT_NAME,MESSAGE) values ('DEMO_ORDER_ITEMS_UK','Product can only be entered once for each order.');
REM INSERTING into AAYUSH.DEMO_CUSTOMERS
SET DEFINE OFF;
Insert into AAYUSH.DEMO_CUSTOMERS (CUSTOMER_ID,CUST_FIRST_NAME,CUST_LAST_NAME,CUST_STREET_ADDRESS1,CUST_STREET_ADDRESS2,CUST_CITY,CUST_STATE,CUST_POSTAL_CODE,CUST_EMAIL,PHONE_NUMBER1,PHONE_NUMBER2,URL,CREDIT_LIMIT,TAGS) values (1,'John','Dulles','45020 Aviation Drive',null,'Sterling','VA','20166','john.dulles@email.com','703-555-2143','703-555-8967','http://www.johndulles.com',1000,null);
Insert into AAYUSH.DEMO_CUSTOMERS (CUSTOMER_ID,CUST_FIRST_NAME,CUST_LAST_NAME,CUST_STREET_ADDRESS1,CUST_STREET_ADDRESS2,CUST_CITY,CUST_STATE,CUST_POSTAL_CODE,CUST_EMAIL,PHONE_NUMBER1,PHONE_NUMBER2,URL,CREDIT_LIMIT,TAGS) values (2,'William','Hartsfield','6000 North Terminal Parkway',null,'Atlanta','GA','30320',null,'404-555-3285',null,null,1000,'REPEAT CUSTOMER');
Insert into AAYUSH.DEMO_CUSTOMERS (CUSTOMER_ID,CUST_FIRST_NAME,CUST_LAST_NAME,CUST_STREET_ADDRESS1,CUST_STREET_ADDRESS2,CUST_CITY,CUST_STATE,CUST_POSTAL_CODE,CUST_EMAIL,PHONE_NUMBER1,PHONE_NUMBER2,URL,CREDIT_LIMIT,TAGS) values (3,'Edward','Logan','1 Harborside Drive',null,'East Boston','MA','02128',null,'617-555-3295',null,null,1000,'REPEAT CUSTOMER');
Insert into AAYUSH.DEMO_CUSTOMERS (CUSTOMER_ID,CUST_FIRST_NAME,CUST_LAST_NAME,CUST_STREET_ADDRESS1,CUST_STREET_ADDRESS2,CUST_CITY,CUST_STATE,CUST_POSTAL_CODE,CUST_EMAIL,PHONE_NUMBER1,PHONE_NUMBER2,URL,CREDIT_LIMIT,TAGS) values (4,'Frank','OHare','10000 West OHare',null,'Chicago','IL','60666',null,'773-555-7693',null,null,1000,null);
Insert into AAYUSH.DEMO_CUSTOMERS (CUSTOMER_ID,CUST_FIRST_NAME,CUST_LAST_NAME,CUST_STREET_ADDRESS1,CUST_STREET_ADDRESS2,CUST_CITY,CUST_STATE,CUST_POSTAL_CODE,CUST_EMAIL,PHONE_NUMBER1,PHONE_NUMBER2,URL,CREDIT_LIMIT,TAGS) values (5,'Fiorello','LaGuardia','Hangar Center','Third Floor','Flushing','NY','11371',null,'212-555-3923',null,null,1000,null);
Insert into AAYUSH.DEMO_CUSTOMERS (CUSTOMER_ID,CUST_FIRST_NAME,CUST_LAST_NAME,CUST_STREET_ADDRESS1,CUST_STREET_ADDRESS2,CUST_CITY,CUST_STATE,CUST_POSTAL_CODE,CUST_EMAIL,PHONE_NUMBER1,PHONE_NUMBER2,URL,CREDIT_LIMIT,TAGS) values (6,'Albert','Lambert','10701 Lambert International Blvd.',null,'St. Louis','MO','63145',null,'314-555-4022',null,null,1000,null);
Insert into AAYUSH.DEMO_CUSTOMERS (CUSTOMER_ID,CUST_FIRST_NAME,CUST_LAST_NAME,CUST_STREET_ADDRESS1,CUST_STREET_ADDRESS2,CUST_CITY,CUST_STATE,CUST_POSTAL_CODE,CUST_EMAIL,PHONE_NUMBER1,PHONE_NUMBER2,URL,CREDIT_LIMIT,TAGS) values (7,'Eugene','Bradley','Schoephoester Road',null,'Windsor Locks','CT','06096',null,'860-555-1835',null,null,1000,'REPEAT CUSTOMER');
REM INSERTING into AAYUSH.DEMO_ORDERS
SET DEFINE OFF;
Insert into AAYUSH.DEMO_ORDERS (ORDER_ID,CUSTOMER_ID,ORDER_TOTAL,ORDER_TIMESTAMP,USER_NAME,TAGS) values (1,7,1890,to_timestamp('11-MAR-24 03.11.08.000000000 PM','DD-MON-RR HH.MI.SSXFF AM'),'DEMO',null);
Insert into AAYUSH.DEMO_ORDERS (ORDER_ID,CUSTOMER_ID,ORDER_TOTAL,ORDER_TIMESTAMP,USER_NAME,TAGS) values (2,1,2380,to_timestamp('25-MAR-24 03.11.08.000000000 PM','DD-MON-RR HH.MI.SSXFF AM'),'DEMO','LARGE ORDER');
Insert into AAYUSH.DEMO_ORDERS (ORDER_ID,CUSTOMER_ID,ORDER_TOTAL,ORDER_TIMESTAMP,USER_NAME,TAGS) values (3,2,1640,to_timestamp('05-APR-24 03.11.08.000000000 PM','DD-MON-RR HH.MI.SSXFF AM'),'DEMO',null);
Insert into AAYUSH.DEMO_ORDERS (ORDER_ID,CUSTOMER_ID,ORDER_TOTAL,ORDER_TIMESTAMP,USER_NAME,TAGS) values (4,5,1090,to_timestamp('07-APR-24 03.11.08.000000000 PM','DD-MON-RR HH.MI.SSXFF AM'),'DEMO',null);
Insert into AAYUSH.DEMO_ORDERS (ORDER_ID,CUSTOMER_ID,ORDER_TOTAL,ORDER_TIMESTAMP,USER_NAME,TAGS) values (5,6,950,to_timestamp('17-APR-24 03.11.08.000000000 PM','DD-MON-RR HH.MI.SSXFF AM'),'DEMO',null);
Insert into AAYUSH.DEMO_ORDERS (ORDER_ID,CUSTOMER_ID,ORDER_TOTAL,ORDER_TIMESTAMP,USER_NAME,TAGS) values (6,3,1515,to_timestamp('22-APR-24 03.11.08.000000000 PM','DD-MON-RR HH.MI.SSXFF AM'),'DEMO',null);
Insert into AAYUSH.DEMO_ORDERS (ORDER_ID,CUSTOMER_ID,ORDER_TOTAL,ORDER_TIMESTAMP,USER_NAME,TAGS) values (7,3,905,to_timestamp('27-APR-24 03.11.08.000000000 PM','DD-MON-RR HH.MI.SSXFF AM'),'DEMO',null);
Insert into AAYUSH.DEMO_ORDERS (ORDER_ID,CUSTOMER_ID,ORDER_TOTAL,ORDER_TIMESTAMP,USER_NAME,TAGS) values (8,4,1060,to_timestamp('05-MAY-24 03.11.08.000000000 PM','DD-MON-RR HH.MI.SSXFF AM'),'DEMO',null);
Insert into AAYUSH.DEMO_ORDERS (ORDER_ID,CUSTOMER_ID,ORDER_TOTAL,ORDER_TIMESTAMP,USER_NAME,TAGS) values (9,2,730,to_timestamp('11-MAY-24 03.11.08.000000000 PM','DD-MON-RR HH.MI.SSXFF AM'),'DEMO',null);
Insert into AAYUSH.DEMO_ORDERS (ORDER_ID,CUSTOMER_ID,ORDER_TOTAL,ORDER_TIMESTAMP,USER_NAME,TAGS) values (10,7,870,to_timestamp('14-MAY-24 03.11.08.000000000 PM','DD-MON-RR HH.MI.SSXFF AM'),'DEMO',null);
REM INSERTING into AAYUSH.DEMO_ORDER_ITEMS
SET DEFINE OFF;
Insert into AAYUSH.DEMO_ORDER_ITEMS (ORDER_ITEM_ID,ORDER_ID,PRODUCT_ID,UNIT_PRICE,QUANTITY) values (100,1,1,50,10);
Insert into AAYUSH.DEMO_ORDER_ITEMS (ORDER_ITEM_ID,ORDER_ID,PRODUCT_ID,UNIT_PRICE,QUANTITY) values (101,1,2,80,8);
Insert into AAYUSH.DEMO_ORDER_ITEMS (ORDER_ITEM_ID,ORDER_ID,PRODUCT_ID,UNIT_PRICE,QUANTITY) values (102,1,3,150,5);
Insert into AAYUSH.DEMO_ORDER_ITEMS (ORDER_ITEM_ID,ORDER_ID,PRODUCT_ID,UNIT_PRICE,QUANTITY) values (103,2,1,50,3);
Insert into AAYUSH.DEMO_ORDER_ITEMS (ORDER_ITEM_ID,ORDER_ID,PRODUCT_ID,UNIT_PRICE,QUANTITY) values (104,2,2,80,3);
Insert into AAYUSH.DEMO_ORDER_ITEMS (ORDER_ITEM_ID,ORDER_ID,PRODUCT_ID,UNIT_PRICE,QUANTITY) values (105,2,3,150,3);
Insert into AAYUSH.DEMO_ORDER_ITEMS (ORDER_ITEM_ID,ORDER_ID,PRODUCT_ID,UNIT_PRICE,QUANTITY) values (106,2,4,60,3);
Insert into AAYUSH.DEMO_ORDER_ITEMS (ORDER_ITEM_ID,ORDER_ID,PRODUCT_ID,UNIT_PRICE,QUANTITY) values (107,2,5,80,3);
Insert into AAYUSH.DEMO_ORDER_ITEMS (ORDER_ITEM_ID,ORDER_ID,PRODUCT_ID,UNIT_PRICE,QUANTITY) values (108,2,6,120,2);
Insert into AAYUSH.DEMO_ORDER_ITEMS (ORDER_ITEM_ID,ORDER_ID,PRODUCT_ID,UNIT_PRICE,QUANTITY) values (109,2,7,30,2);
Insert into AAYUSH.DEMO_ORDER_ITEMS (ORDER_ITEM_ID,ORDER_ID,PRODUCT_ID,UNIT_PRICE,QUANTITY) values (110,2,8,125,4);
Insert into AAYUSH.DEMO_ORDER_ITEMS (ORDER_ITEM_ID,ORDER_ID,PRODUCT_ID,UNIT_PRICE,QUANTITY) values (111,2,9,110,2);
Insert into AAYUSH.DEMO_ORDER_ITEMS (ORDER_ITEM_ID,ORDER_ID,PRODUCT_ID,UNIT_PRICE,QUANTITY) values (112,2,10,50,2);
Insert into AAYUSH.DEMO_ORDER_ITEMS (ORDER_ITEM_ID,ORDER_ID,PRODUCT_ID,UNIT_PRICE,QUANTITY) values (113,3,4,60,4);
Insert into AAYUSH.DEMO_ORDER_ITEMS (ORDER_ITEM_ID,ORDER_ID,PRODUCT_ID,UNIT_PRICE,QUANTITY) values (114,3,5,80,4);
Insert into AAYUSH.DEMO_ORDER_ITEMS (ORDER_ITEM_ID,ORDER_ID,PRODUCT_ID,UNIT_PRICE,QUANTITY) values (115,3,6,120,4);
Insert into AAYUSH.DEMO_ORDER_ITEMS (ORDER_ITEM_ID,ORDER_ID,PRODUCT_ID,UNIT_PRICE,QUANTITY) values (116,3,8,125,4);
Insert into AAYUSH.DEMO_ORDER_ITEMS (ORDER_ITEM_ID,ORDER_ID,PRODUCT_ID,UNIT_PRICE,QUANTITY) values (117,3,10,50,2);
Insert into AAYUSH.DEMO_ORDER_ITEMS (ORDER_ITEM_ID,ORDER_ID,PRODUCT_ID,UNIT_PRICE,QUANTITY) values (118,4,6,120,2);
Insert into AAYUSH.DEMO_ORDER_ITEMS (ORDER_ITEM_ID,ORDER_ID,PRODUCT_ID,UNIT_PRICE,QUANTITY) values (119,4,7,30,6);
Insert into AAYUSH.DEMO_ORDER_ITEMS (ORDER_ITEM_ID,ORDER_ID,PRODUCT_ID,UNIT_PRICE,QUANTITY) values (120,4,8,125,2);
Insert into AAYUSH.DEMO_ORDER_ITEMS (ORDER_ITEM_ID,ORDER_ID,PRODUCT_ID,UNIT_PRICE,QUANTITY) values (121,4,9,110,2);
Insert into AAYUSH.DEMO_ORDER_ITEMS (ORDER_ITEM_ID,ORDER_ID,PRODUCT_ID,UNIT_PRICE,QUANTITY) values (122,4,10,50,4);
Insert into AAYUSH.DEMO_ORDER_ITEMS (ORDER_ITEM_ID,ORDER_ID,PRODUCT_ID,UNIT_PRICE,QUANTITY) values (123,5,1,50,3);
Insert into AAYUSH.DEMO_ORDER_ITEMS (ORDER_ITEM_ID,ORDER_ID,PRODUCT_ID,UNIT_PRICE,QUANTITY) values (124,5,2,80,2);
Insert into AAYUSH.DEMO_ORDER_ITEMS (ORDER_ITEM_ID,ORDER_ID,PRODUCT_ID,UNIT_PRICE,QUANTITY) values (125,5,3,150,2);
Insert into AAYUSH.DEMO_ORDER_ITEMS (ORDER_ITEM_ID,ORDER_ID,PRODUCT_ID,UNIT_PRICE,QUANTITY) values (126,5,4,60,3);
Insert into AAYUSH.DEMO_ORDER_ITEMS (ORDER_ITEM_ID,ORDER_ID,PRODUCT_ID,UNIT_PRICE,QUANTITY) values (127,5,5,80,2);
Insert into AAYUSH.DEMO_ORDER_ITEMS (ORDER_ITEM_ID,ORDER_ID,PRODUCT_ID,UNIT_PRICE,QUANTITY) values (128,6,3,150,3);
Insert into AAYUSH.DEMO_ORDER_ITEMS (ORDER_ITEM_ID,ORDER_ID,PRODUCT_ID,UNIT_PRICE,QUANTITY) values (129,6,6,120,3);
Insert into AAYUSH.DEMO_ORDER_ITEMS (ORDER_ITEM_ID,ORDER_ID,PRODUCT_ID,UNIT_PRICE,QUANTITY) values (130,6,8,125,3);
Insert into AAYUSH.DEMO_ORDER_ITEMS (ORDER_ITEM_ID,ORDER_ID,PRODUCT_ID,UNIT_PRICE,QUANTITY) values (131,6,9,110,3);
Insert into AAYUSH.DEMO_ORDER_ITEMS (ORDER_ITEM_ID,ORDER_ID,PRODUCT_ID,UNIT_PRICE,QUANTITY) values (132,7,1,50,2);
Insert into AAYUSH.DEMO_ORDER_ITEMS (ORDER_ITEM_ID,ORDER_ID,PRODUCT_ID,UNIT_PRICE,QUANTITY) values (133,7,2,80,2);
Insert into AAYUSH.DEMO_ORDER_ITEMS (ORDER_ITEM_ID,ORDER_ID,PRODUCT_ID,UNIT_PRICE,QUANTITY) values (134,7,4,60,2);
Insert into AAYUSH.DEMO_ORDER_ITEMS (ORDER_ITEM_ID,ORDER_ID,PRODUCT_ID,UNIT_PRICE,QUANTITY) values (135,7,5,80,2);
Insert into AAYUSH.DEMO_ORDER_ITEMS (ORDER_ITEM_ID,ORDER_ID,PRODUCT_ID,UNIT_PRICE,QUANTITY) values (136,7,7,30,3);
Insert into AAYUSH.DEMO_ORDER_ITEMS (ORDER_ITEM_ID,ORDER_ID,PRODUCT_ID,UNIT_PRICE,QUANTITY) values (137,7,8,125,1);
Insert into AAYUSH.DEMO_ORDER_ITEMS (ORDER_ITEM_ID,ORDER_ID,PRODUCT_ID,UNIT_PRICE,QUANTITY) values (138,7,10,50,3);
Insert into AAYUSH.DEMO_ORDER_ITEMS (ORDER_ITEM_ID,ORDER_ID,PRODUCT_ID,UNIT_PRICE,QUANTITY) values (139,8,2,80,2);
Insert into AAYUSH.DEMO_ORDER_ITEMS (ORDER_ITEM_ID,ORDER_ID,PRODUCT_ID,UNIT_PRICE,QUANTITY) values (140,8,3,150,3);
Insert into AAYUSH.DEMO_ORDER_ITEMS (ORDER_ITEM_ID,ORDER_ID,PRODUCT_ID,UNIT_PRICE,QUANTITY) values (141,8,6,120,1);
Insert into AAYUSH.DEMO_ORDER_ITEMS (ORDER_ITEM_ID,ORDER_ID,PRODUCT_ID,UNIT_PRICE,QUANTITY) values (142,8,9,110,3);
Insert into AAYUSH.DEMO_ORDER_ITEMS (ORDER_ITEM_ID,ORDER_ID,PRODUCT_ID,UNIT_PRICE,QUANTITY) values (143,9,4,60,4);
Insert into AAYUSH.DEMO_ORDER_ITEMS (ORDER_ITEM_ID,ORDER_ID,PRODUCT_ID,UNIT_PRICE,QUANTITY) values (144,9,5,80,3);
Insert into AAYUSH.DEMO_ORDER_ITEMS (ORDER_ITEM_ID,ORDER_ID,PRODUCT_ID,UNIT_PRICE,QUANTITY) values (145,9,8,125,2);
Insert into AAYUSH.DEMO_ORDER_ITEMS (ORDER_ITEM_ID,ORDER_ID,PRODUCT_ID,UNIT_PRICE,QUANTITY) values (146,10,1,50,5);
Insert into AAYUSH.DEMO_ORDER_ITEMS (ORDER_ITEM_ID,ORDER_ID,PRODUCT_ID,UNIT_PRICE,QUANTITY) values (147,10,2,80,4);
Insert into AAYUSH.DEMO_ORDER_ITEMS (ORDER_ITEM_ID,ORDER_ID,PRODUCT_ID,UNIT_PRICE,QUANTITY) values (148,10,3,150,2);
REM INSERTING into AAYUSH.DEMO_PRODUCT_INFO
SET DEFINE OFF;
Insert into AAYUSH.DEMO_PRODUCT_INFO (PRODUCT_ID,PRODUCT_NAME,PRODUCT_DESCRIPTION,CATEGORY,PRODUCT_AVAIL,LIST_PRICE,MIMETYPE,FILENAME,IMAGE_LAST_UPDATE,TAGS) values (1,'Business Shirt','Wrinkle-free cotton business shirt','Mens','Y',50,'image/jpeg','shirt.jpg',to_timestamp('15-MAY-24 03.11.08.473000000 PM','DD-MON-RR HH.MI.SSXFF AM'),'TOP SELLER');
Insert into AAYUSH.DEMO_PRODUCT_INFO (PRODUCT_ID,PRODUCT_NAME,PRODUCT_DESCRIPTION,CATEGORY,PRODUCT_AVAIL,LIST_PRICE,MIMETYPE,FILENAME,IMAGE_LAST_UPDATE,TAGS) values (2,'Trousers','Black trousers suitable for every business man','Mens','Y',80,'image/jpeg','pants.jpg',to_timestamp('15-MAY-24 03.11.08.499000000 PM','DD-MON-RR HH.MI.SSXFF AM'),'TOP SELLER');
Insert into AAYUSH.DEMO_PRODUCT_INFO (PRODUCT_ID,PRODUCT_NAME,PRODUCT_DESCRIPTION,CATEGORY,PRODUCT_AVAIL,LIST_PRICE,MIMETYPE,FILENAME,IMAGE_LAST_UPDATE,TAGS) values (3,'Jacket','Fully lined jacket which is both professional and extremely comfortable to wear','Mens','Y',150,'image/jpeg','jacket.jpg',to_timestamp('15-MAY-24 03.11.08.501000000 PM','DD-MON-RR HH.MI.SSXFF AM'),null);
Insert into AAYUSH.DEMO_PRODUCT_INFO (PRODUCT_ID,PRODUCT_NAME,PRODUCT_DESCRIPTION,CATEGORY,PRODUCT_AVAIL,LIST_PRICE,MIMETYPE,FILENAME,IMAGE_LAST_UPDATE,TAGS) values (4,'Blouse','Silk blouse ideal for all business women','Womens','Y',60,'image/jpeg','blouse.jpg',to_timestamp('15-MAY-24 03.11.08.503000000 PM','DD-MON-RR HH.MI.SSXFF AM'),null);
Insert into AAYUSH.DEMO_PRODUCT_INFO (PRODUCT_ID,PRODUCT_NAME,PRODUCT_DESCRIPTION,CATEGORY,PRODUCT_AVAIL,LIST_PRICE,MIMETYPE,FILENAME,IMAGE_LAST_UPDATE,TAGS) values (5,'Skirt','Wrinkle free skirt','Womens','Y',80,'image/jpeg','skirt.jpg',to_timestamp('15-MAY-24 03.11.08.504000000 PM','DD-MON-RR HH.MI.SSXFF AM'),null);
Insert into AAYUSH.DEMO_PRODUCT_INFO (PRODUCT_ID,PRODUCT_NAME,PRODUCT_DESCRIPTION,CATEGORY,PRODUCT_AVAIL,LIST_PRICE,MIMETYPE,FILENAME,IMAGE_LAST_UPDATE,TAGS) values (6,'Ladies Shoes','Low heel and cushioned interior for comfort and style in simple yet elegant shoes','Womens','Y',120,'image/jpeg','heels.jpg',to_timestamp('15-MAY-24 03.11.08.505000000 PM','DD-MON-RR HH.MI.SSXFF AM'),null);
Insert into AAYUSH.DEMO_PRODUCT_INFO (PRODUCT_ID,PRODUCT_NAME,PRODUCT_DESCRIPTION,CATEGORY,PRODUCT_AVAIL,LIST_PRICE,MIMETYPE,FILENAME,IMAGE_LAST_UPDATE,TAGS) values (7,'Belt','Leather belt','Accessories','Y',30,'image/jpeg','belt.jpg',to_timestamp('15-MAY-24 03.11.08.507000000 PM','DD-MON-RR HH.MI.SSXFF AM'),null);
Insert into AAYUSH.DEMO_PRODUCT_INFO (PRODUCT_ID,PRODUCT_NAME,PRODUCT_DESCRIPTION,CATEGORY,PRODUCT_AVAIL,LIST_PRICE,MIMETYPE,FILENAME,IMAGE_LAST_UPDATE,TAGS) values (8,'Bag','Unisex bag suitable for carrying laptops with room for many additional items','Accessories','Y',125,'image/jpeg','bag.jpg',to_timestamp('15-MAY-24 03.11.08.508000000 PM','DD-MON-RR HH.MI.SSXFF AM'),null);
Insert into AAYUSH.DEMO_PRODUCT_INFO (PRODUCT_ID,PRODUCT_NAME,PRODUCT_DESCRIPTION,CATEGORY,PRODUCT_AVAIL,LIST_PRICE,MIMETYPE,FILENAME,IMAGE_LAST_UPDATE,TAGS) values (9,'Mens Shoes','Leather upper and lower lace up shoes','Mens','Y',110,'image/jpeg','shoes.jpg',to_timestamp('15-MAY-24 03.11.08.509000000 PM','DD-MON-RR HH.MI.SSXFF AM'),null);
Insert into AAYUSH.DEMO_PRODUCT_INFO (PRODUCT_ID,PRODUCT_NAME,PRODUCT_DESCRIPTION,CATEGORY,PRODUCT_AVAIL,LIST_PRICE,MIMETYPE,FILENAME,IMAGE_LAST_UPDATE,TAGS) values (10,'Wallet','Travel wallet suitable for men and women. Several compartments for credit cards, passports and cash','Accessories','Y',50,'image/jpeg','wallet.jpg',to_timestamp('15-MAY-24 03.11.08.511000000 PM','DD-MON-RR HH.MI.SSXFF AM'),null);
REM INSERTING into AAYUSH.DEMO_STATES
SET DEFINE OFF;
Insert into AAYUSH.DEMO_STATES (ST,STATE_NAME) values ('AK','ALASKA');
Insert into AAYUSH.DEMO_STATES (ST,STATE_NAME) values ('AL','ALABAMA');
Insert into AAYUSH.DEMO_STATES (ST,STATE_NAME) values ('AR','ARKANSAS');
Insert into AAYUSH.DEMO_STATES (ST,STATE_NAME) values ('AZ','ARIZONA');
Insert into AAYUSH.DEMO_STATES (ST,STATE_NAME) values ('CA','CALIFORNIA');
Insert into AAYUSH.DEMO_STATES (ST,STATE_NAME) values ('CO','COLORADO');
Insert into AAYUSH.DEMO_STATES (ST,STATE_NAME) values ('CT','CONNECTICUT');
Insert into AAYUSH.DEMO_STATES (ST,STATE_NAME) values ('DC','DISTRICT OF COLUMBIA');
Insert into AAYUSH.DEMO_STATES (ST,STATE_NAME) values ('DE','DELAWARE');
Insert into AAYUSH.DEMO_STATES (ST,STATE_NAME) values ('FL','FLORIDA');
Insert into AAYUSH.DEMO_STATES (ST,STATE_NAME) values ('GA','GEORGIA');
Insert into AAYUSH.DEMO_STATES (ST,STATE_NAME) values ('HI','HAWAII');
Insert into AAYUSH.DEMO_STATES (ST,STATE_NAME) values ('IA','IOWA');
Insert into AAYUSH.DEMO_STATES (ST,STATE_NAME) values ('ID','IDAHO');
Insert into AAYUSH.DEMO_STATES (ST,STATE_NAME) values ('IL','ILLINOIS');
Insert into AAYUSH.DEMO_STATES (ST,STATE_NAME) values ('IN','INDIANA');
Insert into AAYUSH.DEMO_STATES (ST,STATE_NAME) values ('KS','KANSAS');
Insert into AAYUSH.DEMO_STATES (ST,STATE_NAME) values ('KY','KENTUCKY');
Insert into AAYUSH.DEMO_STATES (ST,STATE_NAME) values ('LA','LOUISIANA');
Insert into AAYUSH.DEMO_STATES (ST,STATE_NAME) values ('MA','MASSACHUSETTS');
Insert into AAYUSH.DEMO_STATES (ST,STATE_NAME) values ('MD','MARYLAND');
Insert into AAYUSH.DEMO_STATES (ST,STATE_NAME) values ('ME','MAINE');
Insert into AAYUSH.DEMO_STATES (ST,STATE_NAME) values ('MI','MICHIGAN');
Insert into AAYUSH.DEMO_STATES (ST,STATE_NAME) values ('MN','MINNESOTA');
Insert into AAYUSH.DEMO_STATES (ST,STATE_NAME) values ('MO','MISSOURI');
Insert into AAYUSH.DEMO_STATES (ST,STATE_NAME) values ('MS','MISSISSIPPI');
Insert into AAYUSH.DEMO_STATES (ST,STATE_NAME) values ('MT','MONTANA');
Insert into AAYUSH.DEMO_STATES (ST,STATE_NAME) values ('NC','NORTH CAROLINA');
Insert into AAYUSH.DEMO_STATES (ST,STATE_NAME) values ('ND','NORTH DAKOTA');
Insert into AAYUSH.DEMO_STATES (ST,STATE_NAME) values ('NE','NEBRASKA');
Insert into AAYUSH.DEMO_STATES (ST,STATE_NAME) values ('NH','NEW HAMPSHIRE');
Insert into AAYUSH.DEMO_STATES (ST,STATE_NAME) values ('NJ','NEW JERSEY');
Insert into AAYUSH.DEMO_STATES (ST,STATE_NAME) values ('NM','NEW MEXICO');
Insert into AAYUSH.DEMO_STATES (ST,STATE_NAME) values ('NV','NEVADA');
Insert into AAYUSH.DEMO_STATES (ST,STATE_NAME) values ('NY','NEW YORK');
Insert into AAYUSH.DEMO_STATES (ST,STATE_NAME) values ('OH','OHIO');
Insert into AAYUSH.DEMO_STATES (ST,STATE_NAME) values ('OK','OKLAHOMA');
Insert into AAYUSH.DEMO_STATES (ST,STATE_NAME) values ('OR','OREGON');
Insert into AAYUSH.DEMO_STATES (ST,STATE_NAME) values ('PA','PENNSYLVANIA');
Insert into AAYUSH.DEMO_STATES (ST,STATE_NAME) values ('RI','RHODE ISLAND');
Insert into AAYUSH.DEMO_STATES (ST,STATE_NAME) values ('SC','SOUTH CAROLINA');
Insert into AAYUSH.DEMO_STATES (ST,STATE_NAME) values ('SD','SOUTH DAKOTA');
Insert into AAYUSH.DEMO_STATES (ST,STATE_NAME) values ('TN','TENNESSEE');
Insert into AAYUSH.DEMO_STATES (ST,STATE_NAME) values ('TX','TEXAS');
Insert into AAYUSH.DEMO_STATES (ST,STATE_NAME) values ('UT','UTAH');
Insert into AAYUSH.DEMO_STATES (ST,STATE_NAME) values ('VA','VIRGINIA');
Insert into AAYUSH.DEMO_STATES (ST,STATE_NAME) values ('VT','VERMONT');
Insert into AAYUSH.DEMO_STATES (ST,STATE_NAME) values ('WA','WASHINGTON');
Insert into AAYUSH.DEMO_STATES (ST,STATE_NAME) values ('WI','WISCONSIN');
Insert into AAYUSH.DEMO_STATES (ST,STATE_NAME) values ('WV','WEST VIRGINIA');
Insert into AAYUSH.DEMO_STATES (ST,STATE_NAME) values ('WY','WYOMING');
REM INSERTING into AAYUSH.DEMO_TAGS
SET DEFINE OFF;
Insert into AAYUSH.DEMO_TAGS (ID,TAG,CONTENT_ID,CONTENT_TYPE,CREATED,CREATED_BY,UPDATED,UPDATED_BY) values (199018749850032006606082555503275700598,'TOP SELLER',1,'PRODUCT',to_timestamp('15-MAY-24 03.11.08.483000000 PM','DD-MON-RR HH.MI.SSXFF AM'),'AAYUSH',null,null);
Insert into AAYUSH.DEMO_TAGS (ID,TAG,CONTENT_ID,CONTENT_TYPE,CREATED,CREATED_BY,UPDATED,UPDATED_BY) values (145915781856625321841363994749193637937,'TOP SELLER',2,'PRODUCT',to_timestamp('15-MAY-24 03.11.08.500000000 PM','DD-MON-RR HH.MI.SSXFF AM'),'AAYUSH',null,null);
Insert into AAYUSH.DEMO_TAGS (ID,TAG,CONTENT_ID,CONTENT_TYPE,CREATED,CREATED_BY,UPDATED,UPDATED_BY) values (166016325965432180558164945264369710426,'REPEAT CUSTOMER',2,'CUSTOMER',to_timestamp('15-MAY-24 03.11.08.515000000 PM','DD-MON-RR HH.MI.SSXFF AM'),'AAYUSH',null,null);
Insert into AAYUSH.DEMO_TAGS (ID,TAG,CONTENT_ID,CONTENT_TYPE,CREATED,CREATED_BY,UPDATED,UPDATED_BY) values (50731683163472444005996132895372478489,'REPEAT CUSTOMER',3,'CUSTOMER',to_timestamp('15-MAY-24 03.11.08.516000000 PM','DD-MON-RR HH.MI.SSXFF AM'),'AAYUSH',null,null);
Insert into AAYUSH.DEMO_TAGS (ID,TAG,CONTENT_ID,CONTENT_TYPE,CREATED,CREATED_BY,UPDATED,UPDATED_BY) values (163835963221167096629534474110829612744,'REPEAT CUSTOMER',7,'CUSTOMER',to_timestamp('15-MAY-24 03.11.08.521000000 PM','DD-MON-RR HH.MI.SSXFF AM'),'AAYUSH',null,null);
Insert into AAYUSH.DEMO_TAGS (ID,TAG,CONTENT_ID,CONTENT_TYPE,CREATED,CREATED_BY,UPDATED,UPDATED_BY) values (194262816264098513179557733530825513228,'LARGE ORDER',2,'ORDER',to_timestamp('15-MAY-24 03.11.08.524000000 PM','DD-MON-RR HH.MI.SSXFF AM'),'AAYUSH',null,null);
REM INSERTING into AAYUSH.DEMO_TAGS_SUM
SET DEFINE OFF;
Insert into AAYUSH.DEMO_TAGS_SUM (TAG,TAG_COUNT) values ('TOP SELLER',2);
Insert into AAYUSH.DEMO_TAGS_SUM (TAG,TAG_COUNT) values ('REPEAT CUSTOMER',3);
Insert into AAYUSH.DEMO_TAGS_SUM (TAG,TAG_COUNT) values ('LARGE ORDER',1);
REM INSERTING into AAYUSH.DEMO_TAGS_TYPE_SUM
SET DEFINE OFF;
Insert into AAYUSH.DEMO_TAGS_TYPE_SUM (TAG,CONTENT_TYPE,TAG_COUNT) values ('TOP SELLER','PRODUCT',2);
Insert into AAYUSH.DEMO_TAGS_TYPE_SUM (TAG,CONTENT_TYPE,TAG_COUNT) values ('REPEAT CUSTOMER','CUSTOMER',3);
Insert into AAYUSH.DEMO_TAGS_TYPE_SUM (TAG,CONTENT_TYPE,TAG_COUNT) values ('LARGE ORDER','ORDER',1);
REM INSERTING into AAYUSH.DEPT
SET DEFINE OFF;
Insert into AAYUSH.DEPT (DEPTNO,DNAME,LOC) values (10,'ACCOUNTING','NEW YORK');
Insert into AAYUSH.DEPT (DEPTNO,DNAME,LOC) values (20,'RESEARCH','DALLAS');
Insert into AAYUSH.DEPT (DEPTNO,DNAME,LOC) values (30,'SALES','CHICAGO');
Insert into AAYUSH.DEPT (DEPTNO,DNAME,LOC) values (40,'OPERATIONS','BOSTON');
REM INSERTING into AAYUSH.DISCOUNT
SET DEFINE OFF;
Insert into AAYUSH.DISCOUNT (DISCOUNT_ID,START_DATE,END_DATE,DISCOUNT_AMOUNT) values (1,to_date('01-DEC-01','DD-MON-RR'),to_date('01-DEC-02','DD-MON-RR'),10);
REM INSERTING into AAYUSH.EMP
SET DEFINE OFF;
Insert into AAYUSH.EMP (EMPNO,ENAME,JOB,MGR,HIREDATE,SAL,COMM,DEPTNO) values (7839,'KING','PRESIDENT',null,to_date('17-NOV-81','DD-MON-RR'),5000,null,10);
Insert into AAYUSH.EMP (EMPNO,ENAME,JOB,MGR,HIREDATE,SAL,COMM,DEPTNO) values (7698,'BLAKE','MANAGER',7839,to_date('01-MAY-81','DD-MON-RR'),2850,null,30);
Insert into AAYUSH.EMP (EMPNO,ENAME,JOB,MGR,HIREDATE,SAL,COMM,DEPTNO) values (7782,'CLARK','MANAGER',7839,to_date('09-JUN-81','DD-MON-RR'),2450,null,10);
Insert into AAYUSH.EMP (EMPNO,ENAME,JOB,MGR,HIREDATE,SAL,COMM,DEPTNO) values (7566,'JONES','MANAGER',7839,to_date('02-APR-81','DD-MON-RR'),2975,null,20);
Insert into AAYUSH.EMP (EMPNO,ENAME,JOB,MGR,HIREDATE,SAL,COMM,DEPTNO) values (7788,'SCOTT','ANALYST',7566,to_date('09-DEC-82','DD-MON-RR'),3000,null,20);
Insert into AAYUSH.EMP (EMPNO,ENAME,JOB,MGR,HIREDATE,SAL,COMM,DEPTNO) values (7902,'FORD','ANALYST',7566,to_date('03-DEC-81','DD-MON-RR'),3000,null,20);
Insert into AAYUSH.EMP (EMPNO,ENAME,JOB,MGR,HIREDATE,SAL,COMM,DEPTNO) values (7369,'SMITH','CLERK',7902,to_date('17-DEC-80','DD-MON-RR'),800,null,20);
Insert into AAYUSH.EMP (EMPNO,ENAME,JOB,MGR,HIREDATE,SAL,COMM,DEPTNO) values (7499,'ALLEN','SALESMAN',7698,to_date('20-FEB-81','DD-MON-RR'),1600,300,30);
Insert into AAYUSH.EMP (EMPNO,ENAME,JOB,MGR,HIREDATE,SAL,COMM,DEPTNO) values (7521,'WARD','SALESMAN',7698,to_date('22-FEB-81','DD-MON-RR'),1250,500,30);
Insert into AAYUSH.EMP (EMPNO,ENAME,JOB,MGR,HIREDATE,SAL,COMM,DEPTNO) values (7654,'MARTIN','SALESMAN',7698,to_date('28-SEP-81','DD-MON-RR'),1250,1400,30);
Insert into AAYUSH.EMP (EMPNO,ENAME,JOB,MGR,HIREDATE,SAL,COMM,DEPTNO) values (7844,'TURNER','SALESMAN',7698,to_date('08-SEP-81','DD-MON-RR'),1500,0,30);
Insert into AAYUSH.EMP (EMPNO,ENAME,JOB,MGR,HIREDATE,SAL,COMM,DEPTNO) values (7876,'ADAMS','CLERK',7788,to_date('12-JAN-83','DD-MON-RR'),1100,null,20);
Insert into AAYUSH.EMP (EMPNO,ENAME,JOB,MGR,HIREDATE,SAL,COMM,DEPTNO) values (7900,'JAMES','CLERK',7698,to_date('03-DEC-81','DD-MON-RR'),950,null,30);
Insert into AAYUSH.EMP (EMPNO,ENAME,JOB,MGR,HIREDATE,SAL,COMM,DEPTNO) values (7934,'MILLER','CLERK',7782,to_date('23-JAN-82','DD-MON-RR'),1300,null,10);
REM INSERTING into AAYUSH.HTMLDB_PLAN_TABLE
SET DEFINE OFF;
REM INSERTING into AAYUSH.ME
SET DEFINE OFF;
REM INSERTING into AAYUSH.ORDERED_PRODUCT
SET DEFINE OFF;
Insert into AAYUSH.ORDERED_PRODUCT (ORDERED_PRODUCT_ID,FK1_PRODUCT_ID,FK2_ORDER_ID) values (85,137,103);
Insert into AAYUSH.ORDERED_PRODUCT (ORDERED_PRODUCT_ID,FK1_PRODUCT_ID,FK2_ORDER_ID) values (82,138,103);
Insert into AAYUSH.ORDERED_PRODUCT (ORDERED_PRODUCT_ID,FK1_PRODUCT_ID,FK2_ORDER_ID) values (83,138,103);
Insert into AAYUSH.ORDERED_PRODUCT (ORDERED_PRODUCT_ID,FK1_PRODUCT_ID,FK2_ORDER_ID) values (84,137,103);
Insert into AAYUSH.ORDERED_PRODUCT (ORDERED_PRODUCT_ID,FK1_PRODUCT_ID,FK2_ORDER_ID) values (86,136,103);
Insert into AAYUSH.ORDERED_PRODUCT (ORDERED_PRODUCT_ID,FK1_PRODUCT_ID,FK2_ORDER_ID) values (87,136,103);
Insert into AAYUSH.ORDERED_PRODUCT (ORDERED_PRODUCT_ID,FK1_PRODUCT_ID,FK2_ORDER_ID) values (88,136,103);
Insert into AAYUSH.ORDERED_PRODUCT (ORDERED_PRODUCT_ID,FK1_PRODUCT_ID,FK2_ORDER_ID) values (89,136,103);
Insert into AAYUSH.ORDERED_PRODUCT (ORDERED_PRODUCT_ID,FK1_PRODUCT_ID,FK2_ORDER_ID) values (90,136,103);
Insert into AAYUSH.ORDERED_PRODUCT (ORDERED_PRODUCT_ID,FK1_PRODUCT_ID,FK2_ORDER_ID) values (70,137,88);
Insert into AAYUSH.ORDERED_PRODUCT (ORDERED_PRODUCT_ID,FK1_PRODUCT_ID,FK2_ORDER_ID) values (71,137,88);
Insert into AAYUSH.ORDERED_PRODUCT (ORDERED_PRODUCT_ID,FK1_PRODUCT_ID,FK2_ORDER_ID) values (72,137,88);
Insert into AAYUSH.ORDERED_PRODUCT (ORDERED_PRODUCT_ID,FK1_PRODUCT_ID,FK2_ORDER_ID) values (116,2,124);
Insert into AAYUSH.ORDERED_PRODUCT (ORDERED_PRODUCT_ID,FK1_PRODUCT_ID,FK2_ORDER_ID) values (117,2,124);
Insert into AAYUSH.ORDERED_PRODUCT (ORDERED_PRODUCT_ID,FK1_PRODUCT_ID,FK2_ORDER_ID) values (115,2,124);
Insert into AAYUSH.ORDERED_PRODUCT (ORDERED_PRODUCT_ID,FK1_PRODUCT_ID,FK2_ORDER_ID) values (118,2,124);
Insert into AAYUSH.ORDERED_PRODUCT (ORDERED_PRODUCT_ID,FK1_PRODUCT_ID,FK2_ORDER_ID) values (119,2,124);
Insert into AAYUSH.ORDERED_PRODUCT (ORDERED_PRODUCT_ID,FK1_PRODUCT_ID,FK2_ORDER_ID) values (120,4,124);
Insert into AAYUSH.ORDERED_PRODUCT (ORDERED_PRODUCT_ID,FK1_PRODUCT_ID,FK2_ORDER_ID) values (121,5,124);
Insert into AAYUSH.ORDERED_PRODUCT (ORDERED_PRODUCT_ID,FK1_PRODUCT_ID,FK2_ORDER_ID) values (122,138,125);
Insert into AAYUSH.ORDERED_PRODUCT (ORDERED_PRODUCT_ID,FK1_PRODUCT_ID,FK2_ORDER_ID) values (123,138,125);
Insert into AAYUSH.ORDERED_PRODUCT (ORDERED_PRODUCT_ID,FK1_PRODUCT_ID,FK2_ORDER_ID) values (124,138,125);
Insert into AAYUSH.ORDERED_PRODUCT (ORDERED_PRODUCT_ID,FK1_PRODUCT_ID,FK2_ORDER_ID) values (125,138,125);
Insert into AAYUSH.ORDERED_PRODUCT (ORDERED_PRODUCT_ID,FK1_PRODUCT_ID,FK2_ORDER_ID) values (126,138,125);
Insert into AAYUSH.ORDERED_PRODUCT (ORDERED_PRODUCT_ID,FK1_PRODUCT_ID,FK2_ORDER_ID) values (127,138,125);
Insert into AAYUSH.ORDERED_PRODUCT (ORDERED_PRODUCT_ID,FK1_PRODUCT_ID,FK2_ORDER_ID) values (128,138,125);
Insert into AAYUSH.ORDERED_PRODUCT (ORDERED_PRODUCT_ID,FK1_PRODUCT_ID,FK2_ORDER_ID) values (129,138,125);
Insert into AAYUSH.ORDERED_PRODUCT (ORDERED_PRODUCT_ID,FK1_PRODUCT_ID,FK2_ORDER_ID) values (130,1,125);
Insert into AAYUSH.ORDERED_PRODUCT (ORDERED_PRODUCT_ID,FK1_PRODUCT_ID,FK2_ORDER_ID) values (131,2,125);
Insert into AAYUSH.ORDERED_PRODUCT (ORDERED_PRODUCT_ID,FK1_PRODUCT_ID,FK2_ORDER_ID) values (132,2,125);
Insert into AAYUSH.ORDERED_PRODUCT (ORDERED_PRODUCT_ID,FK1_PRODUCT_ID,FK2_ORDER_ID) values (133,137,125);
Insert into AAYUSH.ORDERED_PRODUCT (ORDERED_PRODUCT_ID,FK1_PRODUCT_ID,FK2_ORDER_ID) values (134,131,125);
Insert into AAYUSH.ORDERED_PRODUCT (ORDERED_PRODUCT_ID,FK1_PRODUCT_ID,FK2_ORDER_ID) values (135,1,126);
Insert into AAYUSH.ORDERED_PRODUCT (ORDERED_PRODUCT_ID,FK1_PRODUCT_ID,FK2_ORDER_ID) values (136,138,126);
Insert into AAYUSH.ORDERED_PRODUCT (ORDERED_PRODUCT_ID,FK1_PRODUCT_ID,FK2_ORDER_ID) values (137,2,126);
Insert into AAYUSH.ORDERED_PRODUCT (ORDERED_PRODUCT_ID,FK1_PRODUCT_ID,FK2_ORDER_ID) values (138,2,126);
Insert into AAYUSH.ORDERED_PRODUCT (ORDERED_PRODUCT_ID,FK1_PRODUCT_ID,FK2_ORDER_ID) values (139,2,126);
Insert into AAYUSH.ORDERED_PRODUCT (ORDERED_PRODUCT_ID,FK1_PRODUCT_ID,FK2_ORDER_ID) values (140,2,126);
Insert into AAYUSH.ORDERED_PRODUCT (ORDERED_PRODUCT_ID,FK1_PRODUCT_ID,FK2_ORDER_ID) values (141,2,126);
Insert into AAYUSH.ORDERED_PRODUCT (ORDERED_PRODUCT_ID,FK1_PRODUCT_ID,FK2_ORDER_ID) values (142,2,126);
Insert into AAYUSH.ORDERED_PRODUCT (ORDERED_PRODUCT_ID,FK1_PRODUCT_ID,FK2_ORDER_ID) values (143,2,126);
Insert into AAYUSH.ORDERED_PRODUCT (ORDERED_PRODUCT_ID,FK1_PRODUCT_ID,FK2_ORDER_ID) values (144,2,126);
Insert into AAYUSH.ORDERED_PRODUCT (ORDERED_PRODUCT_ID,FK1_PRODUCT_ID,FK2_ORDER_ID) values (145,2,126);
Insert into AAYUSH.ORDERED_PRODUCT (ORDERED_PRODUCT_ID,FK1_PRODUCT_ID,FK2_ORDER_ID) values (146,2,126);
Insert into AAYUSH.ORDERED_PRODUCT (ORDERED_PRODUCT_ID,FK1_PRODUCT_ID,FK2_ORDER_ID) values (147,2,126);
Insert into AAYUSH.ORDERED_PRODUCT (ORDERED_PRODUCT_ID,FK1_PRODUCT_ID,FK2_ORDER_ID) values (148,2,126);
Insert into AAYUSH.ORDERED_PRODUCT (ORDERED_PRODUCT_ID,FK1_PRODUCT_ID,FK2_ORDER_ID) values (149,2,126);
Insert into AAYUSH.ORDERED_PRODUCT (ORDERED_PRODUCT_ID,FK1_PRODUCT_ID,FK2_ORDER_ID) values (150,136,126);
Insert into AAYUSH.ORDERED_PRODUCT (ORDERED_PRODUCT_ID,FK1_PRODUCT_ID,FK2_ORDER_ID) values (68,136,86);
Insert into AAYUSH.ORDERED_PRODUCT (ORDERED_PRODUCT_ID,FK1_PRODUCT_ID,FK2_ORDER_ID) values (66,137,85);
Insert into AAYUSH.ORDERED_PRODUCT (ORDERED_PRODUCT_ID,FK1_PRODUCT_ID,FK2_ORDER_ID) values (67,136,85);
Insert into AAYUSH.ORDERED_PRODUCT (ORDERED_PRODUCT_ID,FK1_PRODUCT_ID,FK2_ORDER_ID) values (69,136,87);
Insert into AAYUSH.ORDERED_PRODUCT (ORDERED_PRODUCT_ID,FK1_PRODUCT_ID,FK2_ORDER_ID) values (73,138,89);
Insert into AAYUSH.ORDERED_PRODUCT (ORDERED_PRODUCT_ID,FK1_PRODUCT_ID,FK2_ORDER_ID) values (74,138,89);
Insert into AAYUSH.ORDERED_PRODUCT (ORDERED_PRODUCT_ID,FK1_PRODUCT_ID,FK2_ORDER_ID) values (75,139,90);
REM INSERTING into AAYUSH.ORDERS
SET DEFINE OFF;
Insert into AAYUSH.ORDERS (ORDER_ID,ORDER_AMOUNT,ORDER_DATE,ORDER_TIME,FK1_SLOT_ID,FK2_USER_ID) values (103,22,to_date('05-JUN-24','DD-MON-RR'),to_timestamp('05-JUN-24 11.43.46.564000000 PM','DD-MON-RR HH.MI.SSXFF AM'),3,55);
Insert into AAYUSH.ORDERS (ORDER_ID,ORDER_AMOUNT,ORDER_DATE,ORDER_TIME,FK1_SLOT_ID,FK2_USER_ID) values (88,9,to_date('05-JUN-24','DD-MON-RR'),to_timestamp('05-JUN-24 07.50.24.258000000 PM','DD-MON-RR HH.MI.SSXFF AM'),3,55);
Insert into AAYUSH.ORDERS (ORDER_ID,ORDER_AMOUNT,ORDER_DATE,ORDER_TIME,FK1_SLOT_ID,FK2_USER_ID) values (124,95,to_date('06-JUN-24','DD-MON-RR'),to_timestamp('06-JUN-24 12.11.03.125000000 PM','DD-MON-RR HH.MI.SSXFF AM'),3,122);
Insert into AAYUSH.ORDERS (ORDER_ID,ORDER_AMOUNT,ORDER_DATE,ORDER_TIME,FK1_SLOT_ID,FK2_USER_ID) values (125,44,to_date('06-JUN-24','DD-MON-RR'),to_timestamp('06-JUN-24 01.06.10.909000000 PM','DD-MON-RR HH.MI.SSXFF AM'),3,55);
Insert into AAYUSH.ORDERS (ORDER_ID,ORDER_AMOUNT,ORDER_DATE,ORDER_TIME,FK1_SLOT_ID,FK2_USER_ID) values (126,59,to_date('06-JUN-24','DD-MON-RR'),to_timestamp('06-JUN-24 02.14.56.338000000 PM','DD-MON-RR HH.MI.SSXFF AM'),3,123);
Insert into AAYUSH.ORDERS (ORDER_ID,ORDER_AMOUNT,ORDER_DATE,ORDER_TIME,FK1_SLOT_ID,FK2_USER_ID) values (85,5,to_date('05-JUN-24','DD-MON-RR'),to_timestamp('05-JUN-24 05.58.40.859000000 PM','DD-MON-RR HH.MI.SSXFF AM'),3,55);
Insert into AAYUSH.ORDERS (ORDER_ID,ORDER_AMOUNT,ORDER_DATE,ORDER_TIME,FK1_SLOT_ID,FK2_USER_ID) values (86,4,to_date('05-JUN-24','DD-MON-RR'),to_timestamp('05-JUN-24 07.37.44.963000000 PM','DD-MON-RR HH.MI.SSXFF AM'),3,55);
Insert into AAYUSH.ORDERS (ORDER_ID,ORDER_AMOUNT,ORDER_DATE,ORDER_TIME,FK1_SLOT_ID,FK2_USER_ID) values (87,6,to_date('05-JUN-24','DD-MON-RR'),to_timestamp('05-JUN-24 07.46.47.620000000 PM','DD-MON-RR HH.MI.SSXFF AM'),3,55);
Insert into AAYUSH.ORDERS (ORDER_ID,ORDER_AMOUNT,ORDER_DATE,ORDER_TIME,FK1_SLOT_ID,FK2_USER_ID) values (89,6,to_date('05-JUN-24','DD-MON-RR'),to_timestamp('05-JUN-24 07.57.26.641000000 PM','DD-MON-RR HH.MI.SSXFF AM'),3,55);
Insert into AAYUSH.ORDERS (ORDER_ID,ORDER_AMOUNT,ORDER_DATE,ORDER_TIME,FK1_SLOT_ID,FK2_USER_ID) values (90,5,to_date('05-JUN-24','DD-MON-RR'),to_timestamp('05-JUN-24 09.12.16.961000000 PM','DD-MON-RR HH.MI.SSXFF AM'),3,55);
REM INSERTING into AAYUSH.PAYMENT
SET DEFINE OFF;
Insert into AAYUSH.PAYMENT (PAYMENT_ID,TOTAL_PAYMENT,PAYMENT_DATE,PAYMENT_TIME,FK1_ORDER_ID,FK2_USER_ID) values (62,22,to_date('05-JUN-24','DD-MON-RR'),to_timestamp('05-JUN-24 11.43.46.574000000 PM','DD-MON-RR HH.MI.SSXFF AM'),103,55);
Insert into AAYUSH.PAYMENT (PAYMENT_ID,TOTAL_PAYMENT,PAYMENT_DATE,PAYMENT_TIME,FK1_ORDER_ID,FK2_USER_ID) values (47,9,to_date('05-JUN-24','DD-MON-RR'),to_timestamp('05-JUN-24 07.50.24.260000000 PM','DD-MON-RR HH.MI.SSXFF AM'),88,55);
Insert into AAYUSH.PAYMENT (PAYMENT_ID,TOTAL_PAYMENT,PAYMENT_DATE,PAYMENT_TIME,FK1_ORDER_ID,FK2_USER_ID) values (84,44,to_date('06-JUN-24','DD-MON-RR'),to_timestamp('06-JUN-24 01.06.10.915000000 PM','DD-MON-RR HH.MI.SSXFF AM'),125,55);
Insert into AAYUSH.PAYMENT (PAYMENT_ID,TOTAL_PAYMENT,PAYMENT_DATE,PAYMENT_TIME,FK1_ORDER_ID,FK2_USER_ID) values (85,59,to_date('06-JUN-24','DD-MON-RR'),to_timestamp('06-JUN-24 02.14.56.342000000 PM','DD-MON-RR HH.MI.SSXFF AM'),126,123);
Insert into AAYUSH.PAYMENT (PAYMENT_ID,TOTAL_PAYMENT,PAYMENT_DATE,PAYMENT_TIME,FK1_ORDER_ID,FK2_USER_ID) values (83,95,to_date('06-JUN-24','DD-MON-RR'),to_timestamp('06-JUN-24 12.11.03.128000000 PM','DD-MON-RR HH.MI.SSXFF AM'),124,122);
Insert into AAYUSH.PAYMENT (PAYMENT_ID,TOTAL_PAYMENT,PAYMENT_DATE,PAYMENT_TIME,FK1_ORDER_ID,FK2_USER_ID) values (45,4,to_date('05-JUN-24','DD-MON-RR'),to_timestamp('05-JUN-24 07.37.44.966000000 PM','DD-MON-RR HH.MI.SSXFF AM'),86,55);
Insert into AAYUSH.PAYMENT (PAYMENT_ID,TOTAL_PAYMENT,PAYMENT_DATE,PAYMENT_TIME,FK1_ORDER_ID,FK2_USER_ID) values (46,6,to_date('05-JUN-24','DD-MON-RR'),to_timestamp('05-JUN-24 07.46.47.624000000 PM','DD-MON-RR HH.MI.SSXFF AM'),87,55);
Insert into AAYUSH.PAYMENT (PAYMENT_ID,TOTAL_PAYMENT,PAYMENT_DATE,PAYMENT_TIME,FK1_ORDER_ID,FK2_USER_ID) values (44,5,to_date('05-JUN-24','DD-MON-RR'),to_timestamp('05-JUN-24 05.58.40.865000000 PM','DD-MON-RR HH.MI.SSXFF AM'),85,55);
Insert into AAYUSH.PAYMENT (PAYMENT_ID,TOTAL_PAYMENT,PAYMENT_DATE,PAYMENT_TIME,FK1_ORDER_ID,FK2_USER_ID) values (48,6,to_date('05-JUN-24','DD-MON-RR'),to_timestamp('05-JUN-24 07.57.26.643000000 PM','DD-MON-RR HH.MI.SSXFF AM'),89,55);
Insert into AAYUSH.PAYMENT (PAYMENT_ID,TOTAL_PAYMENT,PAYMENT_DATE,PAYMENT_TIME,FK1_ORDER_ID,FK2_USER_ID) values (49,5,to_date('05-JUN-24','DD-MON-RR'),to_timestamp('05-JUN-24 09.12.16.966000000 PM','DD-MON-RR HH.MI.SSXFF AM'),90,55);
REM INSERTING into AAYUSH.PRODUCT
SET DEFINE OFF;
Insert into AAYUSH.PRODUCT (PRODUCT_ID,PRODUCT_NAME,DESCRIPTION,STOCK_LEFT,PRODUCT_PRICE,MIN_ORDER,MAX_ORDER,ALLERGY,FK1_DISCOUNT_ID,FK2_SHOP_ID,STATUS) values (7,'Chili','It is hollow with many seeds.',191,2,1,20,'Itching or tingling in the mouth, nausea, vomiting.',null,2,1);
Insert into AAYUSH.PRODUCT (PRODUCT_ID,PRODUCT_NAME,DESCRIPTION,STOCK_LEFT,PRODUCT_PRICE,MIN_ORDER,MAX_ORDER,ALLERGY,FK1_DISCOUNT_ID,FK2_SHOP_ID,STATUS) values (8,'Broccoli','edible green plant in the cabbage family.',199,2,1,20,'High in natural chemical salicylates',null,2,1);
Insert into AAYUSH.PRODUCT (PRODUCT_ID,PRODUCT_NAME,DESCRIPTION,STOCK_LEFT,PRODUCT_PRICE,MIN_ORDER,MAX_ORDER,ALLERGY,FK1_DISCOUNT_ID,FK2_SHOP_ID,STATUS) values (10,'Onion','a round vegetable with a brown skin that grows underground.',199,2,1,20,'contains a lipid transfer protein.',null,2,1);
Insert into AAYUSH.PRODUCT (PRODUCT_ID,PRODUCT_NAME,DESCRIPTION,STOCK_LEFT,PRODUCT_PRICE,MIN_ORDER,MAX_ORDER,ALLERGY,FK1_DISCOUNT_ID,FK2_SHOP_ID,STATUS) values (130,'Catfish','Fish with whisker-like barbels, known for deceiving online identities.',300,12,1,10,'Fish with barbels and a knack for deception, both in water and online.',null,3,1);
Insert into AAYUSH.PRODUCT (PRODUCT_ID,PRODUCT_NAME,DESCRIPTION,STOCK_LEFT,PRODUCT_PRICE,MIN_ORDER,MAX_ORDER,ALLERGY,FK1_DISCOUNT_ID,FK2_SHOP_ID,STATUS) values (131,'Fish Fillet','Fish that has been deboned and sliced into flat pieces, ready for cooking.',229,7,1,15,'Trans Fat',null,3,1);
Insert into AAYUSH.PRODUCT (PRODUCT_ID,PRODUCT_NAME,DESCRIPTION,STOCK_LEFT,PRODUCT_PRICE,MIN_ORDER,MAX_ORDER,ALLERGY,FK1_DISCOUNT_ID,FK2_SHOP_ID,STATUS) values (132,'Salmon','A flavorful and nutritious fish, prized for its pink flesh and versatility in cooking, popular in various cuisines worldwide.',340,34,1,16,'Vomiting',null,3,1);
Insert into AAYUSH.PRODUCT (PRODUCT_ID,PRODUCT_NAME,DESCRIPTION,STOCK_LEFT,PRODUCT_PRICE,MIN_ORDER,MAX_ORDER,ALLERGY,FK1_DISCOUNT_ID,FK2_SHOP_ID,STATUS) values (133,'Trout','Freshwater fish admired for its delicate flavor and firm texture, cherished by anglers and gourmands alike for its versatility in cooking.',340,4,1,19,'Contains red meat',null,3,1);
Insert into AAYUSH.PRODUCT (PRODUCT_ID,PRODUCT_NAME,DESCRIPTION,STOCK_LEFT,PRODUCT_PRICE,MIN_ORDER,MAX_ORDER,ALLERGY,FK1_DISCOUNT_ID,FK2_SHOP_ID,STATUS) values (136,'Berries','Small, colorful fruits packed with vitamins, antioxidants, and flavor.',300,2,1,15,'Itchy feeling in mouth.',null,5,1);
Insert into AAYUSH.PRODUCT (PRODUCT_ID,PRODUCT_NAME,DESCRIPTION,STOCK_LEFT,PRODUCT_PRICE,MIN_ORDER,MAX_ORDER,ALLERGY,FK1_DISCOUNT_ID,FK2_SHOP_ID,STATUS) values (137,'Cheese','A dairy product made from curdled milk, varying widely in flavor, texture, and aroma, enjoyed in countless dishes from around the world.',332,3,1,16,'Upset stomach.',null,5,1);
Insert into AAYUSH.PRODUCT (PRODUCT_ID,PRODUCT_NAME,DESCRIPTION,STOCK_LEFT,PRODUCT_PRICE,MIN_ORDER,MAX_ORDER,ALLERGY,FK1_DISCOUNT_ID,FK2_SHOP_ID,STATUS) values (138,'Chocolate','Decadent treat derived from cacao beans, offering a rich, indulgent flavor experience in various forms.',787,3,1,15,'Shortness of breath.',null,5,1);
Insert into AAYUSH.PRODUCT (PRODUCT_ID,PRODUCT_NAME,DESCRIPTION,STOCK_LEFT,PRODUCT_PRICE,MIN_ORDER,MAX_ORDER,ALLERGY,FK1_DISCOUNT_ID,FK2_SHOP_ID,STATUS) values (139,'Honey','Sweet, viscous liquid produced by bees from flower nectar, prized for its natural sweetness, versatility in cooking, and potential health benefits.',339,5,1,12,'Vomiting',null,5,1);
Insert into AAYUSH.PRODUCT (PRODUCT_ID,PRODUCT_NAME,DESCRIPTION,STOCK_LEFT,PRODUCT_PRICE,MIN_ORDER,MAX_ORDER,ALLERGY,FK1_DISCOUNT_ID,FK2_SHOP_ID,STATUS) values (140,'Juice','Liquid extracted from fruits or vegetables, bursting with vitamins, minerals, and refreshing flavor, enjoyed as a standalone beverage or mixed in cocktails and smoothies.',345,12,1,16,'Itching',null,5,1);
Insert into AAYUSH.PRODUCT (PRODUCT_ID,PRODUCT_NAME,DESCRIPTION,STOCK_LEFT,PRODUCT_PRICE,MIN_ORDER,MAX_ORDER,ALLERGY,FK1_DISCOUNT_ID,FK2_SHOP_ID,STATUS) values (141,'Brownbread','Nutritious bread made from whole grain flour, rich in fiber and nutrients, offering a hearty, slightly nutty flavor and a wholesome addition to meals.',220,3,1,20,'Itching',null,4,1);
Insert into AAYUSH.PRODUCT (PRODUCT_ID,PRODUCT_NAME,DESCRIPTION,STOCK_LEFT,PRODUCT_PRICE,MIN_ORDER,MAX_ORDER,ALLERGY,FK1_DISCOUNT_ID,FK2_SHOP_ID,STATUS) values (142,'Chocolate Cake','Indulgent dessert made with cocoa, flour, sugar, and eggs, layered with creamy frosting or served plain, beloved for its rich, decadent flavor and moist texture.',230,6,1,12,'Vomiting',null,4,1);
Insert into AAYUSH.PRODUCT (PRODUCT_ID,PRODUCT_NAME,DESCRIPTION,STOCK_LEFT,PRODUCT_PRICE,MIN_ORDER,MAX_ORDER,ALLERGY,FK1_DISCOUNT_ID,FK2_SHOP_ID,STATUS) values (5,'Wagyu','Wagyu refers to all Japanese beef cattle',188,40,1,10,'It contains casein',null,1,1);
Insert into AAYUSH.PRODUCT (PRODUCT_ID,PRODUCT_NAME,DESCRIPTION,STOCK_LEFT,PRODUCT_PRICE,MIN_ORDER,MAX_ORDER,ALLERGY,FK1_DISCOUNT_ID,FK2_SHOP_ID,STATUS) values (1,'High fat beef','High quality beef rich in fat',198,2,1,20,'Contains fats ',null,1,1);
Insert into AAYUSH.PRODUCT (PRODUCT_ID,PRODUCT_NAME,DESCRIPTION,STOCK_LEFT,PRODUCT_PRICE,MIN_ORDER,MAX_ORDER,ALLERGY,FK1_DISCOUNT_ID,FK2_SHOP_ID,STATUS) values (6,'Apple','Round fruit with red or green skin and a whitish inside',199,35,1,10,'itching of mouth and throat, redness and swelling of the lips',null,2,1);
Insert into AAYUSH.PRODUCT (PRODUCT_ID,PRODUCT_NAME,DESCRIPTION,STOCK_LEFT,PRODUCT_PRICE,MIN_ORDER,MAX_ORDER,ALLERGY,FK1_DISCOUNT_ID,FK2_SHOP_ID,STATUS) values (143,'Donuts','Circular fried dough confections, often sweetened, glazed, or filled with various toppings or fillings, enjoyed as a popular treat or dessert in many cultures.',200,5,1,6,'Bloating',null,4,1);
Insert into AAYUSH.PRODUCT (PRODUCT_ID,PRODUCT_NAME,DESCRIPTION,STOCK_LEFT,PRODUCT_PRICE,MIN_ORDER,MAX_ORDER,ALLERGY,FK1_DISCOUNT_ID,FK2_SHOP_ID,STATUS) values (144,'Pastry',' A dough-based food made from flour, fat, and water, used as a base or covering for various sweet or savory dishes, including pies, tarts, quiches, and pastries such as croissants and danishes.',200,7,1,18,'Headache',null,4,1);
Insert into AAYUSH.PRODUCT (PRODUCT_ID,PRODUCT_NAME,DESCRIPTION,STOCK_LEFT,PRODUCT_PRICE,MIN_ORDER,MAX_ORDER,ALLERGY,FK1_DISCOUNT_ID,FK2_SHOP_ID,STATUS) values (145,'Vanilla Cake','A classic dessert made with vanilla-flavored batter, typically composed of flour, sugar, butter, eggs, and vanilla extract, baked until light and fluffy, often served with frosting.',200,8,1,19,'Bloating',null,4,1);
Insert into AAYUSH.PRODUCT (PRODUCT_ID,PRODUCT_NAME,DESCRIPTION,STOCK_LEFT,PRODUCT_PRICE,MIN_ORDER,MAX_ORDER,ALLERGY,FK1_DISCOUNT_ID,FK2_SHOP_ID,STATUS) values (2,'Beef steak','Raw beef steak with salt pepper and rosemary on white plate',179,4,1,3,'Contains red meat',null,1,1);
Insert into AAYUSH.PRODUCT (PRODUCT_ID,PRODUCT_NAME,DESCRIPTION,STOCK_LEFT,PRODUCT_PRICE,MIN_ORDER,MAX_ORDER,ALLERGY,FK1_DISCOUNT_ID,FK2_SHOP_ID,STATUS) values (183,'sushui','sudhi fresh',100,20,1,20,'contains rice',null,26,1);
Insert into AAYUSH.PRODUCT (PRODUCT_ID,PRODUCT_NAME,DESCRIPTION,STOCK_LEFT,PRODUCT_PRICE,MIN_ORDER,MAX_ORDER,ALLERGY,FK1_DISCOUNT_ID,FK2_SHOP_ID,STATUS) values (4,'Pork','Pork is the meat of the domestic pig',194,35,1,10,'Contains fat',null,1,1);
Insert into AAYUSH.PRODUCT (PRODUCT_ID,PRODUCT_NAME,DESCRIPTION,STOCK_LEFT,PRODUCT_PRICE,MIN_ORDER,MAX_ORDER,ALLERGY,FK1_DISCOUNT_ID,FK2_SHOP_ID,STATUS) values (9,'Capsicum','has crisp, shiny, moist flesh and hollow with a seeded core.',200,2,1,20,'difficulty breathing, closing of throat, swelling of lips, tongue or face',null,2,1);
Insert into AAYUSH.PRODUCT (PRODUCT_ID,PRODUCT_NAME,DESCRIPTION,STOCK_LEFT,PRODUCT_PRICE,MIN_ORDER,MAX_ORDER,ALLERGY,FK1_DISCOUNT_ID,FK2_SHOP_ID,STATUS) values (134,'Tuna ','Large, swift ocean fish prized for its meaty texture and rich flavor, a staple in sushi, salads, and sandwiches worldwide.',200,3,1,16,'Mild discomfort',null,3,1);
Insert into AAYUSH.PRODUCT (PRODUCT_ID,PRODUCT_NAME,DESCRIPTION,STOCK_LEFT,PRODUCT_PRICE,MIN_ORDER,MAX_ORDER,ALLERGY,FK1_DISCOUNT_ID,FK2_SHOP_ID,STATUS) values (3,'Raw fillet steak','Most tender of all the steaks',200,5,1,4,'Contain high fat',null,1,1);
REM INSERTING into AAYUSH.PRODUCT_CART
SET DEFINE OFF;
Insert into AAYUSH.PRODUCT_CART (PRODUCT_CART_ID,FK1_PRODUCT_ID,FK2_CART_ID) values (116,2,23);
Insert into AAYUSH.PRODUCT_CART (PRODUCT_CART_ID,FK1_PRODUCT_ID,FK2_CART_ID) values (115,2,23);
Insert into AAYUSH.PRODUCT_CART (PRODUCT_CART_ID,FK1_PRODUCT_ID,FK2_CART_ID) values (444,10,62);
Insert into AAYUSH.PRODUCT_CART (PRODUCT_CART_ID,FK1_PRODUCT_ID,FK2_CART_ID) values (446,131,63);
Insert into AAYUSH.PRODUCT_CART (PRODUCT_CART_ID,FK1_PRODUCT_ID,FK2_CART_ID) values (111,2,22);
Insert into AAYUSH.PRODUCT_CART (PRODUCT_CART_ID,FK1_PRODUCT_ID,FK2_CART_ID) values (112,1,22);
Insert into AAYUSH.PRODUCT_CART (PRODUCT_CART_ID,FK1_PRODUCT_ID,FK2_CART_ID) values (472,7,63);
Insert into AAYUSH.PRODUCT_CART (PRODUCT_CART_ID,FK1_PRODUCT_ID,FK2_CART_ID) values (451,7,63);
Insert into AAYUSH.PRODUCT_CART (PRODUCT_CART_ID,FK1_PRODUCT_ID,FK2_CART_ID) values (452,7,63);
Insert into AAYUSH.PRODUCT_CART (PRODUCT_CART_ID,FK1_PRODUCT_ID,FK2_CART_ID) values (453,7,63);
Insert into AAYUSH.PRODUCT_CART (PRODUCT_CART_ID,FK1_PRODUCT_ID,FK2_CART_ID) values (454,7,63);
Insert into AAYUSH.PRODUCT_CART (PRODUCT_CART_ID,FK1_PRODUCT_ID,FK2_CART_ID) values (455,7,63);
Insert into AAYUSH.PRODUCT_CART (PRODUCT_CART_ID,FK1_PRODUCT_ID,FK2_CART_ID) values (456,7,63);
Insert into AAYUSH.PRODUCT_CART (PRODUCT_CART_ID,FK1_PRODUCT_ID,FK2_CART_ID) values (457,131,63);
Insert into AAYUSH.PRODUCT_CART (PRODUCT_CART_ID,FK1_PRODUCT_ID,FK2_CART_ID) values (458,131,63);
Insert into AAYUSH.PRODUCT_CART (PRODUCT_CART_ID,FK1_PRODUCT_ID,FK2_CART_ID) values (459,131,63);
Insert into AAYUSH.PRODUCT_CART (PRODUCT_CART_ID,FK1_PRODUCT_ID,FK2_CART_ID) values (460,131,63);
Insert into AAYUSH.PRODUCT_CART (PRODUCT_CART_ID,FK1_PRODUCT_ID,FK2_CART_ID) values (461,131,63);
Insert into AAYUSH.PRODUCT_CART (PRODUCT_CART_ID,FK1_PRODUCT_ID,FK2_CART_ID) values (462,131,63);
Insert into AAYUSH.PRODUCT_CART (PRODUCT_CART_ID,FK1_PRODUCT_ID,FK2_CART_ID) values (463,131,63);
Insert into AAYUSH.PRODUCT_CART (PRODUCT_CART_ID,FK1_PRODUCT_ID,FK2_CART_ID) values (464,131,63);
Insert into AAYUSH.PRODUCT_CART (PRODUCT_CART_ID,FK1_PRODUCT_ID,FK2_CART_ID) values (465,131,63);
Insert into AAYUSH.PRODUCT_CART (PRODUCT_CART_ID,FK1_PRODUCT_ID,FK2_CART_ID) values (466,131,63);
Insert into AAYUSH.PRODUCT_CART (PRODUCT_CART_ID,FK1_PRODUCT_ID,FK2_CART_ID) values (467,7,63);
Insert into AAYUSH.PRODUCT_CART (PRODUCT_CART_ID,FK1_PRODUCT_ID,FK2_CART_ID) values (284,6,42);
Insert into AAYUSH.PRODUCT_CART (PRODUCT_CART_ID,FK1_PRODUCT_ID,FK2_CART_ID) values (320,4,42);
Insert into AAYUSH.PRODUCT_CART (PRODUCT_CART_ID,FK1_PRODUCT_ID,FK2_CART_ID) values (321,4,42);
Insert into AAYUSH.PRODUCT_CART (PRODUCT_CART_ID,FK1_PRODUCT_ID,FK2_CART_ID) values (322,4,42);
Insert into AAYUSH.PRODUCT_CART (PRODUCT_CART_ID,FK1_PRODUCT_ID,FK2_CART_ID) values (313,2,42);
Insert into AAYUSH.PRODUCT_CART (PRODUCT_CART_ID,FK1_PRODUCT_ID,FK2_CART_ID) values (314,2,42);
Insert into AAYUSH.PRODUCT_CART (PRODUCT_CART_ID,FK1_PRODUCT_ID,FK2_CART_ID) values (294,2,42);
Insert into AAYUSH.PRODUCT_CART (PRODUCT_CART_ID,FK1_PRODUCT_ID,FK2_CART_ID) values (295,2,42);
Insert into AAYUSH.PRODUCT_CART (PRODUCT_CART_ID,FK1_PRODUCT_ID,FK2_CART_ID) values (296,2,42);
Insert into AAYUSH.PRODUCT_CART (PRODUCT_CART_ID,FK1_PRODUCT_ID,FK2_CART_ID) values (297,2,42);
Insert into AAYUSH.PRODUCT_CART (PRODUCT_CART_ID,FK1_PRODUCT_ID,FK2_CART_ID) values (298,2,42);
Insert into AAYUSH.PRODUCT_CART (PRODUCT_CART_ID,FK1_PRODUCT_ID,FK2_CART_ID) values (299,2,42);
Insert into AAYUSH.PRODUCT_CART (PRODUCT_CART_ID,FK1_PRODUCT_ID,FK2_CART_ID) values (300,2,42);
Insert into AAYUSH.PRODUCT_CART (PRODUCT_CART_ID,FK1_PRODUCT_ID,FK2_CART_ID) values (301,2,42);
Insert into AAYUSH.PRODUCT_CART (PRODUCT_CART_ID,FK1_PRODUCT_ID,FK2_CART_ID) values (302,2,42);
Insert into AAYUSH.PRODUCT_CART (PRODUCT_CART_ID,FK1_PRODUCT_ID,FK2_CART_ID) values (303,2,42);
Insert into AAYUSH.PRODUCT_CART (PRODUCT_CART_ID,FK1_PRODUCT_ID,FK2_CART_ID) values (304,2,42);
Insert into AAYUSH.PRODUCT_CART (PRODUCT_CART_ID,FK1_PRODUCT_ID,FK2_CART_ID) values (305,2,42);
Insert into AAYUSH.PRODUCT_CART (PRODUCT_CART_ID,FK1_PRODUCT_ID,FK2_CART_ID) values (315,2,42);
Insert into AAYUSH.PRODUCT_CART (PRODUCT_CART_ID,FK1_PRODUCT_ID,FK2_CART_ID) values (316,2,42);
Insert into AAYUSH.PRODUCT_CART (PRODUCT_CART_ID,FK1_PRODUCT_ID,FK2_CART_ID) values (317,2,42);
Insert into AAYUSH.PRODUCT_CART (PRODUCT_CART_ID,FK1_PRODUCT_ID,FK2_CART_ID) values (318,2,42);
Insert into AAYUSH.PRODUCT_CART (PRODUCT_CART_ID,FK1_PRODUCT_ID,FK2_CART_ID) values (319,2,42);
REM INSERTING into AAYUSH.PRODUCT_CATEGORY
SET DEFINE OFF;
REM INSERTING into AAYUSH.PRODUCT_IMAGE
SET DEFINE OFF;
Insert into AAYUSH.PRODUCT_IMAGE (IMAGE_ID,IMAGE,FK1_PRODUCT_ID) values (38,'uploads/berries.png',136);
Insert into AAYUSH.PRODUCT_IMAGE (IMAGE_ID,IMAGE,FK1_PRODUCT_ID) values (39,'uploads/cheese.png',137);
Insert into AAYUSH.PRODUCT_IMAGE (IMAGE_ID,IMAGE,FK1_PRODUCT_ID) values (40,'uploads/chocolate.png',138);
Insert into AAYUSH.PRODUCT_IMAGE (IMAGE_ID,IMAGE,FK1_PRODUCT_ID) values (27,'uploads/apple.png',6);
Insert into AAYUSH.PRODUCT_IMAGE (IMAGE_ID,IMAGE,FK1_PRODUCT_ID) values (41,'uploads/honey.png',139);
Insert into AAYUSH.PRODUCT_IMAGE (IMAGE_ID,IMAGE,FK1_PRODUCT_ID) values (42,'uploads/juice.png',140);
Insert into AAYUSH.PRODUCT_IMAGE (IMAGE_ID,IMAGE,FK1_PRODUCT_ID) values (83,'uploads/chocolatecake.png',142);
Insert into AAYUSH.PRODUCT_IMAGE (IMAGE_ID,IMAGE,FK1_PRODUCT_ID) values (84,'uploads/donuts.png',143);
Insert into AAYUSH.PRODUCT_IMAGE (IMAGE_ID,IMAGE,FK1_PRODUCT_ID) values (85,'uploads/pastry.png',144);
Insert into AAYUSH.PRODUCT_IMAGE (IMAGE_ID,IMAGE,FK1_PRODUCT_ID) values (86,'uploads/vanillacake.png',145);
Insert into AAYUSH.PRODUCT_IMAGE (IMAGE_ID,IMAGE,FK1_PRODUCT_ID) values (33,'uploads/cod.png',131);
Insert into AAYUSH.PRODUCT_IMAGE (IMAGE_ID,IMAGE,FK1_PRODUCT_ID) values (24,'uploads/pork.png',4);
Insert into AAYUSH.PRODUCT_IMAGE (IMAGE_ID,IMAGE,FK1_PRODUCT_ID) values (25,'uploads/wagyu.png',5);
Insert into AAYUSH.PRODUCT_IMAGE (IMAGE_ID,IMAGE,FK1_PRODUCT_ID) values (34,'uploads/salmon.png',132);
Insert into AAYUSH.PRODUCT_IMAGE (IMAGE_ID,IMAGE,FK1_PRODUCT_ID) values (35,'uploads/trout.png',133);
Insert into AAYUSH.PRODUCT_IMAGE (IMAGE_ID,IMAGE,FK1_PRODUCT_ID) values (2,'uploads/lamb.png',2);
Insert into AAYUSH.PRODUCT_IMAGE (IMAGE_ID,IMAGE,FK1_PRODUCT_ID) values (87,'uploads/IMG_E0771.JPG',183);
Insert into AAYUSH.PRODUCT_IMAGE (IMAGE_ID,IMAGE,FK1_PRODUCT_ID) values (3,'uploads/lean.png',3);
Insert into AAYUSH.PRODUCT_IMAGE (IMAGE_ID,IMAGE,FK1_PRODUCT_ID) values (1,'uploads/fat.png',1);
Insert into AAYUSH.PRODUCT_IMAGE (IMAGE_ID,IMAGE,FK1_PRODUCT_ID) values (28,'uploads/beans.png',7);
Insert into AAYUSH.PRODUCT_IMAGE (IMAGE_ID,IMAGE,FK1_PRODUCT_ID) values (29,'uploads/brocolli.png',8);
Insert into AAYUSH.PRODUCT_IMAGE (IMAGE_ID,IMAGE,FK1_PRODUCT_ID) values (30,'uploads/capsicum.png',9);
Insert into AAYUSH.PRODUCT_IMAGE (IMAGE_ID,IMAGE,FK1_PRODUCT_ID) values (31,'uploads/onion.png',10);
Insert into AAYUSH.PRODUCT_IMAGE (IMAGE_ID,IMAGE,FK1_PRODUCT_ID) values (32,'uploads/catfish.png',130);
Insert into AAYUSH.PRODUCT_IMAGE (IMAGE_ID,IMAGE,FK1_PRODUCT_ID) values (36,'uploads/tuna.png',134);
Insert into AAYUSH.PRODUCT_IMAGE (IMAGE_ID,IMAGE,FK1_PRODUCT_ID) values (82,'uploads/brownbread.png',141);
REM INSERTING into AAYUSH.PRODUCT_WISHLIST
SET DEFINE OFF;
Insert into AAYUSH.PRODUCT_WISHLIST (PRODUCT_WISHLIST_ID,FK1_PRODUCT_ID,FK2_WISHLIST_ID) values (91,1,3);
Insert into AAYUSH.PRODUCT_WISHLIST (PRODUCT_WISHLIST_ID,FK1_PRODUCT_ID,FK2_WISHLIST_ID) values (92,2,3);
Insert into AAYUSH.PRODUCT_WISHLIST (PRODUCT_WISHLIST_ID,FK1_PRODUCT_ID,FK2_WISHLIST_ID) values (88,1,1);
Insert into AAYUSH.PRODUCT_WISHLIST (PRODUCT_WISHLIST_ID,FK1_PRODUCT_ID,FK2_WISHLIST_ID) values (89,1,2);
Insert into AAYUSH.PRODUCT_WISHLIST (PRODUCT_WISHLIST_ID,FK1_PRODUCT_ID,FK2_WISHLIST_ID) values (90,2,2);
Insert into AAYUSH.PRODUCT_WISHLIST (PRODUCT_WISHLIST_ID,FK1_PRODUCT_ID,FK2_WISHLIST_ID) values (162,136,1);
Insert into AAYUSH.PRODUCT_WISHLIST (PRODUCT_WISHLIST_ID,FK1_PRODUCT_ID,FK2_WISHLIST_ID) values (184,2,43);
Insert into AAYUSH.PRODUCT_WISHLIST (PRODUCT_WISHLIST_ID,FK1_PRODUCT_ID,FK2_WISHLIST_ID) values (186,2,44);
Insert into AAYUSH.PRODUCT_WISHLIST (PRODUCT_WISHLIST_ID,FK1_PRODUCT_ID,FK2_WISHLIST_ID) values (185,2,1);
Insert into AAYUSH.PRODUCT_WISHLIST (PRODUCT_WISHLIST_ID,FK1_PRODUCT_ID,FK2_WISHLIST_ID) values (142,2,22);
REM INSERTING into AAYUSH.REVIEW
SET DEFINE OFF;
Insert into AAYUSH.REVIEW (REVIEW_ID,REVIEWS,RATING,FK1_PRODUCT_ID,FK2_USER_ID) values (43,'its good',3,2,55);
Insert into AAYUSH.REVIEW (REVIEW_ID,REVIEWS,RATING,FK1_PRODUCT_ID,FK2_USER_ID) values (66,'cat',3,6,55);
Insert into AAYUSH.REVIEW (REVIEW_ID,REVIEWS,RATING,FK1_PRODUCT_ID,FK2_USER_ID) values (103,'good chilli',2,7,17);
Insert into AAYUSH.REVIEW (REVIEW_ID,REVIEWS,RATING,FK1_PRODUCT_ID,FK2_USER_ID) values (83,'its good berries',5,136,55);
Insert into AAYUSH.REVIEW (REVIEW_ID,REVIEWS,RATING,FK1_PRODUCT_ID,FK2_USER_ID) values (63,'this is amazing',3,4,null);
Insert into AAYUSH.REVIEW (REVIEW_ID,REVIEWS,RATING,FK1_PRODUCT_ID,FK2_USER_ID) values (1,'it''s godd',3,1,null);
Insert into AAYUSH.REVIEW (REVIEW_ID,REVIEWS,RATING,FK1_PRODUCT_ID,FK2_USER_ID) values (2,'hello',3,1,null);
Insert into AAYUSH.REVIEW (REVIEW_ID,REVIEWS,RATING,FK1_PRODUCT_ID,FK2_USER_ID) values (64,'Its best apple i have ever had',3,6,55);
Insert into AAYUSH.REVIEW (REVIEW_ID,REVIEWS,RATING,FK1_PRODUCT_ID,FK2_USER_ID) values (65,'apple',2,6,55);
Insert into AAYUSH.REVIEW (REVIEW_ID,REVIEWS,RATING,FK1_PRODUCT_ID,FK2_USER_ID) values (67,'apple',3,6,55);
Insert into AAYUSH.REVIEW (REVIEW_ID,REVIEWS,RATING,FK1_PRODUCT_ID,FK2_USER_ID) values (68,'cat',2,6,55);
Insert into AAYUSH.REVIEW (REVIEW_ID,REVIEWS,RATING,FK1_PRODUCT_ID,FK2_USER_ID) values (69,'cat',3,6,55);
Insert into AAYUSH.REVIEW (REVIEW_ID,REVIEWS,RATING,FK1_PRODUCT_ID,FK2_USER_ID) values (70,'This is nice.',4,4,83);
REM INSERTING into AAYUSH.SHOP
SET DEFINE OFF;
Insert into AAYUSH.SHOP (SHOP_ID,SHOP_NAME,DESCRIPTION,SHOP_LOCATION,SHOP_LOGO,VERIFICATION) values (26,'sushi','We sell high uality hommade sushi','cleckhudderfax','uploads/IMG_1107.JPG',1);
Insert into AAYUSH.SHOP (SHOP_ID,SHOP_NAME,DESCRIPTION,SHOP_LOCATION,SHOP_LOGO,VERIFICATION) values (1,'Butcher Garden','Best Butcher place','checkhudderfax','logo1.jpg',1);
Insert into AAYUSH.SHOP (SHOP_ID,SHOP_NAME,DESCRIPTION,SHOP_LOCATION,SHOP_LOGO,VERIFICATION) values (2,'Greengrocer','Fresh fruits in our town','checkhudderfax','logo2.jpg',1);
Insert into AAYUSH.SHOP (SHOP_ID,SHOP_NAME,DESCRIPTION,SHOP_LOCATION,SHOP_LOGO,VERIFICATION) values (3,'fishmonger','Get fishes in correct rate','checkhudderfax','logo3.jpg',1);
Insert into AAYUSH.SHOP (SHOP_ID,SHOP_NAME,DESCRIPTION,SHOP_LOCATION,SHOP_LOGO,VERIFICATION) values (4,'Bakery','Sweets for your special occasion','checkhudderfax','logo4.jpg',1);
Insert into AAYUSH.SHOP (SHOP_ID,SHOP_NAME,DESCRIPTION,SHOP_LOCATION,SHOP_LOGO,VERIFICATION) values (5,'Delicatessen','You can taste the whole world here','checkhudderfax','logo5.jpg',1);
REM INSERTING into AAYUSH.USERS
SET DEFINE OFF;
Insert into AAYUSH.USERS (USER_ID,FIRST_NAME,PHN_NO,EMAIL,PASSWORD,LAST_NAME,ROLE,DOB,FK1_SHOP_ID,FK2_DISCOUNT_ID,USER_IMAGE,STATUS) values (14,'Suyog',9876543210,'suyog@example.com','25d55ad283aa400af464c76d713c07ad','Sitaula','trader',to_date('03-JAN-01','DD-MON-RR'),1,null,'image3.jpg',1);
Insert into AAYUSH.USERS (USER_ID,FIRST_NAME,PHN_NO,EMAIL,PASSWORD,LAST_NAME,ROLE,DOB,FK1_SHOP_ID,FK2_DISCOUNT_ID,USER_IMAGE,STATUS) values (15,'Sudikshya',9876543210,'sudikshya@example.com','25d55ad283aa400af464c76d713c07ad','Ghimire','trader',to_date('03-JAN-01','DD-MON-RR'),2,null,'image4.jpg',1);
Insert into AAYUSH.USERS (USER_ID,FIRST_NAME,PHN_NO,EMAIL,PASSWORD,LAST_NAME,ROLE,DOB,FK1_SHOP_ID,FK2_DISCOUNT_ID,USER_IMAGE,STATUS) values (16,'Sudat',9874343210,'sudat@example.com','25d55ad283aa400af464c76d713c07ad','Shakya','trader',to_date('04-MAY-01','DD-MON-RR'),3,null,'image5.jpg',1);
Insert into AAYUSH.USERS (USER_ID,FIRST_NAME,PHN_NO,EMAIL,PASSWORD,LAST_NAME,ROLE,DOB,FK1_SHOP_ID,FK2_DISCOUNT_ID,USER_IMAGE,STATUS) values (17,'Aditya',9876543210,'aditya@example.com','25d55ad283aa400af464c76d713c07ad','Singhal','trader',to_date('04-MAR-01','DD-MON-RR'),4,null,'image6.jpg',1);
Insert into AAYUSH.USERS (USER_ID,FIRST_NAME,PHN_NO,EMAIL,PASSWORD,LAST_NAME,ROLE,DOB,FK1_SHOP_ID,FK2_DISCOUNT_ID,USER_IMAGE,STATUS) values (18,'Aayush',9876543210,'aayush@example.com','25d55ad283aa400af464c76d713c07ad','Dhakal','trader',to_date('04-JAN-01','DD-MON-RR'),5,null,'image7.jpg',1);
Insert into AAYUSH.USERS (USER_ID,FIRST_NAME,PHN_NO,EMAIL,PASSWORD,LAST_NAME,ROLE,DOB,FK1_SHOP_ID,FK2_DISCOUNT_ID,USER_IMAGE,STATUS) values (81,'admin',9848126873,'admin@gmail.com','21232f297a57a5a743894a0e4a801fc3','admin','admin',null,null,null,null,1);
Insert into AAYUSH.USERS (USER_ID,FIRST_NAME,PHN_NO,EMAIL,PASSWORD,LAST_NAME,ROLE,DOB,FK1_SHOP_ID,FK2_DISCOUNT_ID,USER_IMAGE,STATUS) values (66,'Avhishek',98,'aayush1dhakal@gmail.com','c20ad4d76fe97759aa27a0c99bff6710','poudel','customer',to_date('23-MAY-24','DD-MON-RR'),null,null,'uploads/profile.png',1);
Insert into AAYUSH.USERS (USER_ID,FIRST_NAME,PHN_NO,EMAIL,PASSWORD,LAST_NAME,ROLE,DOB,FK1_SHOP_ID,FK2_DISCOUNT_ID,USER_IMAGE,STATUS) values (82,'Suddhat',9840265358,'suddat1300@gmail.com','9ec0dd8ba861a6f2a616abf8eacbb8f4','shakya','customer',to_date('23-JUL-03','DD-MON-RR'),null,null,'uploads/IMG_E0771.JPG',1);
Insert into AAYUSH.USERS (USER_ID,FIRST_NAME,PHN_NO,EMAIL,PASSWORD,LAST_NAME,ROLE,DOB,FK1_SHOP_ID,FK2_DISCOUNT_ID,USER_IMAGE,STATUS) values (55,'aayush',98,'aayush5dhakal@gmail.com','c20ad4d76fe97759aa27a0c99bff6710','dhakal','customer',to_date('06-MAY-24','DD-MON-RR'),null,null,'uploads/profile.png',1);
Insert into AAYUSH.USERS (USER_ID,FIRST_NAME,PHN_NO,EMAIL,PASSWORD,LAST_NAME,ROLE,DOB,FK1_SHOP_ID,FK2_DISCOUNT_ID,USER_IMAGE,STATUS) values (61,'Aditya',98,'adityasinghal1021@gmail.com','c20ad4d76fe97759aa27a0c99bff6710','Singhal','customer',to_date('19-MAY-09','DD-MON-RR'),null,null,'uploads/profile.png',1);
Insert into AAYUSH.USERS (USER_ID,FIRST_NAME,PHN_NO,EMAIL,PASSWORD,LAST_NAME,ROLE,DOB,FK1_SHOP_ID,FK2_DISCOUNT_ID,USER_IMAGE,STATUS) values (62,'suyog',98,'suyogsitaula48@gmail.com','c20ad4d76fe97759aa27a0c99bff6710','sitaula','customer',to_date('05-NOV-23','DD-MON-RR'),null,null,'uploads/profile.png',1);
Insert into AAYUSH.USERS (USER_ID,FIRST_NAME,PHN_NO,EMAIL,PASSWORD,LAST_NAME,ROLE,DOB,FK1_SHOP_ID,FK2_DISCOUNT_ID,USER_IMAGE,STATUS) values (63,'Avhishek',98,'avisheksah84@gmail.com','c20ad4d76fe97759aa27a0c99bff6710','sah','customer',to_date('24-MAY-24','DD-MON-RR'),null,null,'uploads/profile.png',1);
Insert into AAYUSH.USERS (USER_ID,FIRST_NAME,PHN_NO,EMAIL,PASSWORD,LAST_NAME,ROLE,DOB,FK1_SHOP_ID,FK2_DISCOUNT_ID,USER_IMAGE,STATUS) values (64,'Aayush',98,'aayushdhakal@gmail.com','c20ad4d76fe97759aa27a0c99bff6710','22','trader',to_date('02-MAY-24','DD-MON-RR'),null,null,'uploads/profile.png',1);
Insert into AAYUSH.USERS (USER_ID,FIRST_NAME,PHN_NO,EMAIL,PASSWORD,LAST_NAME,ROLE,DOB,FK1_SHOP_ID,FK2_DISCOUNT_ID,USER_IMAGE,STATUS) values (123,'Aayush',9848126873,'daayush22@tbc.edu.np','1868549337db33c6a42af3b0710c0fa2','Dhakal','customer',to_date('04-JUN-24','DD-MON-RR'),null,null,'uploads/HZWQ5122.JPG',1);
Insert into AAYUSH.USERS (USER_ID,FIRST_NAME,PHN_NO,EMAIL,PASSWORD,LAST_NAME,ROLE,DOB,FK1_SHOP_ID,FK2_DISCOUNT_ID,USER_IMAGE,STATUS) values (124,'aditya',9876543210,'adityasinghal1@protonmail.com','e57b2b572747286d5edf71622c359165','we sell apples','trader',to_date('10-FEB-12','DD-MON-RR'),26,null,'uploads/IMG_E0771.JPG',1);
Insert into AAYUSH.USERS (USER_ID,FIRST_NAME,PHN_NO,EMAIL,PASSWORD,LAST_NAME,ROLE,DOB,FK1_SHOP_ID,FK2_DISCOUNT_ID,USER_IMAGE,STATUS) values (122,'example',9848126873,'example@example.com','1868549337db33c6a42af3b0710c0fa2','example','customer',to_date('02-JUN-24','DD-MON-RR'),null,null,'uploads/HZWQ5122.JPG',1);
Insert into AAYUSH.USERS (USER_ID,FIRST_NAME,PHN_NO,EMAIL,PASSWORD,LAST_NAME,ROLE,DOB,FK1_SHOP_ID,FK2_DISCOUNT_ID,USER_IMAGE,STATUS) values (83,'Avishek',9840265358,'savishek21@tbc.edu.np','6469deaba7ebe0a7d8d1c8ac5cef6c49','Sah','customer',to_date('21-JUN-24','DD-MON-RR'),null,null,'uploads/IMG_E0771.JPG',null);
Insert into AAYUSH.USERS (USER_ID,FIRST_NAME,PHN_NO,EMAIL,PASSWORD,LAST_NAME,ROLE,DOB,FK1_SHOP_ID,FK2_DISCOUNT_ID,USER_IMAGE,STATUS) values (84,'Shashwat',9841058211,'gshashwat21@tbc.edu.np','01985e0c58c7b7b8f1854d3ebfeeb5dd','Gaire','customer',to_date('03-FEB-01','DD-MON-RR'),null,null,'uploads/HZWQ5122.JPG',null);
REM INSERTING into AAYUSH.WISHLIST
SET DEFINE OFF;
Insert into AAYUSH.WISHLIST (WISHLIST_ID,FK1_USER_ID) values (1,55);
Insert into AAYUSH.WISHLIST (WISHLIST_ID,FK1_USER_ID) values (3,66);
Insert into AAYUSH.WISHLIST (WISHLIST_ID,FK1_USER_ID) values (22,82);
Insert into AAYUSH.WISHLIST (WISHLIST_ID,FK1_USER_ID) values (2,63);
Insert into AAYUSH.WISHLIST (WISHLIST_ID,FK1_USER_ID) values (43,122);
Insert into AAYUSH.WISHLIST (WISHLIST_ID,FK1_USER_ID) values (44,123);
Insert into AAYUSH.WISHLIST (WISHLIST_ID,FK1_USER_ID) values (23,83);
Insert into AAYUSH.WISHLIST (WISHLIST_ID,FK1_USER_ID) values (24,84);
--------------------------------------------------------
--  DDL for Index APEX$_WS_NOTES_IDX1
--------------------------------------------------------

  CREATE INDEX "AAYUSH"."APEX$_WS_NOTES_IDX1" ON "AAYUSH"."APEX$_WS_NOTES" ("WS_APP_ID", "DATA_GRID_ID", "ROW_ID") 
  PCTFREE 10 INITRANS 2 MAXTRANS 255 COMPUTE STATISTICS 
  STORAGE(INITIAL 65536 NEXT 1048576 MINEXTENTS 1 MAXEXTENTS 2147483645
  PCTINCREASE 0 FREELISTS 1 FREELIST GROUPS 1 BUFFER_POOL DEFAULT FLASH_CACHE DEFAULT CELL_FLASH_CACHE DEFAULT)
  TABLESPACE "APEX_4627610787144683" ;
--------------------------------------------------------
--  DDL for Index DEMO_ORDER_ITEMS_PK
--------------------------------------------------------

  CREATE UNIQUE INDEX "AAYUSH"."DEMO_ORDER_ITEMS_PK" ON "AAYUSH"."DEMO_ORDER_ITEMS" ("ORDER_ITEM_ID") 
  PCTFREE 10 INITRANS 2 MAXTRANS 255 COMPUTE STATISTICS 
  STORAGE(INITIAL 65536 NEXT 1048576 MINEXTENTS 1 MAXEXTENTS 2147483645
  PCTINCREASE 0 FREELISTS 1 FREELIST GROUPS 1 BUFFER_POOL DEFAULT FLASH_CACHE DEFAULT CELL_FLASH_CACHE DEFAULT)
  TABLESPACE "APEX_4627610787144683" ;
--------------------------------------------------------
--  DDL for Index APEX$_WS_FILES_PK
--------------------------------------------------------

  CREATE UNIQUE INDEX "AAYUSH"."APEX$_WS_FILES_PK" ON "AAYUSH"."APEX$_WS_FILES" ("ID") 
  PCTFREE 10 INITRANS 2 MAXTRANS 255 COMPUTE STATISTICS 
  STORAGE(INITIAL 65536 NEXT 1048576 MINEXTENTS 1 MAXEXTENTS 2147483645
  PCTINCREASE 0 FREELISTS 1 FREELIST GROUPS 1 BUFFER_POOL DEFAULT FLASH_CACHE DEFAULT CELL_FLASH_CACHE DEFAULT)
  TABLESPACE "APEX_4627610787144683" ;
--------------------------------------------------------
--  DDL for Index APEX$_WS_NOTES_PK
--------------------------------------------------------

  CREATE UNIQUE INDEX "AAYUSH"."APEX$_WS_NOTES_PK" ON "AAYUSH"."APEX$_WS_NOTES" ("ID") 
  PCTFREE 10 INITRANS 2 MAXTRANS 255 COMPUTE STATISTICS 
  STORAGE(INITIAL 65536 NEXT 1048576 MINEXTENTS 1 MAXEXTENTS 2147483645
  PCTINCREASE 0 FREELISTS 1 FREELIST GROUPS 1 BUFFER_POOL DEFAULT FLASH_CACHE DEFAULT CELL_FLASH_CACHE DEFAULT)
  TABLESPACE "APEX_4627610787144683" ;
--------------------------------------------------------
--  DDL for Index APEX$_ACL_PK
--------------------------------------------------------

  CREATE UNIQUE INDEX "AAYUSH"."APEX$_ACL_PK" ON "AAYUSH"."APEX$_ACL" ("ID") 
  PCTFREE 10 INITRANS 2 MAXTRANS 255 COMPUTE STATISTICS 
  STORAGE(INITIAL 65536 NEXT 1048576 MINEXTENTS 1 MAXEXTENTS 2147483645
  PCTINCREASE 0 FREELISTS 1 FREELIST GROUPS 1 BUFFER_POOL DEFAULT FLASH_CACHE DEFAULT CELL_FLASH_CACHE DEFAULT)
  TABLESPACE "APEX_4627610787144683" ;
--------------------------------------------------------
--  DDL for Index DEMO_CUST_NAME_IX
--------------------------------------------------------

  CREATE INDEX "AAYUSH"."DEMO_CUST_NAME_IX" ON "AAYUSH"."DEMO_CUSTOMERS" ("CUST_LAST_NAME", "CUST_FIRST_NAME") 
  PCTFREE 10 INITRANS 2 MAXTRANS 255 COMPUTE STATISTICS 
  STORAGE(INITIAL 65536 NEXT 1048576 MINEXTENTS 1 MAXEXTENTS 2147483645
  PCTINCREASE 0 FREELISTS 1 FREELIST GROUPS 1 BUFFER_POOL DEFAULT FLASH_CACHE DEFAULT CELL_FLASH_CACHE DEFAULT)
  TABLESPACE "APEX_4627610787144683" ;
--------------------------------------------------------
--  DDL for Index PK_ORDERED_PRODUCT
--------------------------------------------------------

  CREATE UNIQUE INDEX "AAYUSH"."PK_ORDERED_PRODUCT" ON "AAYUSH"."ORDERED_PRODUCT" ("ORDERED_PRODUCT_ID") 
  PCTFREE 10 INITRANS 2 MAXTRANS 255 COMPUTE STATISTICS 
  STORAGE(INITIAL 65536 NEXT 1048576 MINEXTENTS 1 MAXEXTENTS 2147483645
  PCTINCREASE 0 FREELISTS 1 FREELIST GROUPS 1 BUFFER_POOL DEFAULT FLASH_CACHE DEFAULT CELL_FLASH_CACHE DEFAULT)
  TABLESPACE "APEX_4627610787144683" ;
--------------------------------------------------------
--  DDL for Index APEX$_ACL_IDX1
--------------------------------------------------------

  CREATE INDEX "AAYUSH"."APEX$_ACL_IDX1" ON "AAYUSH"."APEX$_ACL" ("WS_APP_ID") 
  PCTFREE 10 INITRANS 2 MAXTRANS 255 COMPUTE STATISTICS 
  STORAGE(INITIAL 65536 NEXT 1048576 MINEXTENTS 1 MAXEXTENTS 2147483645
  PCTINCREASE 0 FREELISTS 1 FREELIST GROUPS 1 BUFFER_POOL DEFAULT FLASH_CACHE DEFAULT CELL_FLASH_CACHE DEFAULT)
  TABLESPACE "APEX_4627610787144683" ;
--------------------------------------------------------
--  DDL for Index DEMO_CUSTOMERS_UK
--------------------------------------------------------

  CREATE UNIQUE INDEX "AAYUSH"."DEMO_CUSTOMERS_UK" ON "AAYUSH"."DEMO_CUSTOMERS" ("CUST_FIRST_NAME", "CUST_LAST_NAME") 
  PCTFREE 10 INITRANS 2 MAXTRANS 255 COMPUTE STATISTICS 
  STORAGE(INITIAL 65536 NEXT 1048576 MINEXTENTS 1 MAXEXTENTS 2147483645
  PCTINCREASE 0 FREELISTS 1 FREELIST GROUPS 1 BUFFER_POOL DEFAULT FLASH_CACHE DEFAULT CELL_FLASH_CACHE DEFAULT)
  TABLESPACE "APEX_4627610787144683" ;
--------------------------------------------------------
--  DDL for Index DEMO_CUSTOMERS_PK
--------------------------------------------------------

  CREATE UNIQUE INDEX "AAYUSH"."DEMO_CUSTOMERS_PK" ON "AAYUSH"."DEMO_CUSTOMERS" ("CUSTOMER_ID") 
  PCTFREE 10 INITRANS 2 MAXTRANS 255 COMPUTE STATISTICS 
  STORAGE(INITIAL 65536 NEXT 1048576 MINEXTENTS 1 MAXEXTENTS 2147483645
  PCTINCREASE 0 FREELISTS 1 FREELIST GROUPS 1 BUFFER_POOL DEFAULT FLASH_CACHE DEFAULT CELL_FLASH_CACHE DEFAULT)
  TABLESPACE "APEX_4627610787144683" ;
--------------------------------------------------------
--  DDL for Index PK_PIMAGE
--------------------------------------------------------

  CREATE UNIQUE INDEX "AAYUSH"."PK_PIMAGE" ON "AAYUSH"."PRODUCT_IMAGE" ("IMAGE_ID") 
  PCTFREE 10 INITRANS 2 MAXTRANS 255 COMPUTE STATISTICS 
  STORAGE(INITIAL 65536 NEXT 1048576 MINEXTENTS 1 MAXEXTENTS 2147483645
  PCTINCREASE 0 FREELISTS 1 FREELIST GROUPS 1 BUFFER_POOL DEFAULT FLASH_CACHE DEFAULT CELL_FLASH_CACHE DEFAULT)
  TABLESPACE "APEX_4627610787144683" ;
--------------------------------------------------------
--  DDL for Index PK_PRODUCT_CART
--------------------------------------------------------

  CREATE UNIQUE INDEX "AAYUSH"."PK_PRODUCT_CART" ON "AAYUSH"."PRODUCT_CART" ("PRODUCT_CART_ID") 
  PCTFREE 10 INITRANS 2 MAXTRANS 255 COMPUTE STATISTICS 
  STORAGE(INITIAL 65536 NEXT 1048576 MINEXTENTS 1 MAXEXTENTS 2147483645
  PCTINCREASE 0 FREELISTS 1 FREELIST GROUPS 1 BUFFER_POOL DEFAULT FLASH_CACHE DEFAULT CELL_FLASH_CACHE DEFAULT)
  TABLESPACE "APEX_4627610787144683" ;
--------------------------------------------------------
--  DDL for Index APEX$_WS_LINKS_IDX2
--------------------------------------------------------

  CREATE INDEX "AAYUSH"."APEX$_WS_LINKS_IDX2" ON "AAYUSH"."APEX$_WS_LINKS" ("WS_APP_ID", "WEBPAGE_ID") 
  PCTFREE 10 INITRANS 2 MAXTRANS 255 COMPUTE STATISTICS 
  STORAGE(INITIAL 65536 NEXT 1048576 MINEXTENTS 1 MAXEXTENTS 2147483645
  PCTINCREASE 0 FREELISTS 1 FREELIST GROUPS 1 BUFFER_POOL DEFAULT FLASH_CACHE DEFAULT CELL_FLASH_CACHE DEFAULT)
  TABLESPACE "APEX_4627610787144683" ;
--------------------------------------------------------
--  DDL for Index DEMO_PRODUCT_INFO_PK
--------------------------------------------------------

  CREATE UNIQUE INDEX "AAYUSH"."DEMO_PRODUCT_INFO_PK" ON "AAYUSH"."DEMO_PRODUCT_INFO" ("PRODUCT_ID") 
  PCTFREE 10 INITRANS 2 MAXTRANS 255 COMPUTE STATISTICS 
  STORAGE(INITIAL 65536 NEXT 1048576 MINEXTENTS 1 MAXEXTENTS 2147483645
  PCTINCREASE 0 FREELISTS 1 FREELIST GROUPS 1 BUFFER_POOL DEFAULT FLASH_CACHE DEFAULT CELL_FLASH_CACHE DEFAULT)
  TABLESPACE "APEX_4627610787144683" ;
--------------------------------------------------------
--  DDL for Index PK_USER
--------------------------------------------------------

  CREATE UNIQUE INDEX "AAYUSH"."PK_USER" ON "AAYUSH"."USERS" ("USER_ID") 
  PCTFREE 10 INITRANS 2 MAXTRANS 255 COMPUTE STATISTICS 
  STORAGE(INITIAL 65536 NEXT 1048576 MINEXTENTS 1 MAXEXTENTS 2147483645
  PCTINCREASE 0 FREELISTS 1 FREELIST GROUPS 1 BUFFER_POOL DEFAULT FLASH_CACHE DEFAULT CELL_FLASH_CACHE DEFAULT)
  TABLESPACE "APEX_4627610787144683" ;
--------------------------------------------------------
--  DDL for Index PK_PRODUCT
--------------------------------------------------------

  CREATE UNIQUE INDEX "AAYUSH"."PK_PRODUCT" ON "AAYUSH"."PRODUCT" ("PRODUCT_ID") 
  PCTFREE 10 INITRANS 2 MAXTRANS 255 COMPUTE STATISTICS 
  STORAGE(INITIAL 65536 NEXT 1048576 MINEXTENTS 1 MAXEXTENTS 2147483645
  PCTINCREASE 0 FREELISTS 1 FREELIST GROUPS 1 BUFFER_POOL DEFAULT FLASH_CACHE DEFAULT CELL_FLASH_CACHE DEFAULT)
  TABLESPACE "APEX_4627610787144683" ;
--------------------------------------------------------
--  DDL for Index APEX$_WS_NOTES_IDX2
--------------------------------------------------------

  CREATE INDEX "AAYUSH"."APEX$_WS_NOTES_IDX2" ON "AAYUSH"."APEX$_WS_NOTES" ("WS_APP_ID", "WEBPAGE_ID") 
  PCTFREE 10 INITRANS 2 MAXTRANS 255 COMPUTE STATISTICS 
  STORAGE(INITIAL 65536 NEXT 1048576 MINEXTENTS 1 MAXEXTENTS 2147483645
  PCTINCREASE 0 FREELISTS 1 FREELIST GROUPS 1 BUFFER_POOL DEFAULT FLASH_CACHE DEFAULT CELL_FLASH_CACHE DEFAULT)
  TABLESPACE "APEX_4627610787144683" ;
--------------------------------------------------------
--  DDL for Index APEX$_WS_FILES_IDX1
--------------------------------------------------------

  CREATE INDEX "AAYUSH"."APEX$_WS_FILES_IDX1" ON "AAYUSH"."APEX$_WS_FILES" ("WS_APP_ID", "DATA_GRID_ID", "ROW_ID") 
  PCTFREE 10 INITRANS 2 MAXTRANS 255 COMPUTE STATISTICS 
  STORAGE(INITIAL 65536 NEXT 1048576 MINEXTENTS 1 MAXEXTENTS 2147483645
  PCTINCREASE 0 FREELISTS 1 FREELIST GROUPS 1 BUFFER_POOL DEFAULT FLASH_CACHE DEFAULT CELL_FLASH_CACHE DEFAULT)
  TABLESPACE "APEX_4627610787144683" ;
--------------------------------------------------------
--  DDL for Index APEX$_WS_WEBPG_SECTIONS_PK
--------------------------------------------------------

  CREATE UNIQUE INDEX "AAYUSH"."APEX$_WS_WEBPG_SECTIONS_PK" ON "AAYUSH"."APEX$_WS_WEBPG_SECTIONS" ("ID") 
  PCTFREE 10 INITRANS 2 MAXTRANS 255 COMPUTE STATISTICS 
  STORAGE(INITIAL 65536 NEXT 1048576 MINEXTENTS 1 MAXEXTENTS 2147483645
  PCTINCREASE 0 FREELISTS 1 FREELIST GROUPS 1 BUFFER_POOL DEFAULT FLASH_CACHE DEFAULT CELL_FLASH_CACHE DEFAULT)
  TABLESPACE "APEX_4627610787144683" ;
--------------------------------------------------------
--  DDL for Index DEMO_ORDER_PK
--------------------------------------------------------

  CREATE UNIQUE INDEX "AAYUSH"."DEMO_ORDER_PK" ON "AAYUSH"."DEMO_ORDERS" ("ORDER_ID") 
  PCTFREE 10 INITRANS 2 MAXTRANS 255 COMPUTE STATISTICS 
  STORAGE(INITIAL 65536 NEXT 1048576 MINEXTENTS 1 MAXEXTENTS 2147483645
  PCTINCREASE 0 FREELISTS 1 FREELIST GROUPS 1 BUFFER_POOL DEFAULT FLASH_CACHE DEFAULT CELL_FLASH_CACHE DEFAULT)
  TABLESPACE "APEX_4627610787144683" ;
--------------------------------------------------------
--  DDL for Index PK_COLLECTION_SLOT
--------------------------------------------------------

  CREATE UNIQUE INDEX "AAYUSH"."PK_COLLECTION_SLOT" ON "AAYUSH"."COLLECTION_SLOT" ("SLOT_ID") 
  PCTFREE 10 INITRANS 2 MAXTRANS 255 COMPUTE STATISTICS 
  STORAGE(INITIAL 65536 NEXT 1048576 MINEXTENTS 1 MAXEXTENTS 2147483645
  PCTINCREASE 0 FREELISTS 1 FREELIST GROUPS 1 BUFFER_POOL DEFAULT FLASH_CACHE DEFAULT CELL_FLASH_CACHE DEFAULT)
  TABLESPACE "APEX_4627610787144683" ;
--------------------------------------------------------
--  DDL for Index APEX$_WS_HISTORY_IDX
--------------------------------------------------------

  CREATE INDEX "AAYUSH"."APEX$_WS_HISTORY_IDX" ON "AAYUSH"."APEX$_WS_HISTORY" ("WS_APP_ID", "DATA_GRID_ID", "ROW_ID") 
  PCTFREE 10 INITRANS 2 MAXTRANS 255 COMPUTE STATISTICS 
  STORAGE(INITIAL 65536 NEXT 1048576 MINEXTENTS 1 MAXEXTENTS 2147483645
  PCTINCREASE 0 FREELISTS 1 FREELIST GROUPS 1 BUFFER_POOL DEFAULT FLASH_CACHE DEFAULT CELL_FLASH_CACHE DEFAULT)
  TABLESPACE "APEX_4627610787144683" ;
--------------------------------------------------------
--  DDL for Index DEMO_ORD_CUSTOMER_IX
--------------------------------------------------------

  CREATE INDEX "AAYUSH"."DEMO_ORD_CUSTOMER_IX" ON "AAYUSH"."DEMO_ORDERS" ("CUSTOMER_ID") 
  PCTFREE 10 INITRANS 2 MAXTRANS 255 COMPUTE STATISTICS 
  STORAGE(INITIAL 65536 NEXT 1048576 MINEXTENTS 1 MAXEXTENTS 2147483645
  PCTINCREASE 0 FREELISTS 1 FREELIST GROUPS 1 BUFFER_POOL DEFAULT FLASH_CACHE DEFAULT CELL_FLASH_CACHE DEFAULT)
  TABLESPACE "APEX_4627610787144683" ;
--------------------------------------------------------
--  DDL for Index DEMO_PRODUCT_INFO_UK
--------------------------------------------------------

  CREATE UNIQUE INDEX "AAYUSH"."DEMO_PRODUCT_INFO_UK" ON "AAYUSH"."DEMO_PRODUCT_INFO" ("PRODUCT_NAME") 
  PCTFREE 10 INITRANS 2 MAXTRANS 255 COMPUTE STATISTICS 
  STORAGE(INITIAL 65536 NEXT 1048576 MINEXTENTS 1 MAXEXTENTS 2147483645
  PCTINCREASE 0 FREELISTS 1 FREELIST GROUPS 1 BUFFER_POOL DEFAULT FLASH_CACHE DEFAULT CELL_FLASH_CACHE DEFAULT)
  TABLESPACE "APEX_4627610787144683" ;
--------------------------------------------------------
--  DDL for Index APEX$_WS_ROWS_UK1
--------------------------------------------------------

  CREATE UNIQUE INDEX "AAYUSH"."APEX$_WS_ROWS_UK1" ON "AAYUSH"."APEX$_WS_ROWS" ("WS_APP_ID", "DATA_GRID_ID", "UNIQUE_VALUE") 
  PCTFREE 10 INITRANS 2 MAXTRANS 255 COMPUTE STATISTICS 
  STORAGE(INITIAL 65536 NEXT 1048576 MINEXTENTS 1 MAXEXTENTS 2147483645
  PCTINCREASE 0 FREELISTS 1 FREELIST GROUPS 1 BUFFER_POOL DEFAULT FLASH_CACHE DEFAULT CELL_FLASH_CACHE DEFAULT)
  TABLESPACE "APEX_4627610787144683" ;
--------------------------------------------------------
--  DDL for Index APEX$_WS_ROWS_PK
--------------------------------------------------------

  CREATE UNIQUE INDEX "AAYUSH"."APEX$_WS_ROWS_PK" ON "AAYUSH"."APEX$_WS_ROWS" ("ID") 
  PCTFREE 10 INITRANS 2 MAXTRANS 255 COMPUTE STATISTICS 
  STORAGE(INITIAL 65536 NEXT 1048576 MINEXTENTS 1 MAXEXTENTS 2147483645
  PCTINCREASE 0 FREELISTS 1 FREELIST GROUPS 1 BUFFER_POOL DEFAULT FLASH_CACHE DEFAULT CELL_FLASH_CACHE DEFAULT)
  TABLESPACE "APEX_4627610787144683" ;
--------------------------------------------------------
--  DDL for Index APEX$_WS_TAGS_IDX2
--------------------------------------------------------

  CREATE INDEX "AAYUSH"."APEX$_WS_TAGS_IDX2" ON "AAYUSH"."APEX$_WS_TAGS" ("WS_APP_ID", "WEBPAGE_ID") 
  PCTFREE 10 INITRANS 2 MAXTRANS 255 COMPUTE STATISTICS 
  STORAGE(INITIAL 65536 NEXT 1048576 MINEXTENTS 1 MAXEXTENTS 2147483645
  PCTINCREASE 0 FREELISTS 1 FREELIST GROUPS 1 BUFFER_POOL DEFAULT FLASH_CACHE DEFAULT CELL_FLASH_CACHE DEFAULT)
  TABLESPACE "APEX_4627610787144683" ;
--------------------------------------------------------
--  DDL for Index PK_PRODUCT_CATEGORY
--------------------------------------------------------

  CREATE UNIQUE INDEX "AAYUSH"."PK_PRODUCT_CATEGORY" ON "AAYUSH"."PRODUCT_CATEGORY" ("CATEGORY_ID") 
  PCTFREE 10 INITRANS 2 MAXTRANS 255 COMPUTE STATISTICS 
  STORAGE(INITIAL 65536 NEXT 1048576 MINEXTENTS 1 MAXEXTENTS 2147483645
  PCTINCREASE 0 FREELISTS 1 FREELIST GROUPS 1 BUFFER_POOL DEFAULT FLASH_CACHE DEFAULT CELL_FLASH_CACHE DEFAULT)
  TABLESPACE "APEX_4627610787144683" ;
--------------------------------------------------------
--  DDL for Index APEX$_WS_FILES_IDX2
--------------------------------------------------------

  CREATE INDEX "AAYUSH"."APEX$_WS_FILES_IDX2" ON "AAYUSH"."APEX$_WS_FILES" ("WS_APP_ID", "WEBPAGE_ID") 
  PCTFREE 10 INITRANS 2 MAXTRANS 255 COMPUTE STATISTICS 
  STORAGE(INITIAL 65536 NEXT 1048576 MINEXTENTS 1 MAXEXTENTS 2147483645
  PCTINCREASE 0 FREELISTS 1 FREELIST GROUPS 1 BUFFER_POOL DEFAULT FLASH_CACHE DEFAULT CELL_FLASH_CACHE DEFAULT)
  TABLESPACE "APEX_4627610787144683" ;
--------------------------------------------------------
--  DDL for Index APEX$_WS_TAGS_PK
--------------------------------------------------------

  CREATE UNIQUE INDEX "AAYUSH"."APEX$_WS_TAGS_PK" ON "AAYUSH"."APEX$_WS_TAGS" ("ID") 
  PCTFREE 10 INITRANS 2 MAXTRANS 255 COMPUTE STATISTICS 
  STORAGE(INITIAL 65536 NEXT 1048576 MINEXTENTS 1 MAXEXTENTS 2147483645
  PCTINCREASE 0 FREELISTS 1 FREELIST GROUPS 1 BUFFER_POOL DEFAULT FLASH_CACHE DEFAULT CELL_FLASH_CACHE DEFAULT)
  TABLESPACE "APEX_4627610787144683" ;
--------------------------------------------------------
--  DDL for Index APEX$_WS_ROWS_IDX
--------------------------------------------------------

  CREATE INDEX "AAYUSH"."APEX$_WS_ROWS_IDX" ON "AAYUSH"."APEX$_WS_ROWS" ("WS_APP_ID", "DATA_GRID_ID") 
  PCTFREE 10 INITRANS 2 MAXTRANS 255 COMPUTE STATISTICS 
  STORAGE(INITIAL 65536 NEXT 1048576 MINEXTENTS 1 MAXEXTENTS 2147483645
  PCTINCREASE 0 FREELISTS 1 FREELIST GROUPS 1 BUFFER_POOL DEFAULT FLASH_CACHE DEFAULT CELL_FLASH_CACHE DEFAULT)
  TABLESPACE "APEX_4627610787144683" ;
--------------------------------------------------------
--  DDL for Index PK_DISCOUNT
--------------------------------------------------------

  CREATE UNIQUE INDEX "AAYUSH"."PK_DISCOUNT" ON "AAYUSH"."DISCOUNT" ("DISCOUNT_ID") 
  PCTFREE 10 INITRANS 2 MAXTRANS 255 COMPUTE STATISTICS 
  STORAGE(INITIAL 65536 NEXT 1048576 MINEXTENTS 1 MAXEXTENTS 2147483645
  PCTINCREASE 0 FREELISTS 1 FREELIST GROUPS 1 BUFFER_POOL DEFAULT FLASH_CACHE DEFAULT CELL_FLASH_CACHE DEFAULT)
  TABLESPACE "APEX_4627610787144683" ;
--------------------------------------------------------
--  DDL for Index DEMO_TAGS_SUM_PK
--------------------------------------------------------

  CREATE UNIQUE INDEX "AAYUSH"."DEMO_TAGS_SUM_PK" ON "AAYUSH"."DEMO_TAGS_SUM" ("TAG") 
  PCTFREE 10 INITRANS 2 MAXTRANS 255 COMPUTE STATISTICS 
  STORAGE(INITIAL 65536 NEXT 1048576 MINEXTENTS 1 MAXEXTENTS 2147483645
  PCTINCREASE 0 FREELISTS 1 FREELIST GROUPS 1 BUFFER_POOL DEFAULT FLASH_CACHE DEFAULT CELL_FLASH_CACHE DEFAULT)
  TABLESPACE "APEX_4627610787144683" ;
--------------------------------------------------------
--  DDL for Index PK_CART
--------------------------------------------------------

  CREATE UNIQUE INDEX "AAYUSH"."PK_CART" ON "AAYUSH"."CART" ("CART_ID") 
  PCTFREE 10 INITRANS 2 MAXTRANS 255 COMPUTE STATISTICS 
  STORAGE(INITIAL 65536 NEXT 1048576 MINEXTENTS 1 MAXEXTENTS 2147483645
  PCTINCREASE 0 FREELISTS 1 FREELIST GROUPS 1 BUFFER_POOL DEFAULT FLASH_CACHE DEFAULT CELL_FLASH_CACHE DEFAULT)
  TABLESPACE "APEX_4627610787144683" ;
--------------------------------------------------------
--  DDL for Index PK_WISHLIST
--------------------------------------------------------

  CREATE UNIQUE INDEX "AAYUSH"."PK_WISHLIST" ON "AAYUSH"."WISHLIST" ("WISHLIST_ID") 
  PCTFREE 10 INITRANS 2 MAXTRANS 255 COMPUTE STATISTICS 
  STORAGE(INITIAL 65536 NEXT 1048576 MINEXTENTS 1 MAXEXTENTS 2147483645
  PCTINCREASE 0 FREELISTS 1 FREELIST GROUPS 1 BUFFER_POOL DEFAULT FLASH_CACHE DEFAULT CELL_FLASH_CACHE DEFAULT)
  TABLESPACE "APEX_4627610787144683" ;
--------------------------------------------------------
--  DDL for Index PK_PAYMENT
--------------------------------------------------------

  CREATE UNIQUE INDEX "AAYUSH"."PK_PAYMENT" ON "AAYUSH"."PAYMENT" ("PAYMENT_ID") 
  PCTFREE 10 INITRANS 2 MAXTRANS 255 COMPUTE STATISTICS 
  STORAGE(INITIAL 65536 NEXT 1048576 MINEXTENTS 1 MAXEXTENTS 2147483645
  PCTINCREASE 0 FREELISTS 1 FREELIST GROUPS 1 BUFFER_POOL DEFAULT FLASH_CACHE DEFAULT CELL_FLASH_CACHE DEFAULT)
  TABLESPACE "APEX_4627610787144683" ;
--------------------------------------------------------
--  DDL for Index APEX$_WS_LINKS_IDX1
--------------------------------------------------------

  CREATE INDEX "AAYUSH"."APEX$_WS_LINKS_IDX1" ON "AAYUSH"."APEX$_WS_LINKS" ("WS_APP_ID", "DATA_GRID_ID", "ROW_ID") 
  PCTFREE 10 INITRANS 2 MAXTRANS 255 COMPUTE STATISTICS 
  STORAGE(INITIAL 65536 NEXT 1048576 MINEXTENTS 1 MAXEXTENTS 2147483645
  PCTINCREASE 0 FREELISTS 1 FREELIST GROUPS 1 BUFFER_POOL DEFAULT FLASH_CACHE DEFAULT CELL_FLASH_CACHE DEFAULT)
  TABLESPACE "APEX_4627610787144683" ;
--------------------------------------------------------
--  DDL for Index APEX$_WS_WEBPG_SECHIST_IDX1
--------------------------------------------------------

  CREATE INDEX "AAYUSH"."APEX$_WS_WEBPG_SECHIST_IDX1" ON "AAYUSH"."APEX$_WS_WEBPG_SECTION_HISTORY" ("WS_APP_ID", "WEBPAGE_ID", "SECTION_ID") 
  PCTFREE 10 INITRANS 2 MAXTRANS 255 COMPUTE STATISTICS 
  STORAGE(INITIAL 65536 NEXT 1048576 MINEXTENTS 1 MAXEXTENTS 2147483645
  PCTINCREASE 0 FREELISTS 1 FREELIST GROUPS 1 BUFFER_POOL DEFAULT FLASH_CACHE DEFAULT CELL_FLASH_CACHE DEFAULT)
  TABLESPACE "APEX_4627610787144683" ;
--------------------------------------------------------
--  DDL for Index DEMO_TAGS_TYPE_SUM_PK
--------------------------------------------------------

  CREATE UNIQUE INDEX "AAYUSH"."DEMO_TAGS_TYPE_SUM_PK" ON "AAYUSH"."DEMO_TAGS_TYPE_SUM" ("TAG", "CONTENT_TYPE") 
  PCTFREE 10 INITRANS 2 MAXTRANS 255 COMPUTE STATISTICS 
  STORAGE(INITIAL 65536 NEXT 1048576 MINEXTENTS 1 MAXEXTENTS 2147483645
  PCTINCREASE 0 FREELISTS 1 FREELIST GROUPS 1 BUFFER_POOL DEFAULT FLASH_CACHE DEFAULT CELL_FLASH_CACHE DEFAULT)
  TABLESPACE "APEX_4627610787144683" ;
--------------------------------------------------------
--  DDL for Index PK_ORDERS
--------------------------------------------------------

  CREATE UNIQUE INDEX "AAYUSH"."PK_ORDERS" ON "AAYUSH"."ORDERS" ("ORDER_ID") 
  PCTFREE 10 INITRANS 2 MAXTRANS 255 COMPUTE STATISTICS 
  STORAGE(INITIAL 65536 NEXT 1048576 MINEXTENTS 1 MAXEXTENTS 2147483645
  PCTINCREASE 0 FREELISTS 1 FREELIST GROUPS 1 BUFFER_POOL DEFAULT FLASH_CACHE DEFAULT CELL_FLASH_CACHE DEFAULT)
  TABLESPACE "APEX_4627610787144683" ;
--------------------------------------------------------
--  DDL for Index DEMO_ORDER_ITEMS_UK
--------------------------------------------------------

  CREATE UNIQUE INDEX "AAYUSH"."DEMO_ORDER_ITEMS_UK" ON "AAYUSH"."DEMO_ORDER_ITEMS" ("ORDER_ID", "PRODUCT_ID") 
  PCTFREE 10 INITRANS 2 MAXTRANS 255 COMPUTE STATISTICS 
  STORAGE(INITIAL 65536 NEXT 1048576 MINEXTENTS 1 MAXEXTENTS 2147483645
  PCTINCREASE 0 FREELISTS 1 FREELIST GROUPS 1 BUFFER_POOL DEFAULT FLASH_CACHE DEFAULT CELL_FLASH_CACHE DEFAULT)
  TABLESPACE "APEX_4627610787144683" ;
--------------------------------------------------------
--  DDL for Index PK_SHOP
--------------------------------------------------------

  CREATE UNIQUE INDEX "AAYUSH"."PK_SHOP" ON "AAYUSH"."SHOP" ("SHOP_ID") 
  PCTFREE 10 INITRANS 2 MAXTRANS 255 COMPUTE STATISTICS 
  STORAGE(INITIAL 65536 NEXT 1048576 MINEXTENTS 1 MAXEXTENTS 2147483645
  PCTINCREASE 0 FREELISTS 1 FREELIST GROUPS 1 BUFFER_POOL DEFAULT FLASH_CACHE DEFAULT CELL_FLASH_CACHE DEFAULT)
  TABLESPACE "APEX_4627610787144683" ;
--------------------------------------------------------
--  DDL for Index PK_REVIEW
--------------------------------------------------------

  CREATE UNIQUE INDEX "AAYUSH"."PK_REVIEW" ON "AAYUSH"."REVIEW" ("REVIEW_ID") 
  PCTFREE 10 INITRANS 2 MAXTRANS 255 COMPUTE STATISTICS 
  STORAGE(INITIAL 65536 NEXT 1048576 MINEXTENTS 1 MAXEXTENTS 2147483645
  PCTINCREASE 0 FREELISTS 1 FREELIST GROUPS 1 BUFFER_POOL DEFAULT FLASH_CACHE DEFAULT CELL_FLASH_CACHE DEFAULT)
  TABLESPACE "APEX_4627610787144683" ;
--------------------------------------------------------
--  DDL for Index APEX$_WS_TAGS_IDX1
--------------------------------------------------------

  CREATE INDEX "AAYUSH"."APEX$_WS_TAGS_IDX1" ON "AAYUSH"."APEX$_WS_TAGS" ("WS_APP_ID", "DATA_GRID_ID", "ROW_ID") 
  PCTFREE 10 INITRANS 2 MAXTRANS 255 COMPUTE STATISTICS 
  STORAGE(INITIAL 65536 NEXT 1048576 MINEXTENTS 1 MAXEXTENTS 2147483645
  PCTINCREASE 0 FREELISTS 1 FREELIST GROUPS 1 BUFFER_POOL DEFAULT FLASH_CACHE DEFAULT CELL_FLASH_CACHE DEFAULT)
  TABLESPACE "APEX_4627610787144683" ;
--------------------------------------------------------
--  DDL for Index FK_SHOP_UNIQUE
--------------------------------------------------------

  CREATE UNIQUE INDEX "AAYUSH"."FK_SHOP_UNIQUE" ON "AAYUSH"."USERS" ("FK1_SHOP_ID") 
  PCTFREE 10 INITRANS 2 MAXTRANS 255 COMPUTE STATISTICS 
  STORAGE(INITIAL 65536 NEXT 1048576 MINEXTENTS 1 MAXEXTENTS 2147483645
  PCTINCREASE 0 FREELISTS 1 FREELIST GROUPS 1 BUFFER_POOL DEFAULT FLASH_CACHE DEFAULT CELL_FLASH_CACHE DEFAULT)
  TABLESPACE "APEX_4627610787144683" ;
--------------------------------------------------------
--  DDL for Index PK_PRODUCT_WISHLIST
--------------------------------------------------------

  CREATE UNIQUE INDEX "AAYUSH"."PK_PRODUCT_WISHLIST" ON "AAYUSH"."PRODUCT_WISHLIST" ("PRODUCT_WISHLIST_ID") 
  PCTFREE 10 INITRANS 2 MAXTRANS 255 COMPUTE STATISTICS 
  STORAGE(INITIAL 65536 NEXT 1048576 MINEXTENTS 1 MAXEXTENTS 2147483645
  PCTINCREASE 0 FREELISTS 1 FREELIST GROUPS 1 BUFFER_POOL DEFAULT FLASH_CACHE DEFAULT CELL_FLASH_CACHE DEFAULT)
  TABLESPACE "APEX_4627610787144683" ;
--------------------------------------------------------
--  DDL for Index APEX$_WS_LINKS_PK
--------------------------------------------------------

  CREATE UNIQUE INDEX "AAYUSH"."APEX$_WS_LINKS_PK" ON "AAYUSH"."APEX$_WS_LINKS" ("ID") 
  PCTFREE 10 INITRANS 2 MAXTRANS 255 COMPUTE STATISTICS 
  STORAGE(INITIAL 65536 NEXT 1048576 MINEXTENTS 1 MAXEXTENTS 2147483645
  PCTINCREASE 0 FREELISTS 1 FREELIST GROUPS 1 BUFFER_POOL DEFAULT FLASH_CACHE DEFAULT CELL_FLASH_CACHE DEFAULT)
  TABLESPACE "APEX_4627610787144683" ;
--------------------------------------------------------
--  DDL for Trigger APEX$_ACL_T1
--------------------------------------------------------

  CREATE OR REPLACE TRIGGER "AAYUSH"."APEX$_ACL_T1" 
before insert or update on "APEX$_ACL"  
for each row  
begin  
    --  
    -- maintain pk and timestamps  
    --  
    :new.username := upper(  
:new.username);  
    if inserting and :new.id is null then  
        select to_number(sys_guid(),'XXXXXXXXXXXXXXXXXXXXXXXXXXXXXXXX') into :new.id from sys.dual;  
    end if;  
    if inserting then  
        :new.created_on := sysdate;  
        :new.created_by := nvl(v('APP_USER'),user);  
        :new.updated_on := sysdate;  
        :new.updated_by := nvl(v('APP_USER'),user);  
    elsif updating then  
        :new.updated_on := sysdate;  
        :new.updated_by := nvl(v('APP_USER'),user);  
    end if;  
end;  
 

/
ALTER TRIGGER "AAYUSH"."APEX$_ACL_T1" ENABLE;
--------------------------------------------------------
--  DDL for Trigger APEX$_WS_FILES_T1
--------------------------------------------------------

  CREATE OR REPLACE TRIGGER "AAYUSH"."APEX$_WS_FILES_T1" 
before insert or update on "APEX$_WS_FILES"  
for each row  
begin  
    --  
    -- maintain pk and timestamps  
    --  
    if inserting and :new.id is null then  
        select to_number(sys_guid(),'XXXXXXXXXXXXXXXXXXXXXXXXXXXXXXXX') into :new.id from sys.dual;  
    end if;  
    if inserting then  
        :new.created_on := sysdate;  
        :new.created_by := nvl(v('APP_USER'),user);  
        :new.updated_on := sysdate;  
        :new.updated_by := nvl(v('APP_USER'),user);  
        :new.content_last_update := sysdate;  
    elsif updating then  
        :new.updated_on := sysdate;  
        :new.updated_by := nvl(v('APP_USER'),user);  
        if nvl(length(:new.content),0) <> nvl(length(:old.content),0) then  
            :new.content_last_update := sysdate;  
        end if;  
    end if;  
end;  
 

/
ALTER TRIGGER "AAYUSH"."APEX$_WS_FILES_T1" ENABLE;
--------------------------------------------------------
--  DDL for Trigger APEX$_WS_LINKS_T1
--------------------------------------------------------

  CREATE OR REPLACE TRIGGER "AAYUSH"."APEX$_WS_LINKS_T1" 
before insert or update on "APEX$_WS_LINKS"  
for each row  
begin  
    --  
    -- maintain pk and timestamps  
    --  
    if inserting and :new.id is null then  
        select to_number(sys_guid(),'XXXXXXXXXXXXXXXXXXXXXXXXXXXXXXXX') into :new.id from sys.dual;  
    end if;  
    if inserting then  
        :new.created_on := sysdate;  
        :new.created_by := nvl(v('APP_USER'),user);  
        :new.updated_on := sysdate;  
        :new.updated_by := nvl(v('APP_USER'),user);  
    elsif updating then  
        :new.updated_on := sysdate;  
        :new.updated_by := nvl(v('APP_USER'),user);  
    end if;  
end;  
 

/
ALTER TRIGGER "AAYUSH"."APEX$_WS_LINKS_T1" ENABLE;
--------------------------------------------------------
--  DDL for Trigger APEX$_WS_NOTES_T1
--------------------------------------------------------

  CREATE OR REPLACE TRIGGER "AAYUSH"."APEX$_WS_NOTES_T1" 
before insert or update on "APEX$_WS_NOTES"  
for each row  
begin  
    --  
    -- maintain pk and timestamps  
    --  
    if inserting and :new.id is null then  
        select to_number(sys_guid(),'XXXXXXXXXXXXXXXXXXXXXXXXXXXXXXXX') into :new.id from sys.dual;  
    end if;  
    if inserting then  
        :new.created_on := sysdate;  
        :new.created_by := nvl(v('APP_USER'),user);  
        :new.updated_on := sysdate;  
        :new.updated_by := nvl(v('APP_USER'),user);  
    elsif updating then  
        :new.updated_on := sysdate;  
        :new.updated_by := nvl(v('APP_USER'),user);  
    end if;  
end;  
 

/
ALTER TRIGGER "AAYUSH"."APEX$_WS_NOTES_T1" ENABLE;
--------------------------------------------------------
--  DDL for Trigger APEX$_WS_ROWS_T1
--------------------------------------------------------

  CREATE OR REPLACE TRIGGER "AAYUSH"."APEX$_WS_ROWS_T1" 
before insert or update on "APEX$_WS_ROWS"  
for each row  
declare  
    l_tag_list apex_application_global.vc_arr2;  
    type col_arr is table of varchar2(32767) index by varchar2(255);  
    la_col_label col_arr;  
    procedure datagrid_logging(   
        p_row_id       in number,  
        p_ws_app_id    in number,  
        p_data_grid_id in number,  
        p_col_name     in varchar2,  
        p_type         in varchar2,  
        p_old_c        in varchar2 default null,  
        p_new_c        in varchar2 default null,  
        p_old_d        in date default null,  
        p_new_d        in date default null,  
        p_old_n        in number default null,  
        p_new_n        in number default null)  
    is  
    begin  
        case p_type  
        when 'C' then  
          if (p_old_c is null and p_new_c is not null) or (p_old_c is not null and p_new_c is null) or (p_old_c != p_new_c) then  
              insert into apex$_ws_history (row_id, ws_app_id, data_grid_id, column_name, old_value, new_value, change_date, application_user_id)  
              values (p_row_id, p_ws_app_id, p_data_grid_id, p_col_name, p_old_c, p_new_c, sysdate, nvl(v('APP_USER'),user));  
          end if;  
        when 'D' then  
          if (p_old_d is null and p_new_d is not null) or (p_old_d is not null and p_new_d is null) or (p_old_d != p_new_d) then  
              insert into apex$_ws_history (row_id, ws_app_id, data_grid_id, column_name, old_value,  new_value, change_date, application_user_id)  
              values (p_row_id, p_ws_app_id, p_data_grid_id, p_col_name, p_old_d, p_new_d, sysdate, nvl(v('APP_USER'),user));  
        	  end if;  
        when 'N' then  
          if (p_old_n is null and p_new_n is not null) or (p_old_n is not null and p_new_n is null) or (p_old_n != p_new_n) then  
              insert into apex$_ws_history (row_id, ws_app_id, data_grid_id, column_name, old_value,  new_value, change_date, application_user_id)  
              values (p_row_id, p_ws_app_id, p_data_grid_id, p_col_name, p_old_n, p_new_n, sysdate, nvl(v('APP_USER'),user));  
          end if;  
        end case;  
    end datagrid_logging;  
    procedure wa( p_c in out nocopy clob, p_buf in varchar2 )  
    is  
    l_lf varchar2(2) := unistr('\000a');  
    begin  
    if p_buf is not null then sys.dbms_lob.writeappend( p_c, length(p_buf||l_lf), upper(p_buf)||l_lf); end if;  
    end wa;  
begin  
    --  
    -- maintain pk and timestamps  
    --  
    if inserting then  
        if :new.id is null then  
            select to_number(sys_guid(),'XXXXXXXXXXXXXXXXXXXXXXXXXXXXXXXX') into :new.id from sys.dual;  
        end if;  
          
        -- manintain readable row key  
        if :new.unique_value is null then  
            :new.unique_value := apex_util.compress_int(apex$_ws_seq.nextval);  
        end if;  
          
        :new.created_on := sysdate;  
        :new.created_by := nvl(v('APP_USER'),user);  
        :new.updated_on := sysdate;  
        :new.updated_by := nvl(v('APP_USER'),user);  
        select to_number(sys_guid(),'XXXXXXXXXXXXXXXXXXXXXXXXXXXXXXXX') into :new.load_order from sys.dual;  
        :new.change_count := 0;  
    elsif updating then  
        :new.updated_on := sysdate;  
        :new.updated_by := nvl(v('APP_USER'),user);  
        :new.change_count := :old.change_count + 1;  
    end if;  
    --  
    -- inserting remove chr 13  
    --  
    if instr(:new.c001,chr(13)) > 0 then :new.c001 := replace(:new.c001,chr(13),null); end if;  
    if instr(:new.c002,chr(13)) > 0 then :new.c002 := replace(:new.c002,chr(13),null); end if;  
    if instr(:new.c003,chr(13)) > 0 then :new.c003 := replace(:new.c003,chr(13),null); end if;  
    if instr(:new.c004,chr(13)) > 0 then :new.c004 := replace(:new.c004,chr(13),null); end if;  
    if instr(:new.c005,chr(13)) > 0 then :new.c005 := replace(:new.c005,chr(13),null); end if;  
    if instr(:new.c006,chr(13)) > 0 then :new.c006 := replace(:new.c006,chr(13),null); end if;  
    if instr(:new.c007,chr(13)) > 0 then :new.c007 := replace(:new.c007,chr(13),null); end if;  
    if instr(:new.c008,chr(13)) > 0 then :new.c008 := replace(:new.c008,chr(13),null); end if;  
    if instr(:new.c009,chr(13)) > 0 then :new.c009 := replace(:new.c009,chr(13),null); end if;  
    if instr(:new.c010,chr(13)) > 0 then :new.c010 := replace(:new.c010,chr(13),null); end if;  
    if instr(:new.c011,chr(13)) > 0 then :new.c011 := replace(:new.c011,chr(13),null); end if;  
    if instr(:new.c012,chr(13)) > 0 then :new.c012 := replace(:new.c012,chr(13),null); end if;  
    if instr(:new.c013,chr(13)) > 0 then :new.c013 := replace(:new.c013,chr(13),null); end if;  
    if instr(:new.c014,chr(13)) > 0 then :new.c014 := replace(:new.c014,chr(13),null); end if;  
    if instr(:new.c015,chr(13)) > 0 then :new.c015 := replace(:new.c015,chr(13),null); end if;  
    if instr(:new.c016,chr(13)) > 0 then :new.c016 := replace(:new.c016,chr(13),null); end if;  
    if instr(:new.c017,chr(13)) > 0 then :new.c017 := replace(:new.c017,chr(13),null); end if;  
    if instr(:new.c018,chr(13)) > 0 then :new.c018 := replace(:new.c018,chr(13),null); end if;  
    if instr(:new.c019,chr(13)) > 0 then :new.c019 := replace(:new.c019,chr(13),null); end if;  
    if instr(:new.c020,chr(13)) > 0 then :new.c020 := replace(:new.c010,chr(23),null); end if;  
    if instr(:new.c021,chr(13)) > 0 then :new.c021 := replace(:new.c001,chr(23),null); end if;  
    if instr(:new.c022,chr(13)) > 0 then :new.c022 := replace(:new.c002,chr(23),null); end if;  
    if instr(:new.c023,chr(13)) > 0 then :new.c023 := replace(:new.c003,chr(23),null); end if;  
    if instr(:new.c024,chr(13)) > 0 then :new.c024 := replace(:new.c004,chr(23),null); end if;  
    if instr(:new.c025,chr(13)) > 0 then :new.c025 := replace(:new.c005,chr(23),null); end if;  
    if instr(:new.c026,chr(13)) > 0 then :new.c026 := replace(:new.c006,chr(23),null); end if;  
    if instr(:new.c027,chr(13)) > 0 then :new.c027 := replace(:new.c007,chr(23),null); end if;  
    if instr(:new.c028,chr(13)) > 0 then :new.c028 := replace(:new.c008,chr(23),null); end if;  
    if instr(:new.c029,chr(13)) > 0 then :new.c029 := replace(:new.c009,chr(23),null); end if;  
    if instr(:new.c030,chr(13)) > 0 then :new.c030 := replace(:new.c030,chr(13),null); end if;  
    if instr(:new.c031,chr(13)) > 0 then :new.c031 := replace(:new.c031,chr(13),null); end if;  
    if instr(:new.c032,chr(13)) > 0 then :new.c032 := replace(:new.c032,chr(13),null); end if;  
    if instr(:new.c033,chr(13)) > 0 then :new.c033 := replace(:new.c033,chr(13),null); end if;  
    if instr(:new.c034,chr(13)) > 0 then :new.c034 := replace(:new.c034,chr(13),null); end if;  
    if instr(:new.c035,chr(13)) > 0 then :new.c035 := replace(:new.c035,chr(13),null); end if;  
    if instr(:new.c036,chr(13)) > 0 then :new.c036 := replace(:new.c036,chr(13),null); end if;  
    if instr(:new.c037,chr(13)) > 0 then :new.c037 := replace(:new.c037,chr(13),null); end if;  
    if instr(:new.c038,chr(13)) > 0 then :new.c038 := replace(:new.c038,chr(13),null); end if;  
    if instr(:new.c039,chr(13)) > 0 then :new.c039 := replace(:new.c039,chr(13),null); end if;  
    if instr(:new.c040,chr(13)) > 0 then :new.c040 := replace(:new.c040,chr(13),null); end if;  
    if instr(:new.c041,chr(13)) > 0 then :new.c041 := replace(:new.c041,chr(13),null); end if;  
    if instr(:new.c042,chr(13)) > 0 then :new.c042 := replace(:new.c042,chr(13),null); end if;  
    if instr(:new.c043,chr(13)) > 0 then :new.c043 := replace(:new.c043,chr(13),null); end if;  
    if instr(:new.c044,chr(13)) > 0 then :new.c044 := replace(:new.c044,chr(13),null); end if;  
    if instr(:new.c045,chr(13)) > 0 then :new.c045 := replace(:new.c045,chr(13),null); end if;  
    if instr(:new.c046,chr(13)) > 0 then :new.c046 := replace(:new.c046,chr(13),null); end if;  
    if instr(:new.c047,chr(13)) > 0 then :new.c047 := replace(:new.c047,chr(13),null); end if;  
    if instr(:new.c048,chr(13)) > 0 then :new.c048 := replace(:new.c048,chr(13),null); end if;  
    if instr(:new.c049,chr(13)) > 0 then :new.c049 := replace(:new.c049,chr(13),null); end if;  
    if instr(:new.c050,chr(13)) > 0 then :new.c050 := replace(:new.c050,chr(13),null); end if;  
    if :new.search_clob is null then  
        sys.dbms_lob.createtemporary( :new.search_clob, false, sys.dbms_lob.session );  
    else  
        sys.dbms_lob.trim( :new.search_clob, 0 );  
    end if;  
    wa(:new.search_clob,:new.c001);wa(:new.search_clob,:new.c002);wa(:new.search_clob,:new.c003);  
    wa(:new.search_clob,:new.c004);wa(:new.search_clob,:new.c005);wa(:new.search_clob,:new.c006);  
    wa(:new.search_clob,:new.c007);wa(:new.search_clob,:new.c008);wa(:new.search_clob,:new.c009);  
    wa(:new.search_clob,:new.c010);wa(:new.search_clob,:new.c011);wa(:new.search_clob,:new.c012);  
    wa(:new.search_clob,:new.c013);wa(:new.search_clob,:new.c014);wa(:new.search_clob,:new.c015);  
    wa(:new.search_clob,:new.c016);wa(:new.search_clob,:new.c017);wa(:new.search_clob,:new.c018);  
    wa(:new.search_clob,:new.c019);wa(:new.search_clob,:new.c020);wa(:new.search_clob,:new.c021);  
    wa(:new.search_clob,:new.c022);wa(:new.search_clob,:new.c023);wa(:new.search_clob,:new.c024);  
    wa(:new.search_clob,:new.c025);wa(:new.search_clob,:new.c026);wa(:new.search_clob,:new.c027);  
    wa(:new.search_clob,:new.c028);wa(:new.search_clob,:new.c029);wa(:new.search_clob,:new.c030);  
    wa(:new.search_clob,:new.c031);wa(:new.search_clob,:new.c032);wa(:new.search_clob,:new.c033);  
    wa(:new.search_clob,:new.c034);wa(:new.search_clob,:new.c035);wa(:new.search_clob,:new.c036);  
    wa(:new.search_clob,:new.c037);wa(:new.search_clob,:new.c038);wa(:new.search_clob,:new.c039);  
    wa(:new.search_clob,:new.c040);wa(:new.search_clob,:new.c041);wa(:new.search_clob,:new.c042);  
    wa(:new.search_clob,:new.c043);wa(:new.search_clob,:new.c044);wa(:new.search_clob,:new.c045);  
    wa(:new.search_clob,:new.c046);wa(:new.search_clob,:new.c047);wa(:new.search_clob,:new.c048);  
    wa(:new.search_clob,:new.c049);wa(:new.search_clob,:new.c050);  
    --  
    -- history  
    --  
    if updating then  
       -- initialize column label array  
       for i in 1..50  
       loop  
           la_col_label('C'||to_char(i,'FM009')) := null;  
           la_col_label('N'||to_char(i,'FM009')) := null;  
           la_col_label('D'||to_char(i,'FM009')) := null;  
       end loop;  
       -- get column label array  
       for c1 in (select column_alias, report_label   
                  from apex_ws_data_grid_col  
                  where data_grid_id = :new.data_grid_id)  
       loop  
           la_col_label(c1.column_alias) := c1.report_label;  
       end loop;  
       -- strings  
       datagrid_logging(:new.id,:new.ws_app_id,:new.data_grid_id,la_col_label('C001'),'C',:old.c001,:new.c001);  
       datagrid_logging(:new.id,:new.ws_app_id,:new.data_grid_id,la_col_label('C002'),'C',:old.c002,:new.c002);  
       datagrid_logging(:new.id,:new.ws_app_id,:new.data_grid_id,la_col_label('C003'),'C',:old.c003,:new.c003);  
       datagrid_logging(:new.id,:new.ws_app_id,:new.data_grid_id,la_col_label('C004'),'C',:old.c004,:new.c004);  
       datagrid_logging(:new.id,:new.ws_app_id,:new.data_grid_id,la_col_label('C005'),'C',:old.c005,:new.c005);  
       datagrid_logging(:new.id,:new.ws_app_id,:new.data_grid_id,la_col_label('C006'),'C',:old.c006,:new.c006);  
       datagrid_logging(:new.id,:new.ws_app_id,:new.data_grid_id,la_col_label('C007'),'C',:old.c007,:new.c007);  
       datagrid_logging(:new.id,:new.ws_app_id,:new.data_grid_id,la_col_label('C008'),'C',:old.c008,:new.c008);  
       datagrid_logging(:new.id,:new.ws_app_id,:new.data_grid_id,la_col_label('C009'),'C',:old.c009,:new.c009);  
       datagrid_logging(:new.id,:new.ws_app_id,:new.data_grid_id,la_col_label('C010'),'C',:old.c010,:new.c010);  
       datagrid_logging(:new.id,:new.ws_app_id,:new.data_grid_id,la_col_label('C011'),'C',:old.c011,:new.c011);  
       datagrid_logging(:new.id,:new.ws_app_id,:new.data_grid_id,la_col_label('C012'),'C',:old.c012,:new.c012);  
       datagrid_logging(:new.id,:new.ws_app_id,:new.data_grid_id,la_col_label('C013'),'C',:old.c013,:new.c013);  
       datagrid_logging(:new.id,:new.ws_app_id,:new.data_grid_id,la_col_label('C014'),'C',:old.c014,:new.c014);  
       datagrid_logging(:new.id,:new.ws_app_id,:new.data_grid_id,la_col_label('C015'),'C',:old.c015,:new.c015);  
       datagrid_logging(:new.id,:new.ws_app_id,:new.data_grid_id,la_col_label('C016'),'C',:old.c016,:new.c016);  
       datagrid_logging(:new.id,:new.ws_app_id,:new.data_grid_id,la_col_label('C017'),'C',:old.c017,:new.c017);  
       datagrid_logging(:new.id,:new.ws_app_id,:new.data_grid_id,la_col_label('C018'),'C',:old.c018,:new.c018);  
       datagrid_logging(:new.id,:new.ws_app_id,:new.data_grid_id,la_col_label('C019'),'C',:old.c019,:new.c019);  
       datagrid_logging(:new.id,:new.ws_app_id,:new.data_grid_id,la_col_label('C020'),'C',:old.c020,:new.c020);  
       datagrid_logging(:new.id,:new.ws_app_id,:new.data_grid_id,la_col_label('C021'),'C',:old.c021,:new.c021);  
       datagrid_logging(:new.id,:new.ws_app_id,:new.data_grid_id,la_col_label('C022'),'C',:old.c022,:new.c022);  
       datagrid_logging(:new.id,:new.ws_app_id,:new.data_grid_id,la_col_label('C023'),'C',:old.c023,:new.c023);  
       datagrid_logging(:new.id,:new.ws_app_id,:new.data_grid_id,la_col_label('C024'),'C',:old.c024,:new.c024);  
       datagrid_logging(:new.id,:new.ws_app_id,:new.data_grid_id,la_col_label('C025'),'C',:old.c025,:new.c025);  
       datagrid_logging(:new.id,:new.ws_app_id,:new.data_grid_id,la_col_label('C026'),'C',:old.c026,:new.c026);  
       datagrid_logging(:new.id,:new.ws_app_id,:new.data_grid_id,la_col_label('C027'),'C',:old.c027,:new.c027);  
       datagrid_logging(:new.id,:new.ws_app_id,:new.data_grid_id,la_col_label('C028'),'C',:old.c028,:new.c028);  
       datagrid_logging(:new.id,:new.ws_app_id,:new.data_grid_id,la_col_label('C029'),'C',:old.c029,:new.c029);  
       datagrid_logging(:new.id,:new.ws_app_id,:new.data_grid_id,la_col_label('C030'),'C',:old.c030,:new.c030);  
       datagrid_logging(:new.id,:new.ws_app_id,:new.data_grid_id,la_col_label('C031'),'C',:old.c031,:new.c031);  
       datagrid_logging(:new.id,:new.ws_app_id,:new.data_grid_id,la_col_label('C032'),'C',:old.c032,:new.c032);  
       datagrid_logging(:new.id,:new.ws_app_id,:new.data_grid_id,la_col_label('C033'),'C',:old.c033,:new.c033);  
       datagrid_logging(:new.id,:new.ws_app_id,:new.data_grid_id,la_col_label('C034'),'C',:old.c034,:new.c034);  
       datagrid_logging(:new.id,:new.ws_app_id,:new.data_grid_id,la_col_label('C035'),'C',:old.c035,:new.c035);  
       datagrid_logging(:new.id,:new.ws_app_id,:new.data_grid_id,la_col_label('C036'),'C',:old.c036,:new.c036);  
       datagrid_logging(:new.id,:new.ws_app_id,:new.data_grid_id,la_col_label('C037'),'C',:old.c037,:new.c037);  
       datagrid_logging(:new.id,:new.ws_app_id,:new.data_grid_id,la_col_label('C038'),'C',:old.c038,:new.c038);  
       datagrid_logging(:new.id,:new.ws_app_id,:new.data_grid_id,la_col_label('C039'),'C',:old.c039,:new.c039);  
       datagrid_logging(:new.id,:new.ws_app_id,:new.data_grid_id,la_col_label('C040'),'C',:old.c040,:new.c040);  
       datagrid_logging(:new.id,:new.ws_app_id,:new.data_grid_id,la_col_label('C041'),'C',:old.c041,:new.c041);  
       datagrid_logging(:new.id,:new.ws_app_id,:new.data_grid_id,la_col_label('C042'),'C',:old.c042,:new.c042);  
       datagrid_logging(:new.id,:new.ws_app_id,:new.data_grid_id,la_col_label('C043'),'C',:old.c043,:new.c043);  
       datagrid_logging(:new.id,:new.ws_app_id,:new.data_grid_id,la_col_label('C044'),'C',:old.c044,:new.c044);  
       datagrid_logging(:new.id,:new.ws_app_id,:new.data_grid_id,la_col_label('C045'),'C',:old.c045,:new.c045);  
       datagrid_logging(:new.id,:new.ws_app_id,:new.data_grid_id,la_col_label('C046'),'C',:old.c046,:new.c046);  
       datagrid_logging(:new.id,:new.ws_app_id,:new.data_grid_id,la_col_label('C047'),'C',:old.c047,:new.c047);  
       datagrid_logging(:new.id,:new.ws_app_id,:new.data_grid_id,la_col_label('C048'),'C',:old.c048,:new.c048);  
       datagrid_logging(:new.id,:new.ws_app_id,:new.data_grid_id,la_col_label('C049'),'C',:old.c049,:new.c049);  
       datagrid_logging(:new.id,:new.ws_app_id,:new.data_grid_id,la_col_label('C050'),'C',:old.c050,:new.c050);  
       -- numbers  
       datagrid_logging(:new.id,:new.ws_app_id,:new.data_grid_id,la_col_label('N001'),'N',null,null,null,null,:old.n001,:new.n001);  
       datagrid_logging(:new.id,:new.ws_app_id,:new.data_grid_id,la_col_label('N002'),'N',null,null,null,null,:old.n002,:new.n002);  
       datagrid_logging(:new.id,:new.ws_app_id,:new.data_grid_id,la_col_label('N003'),'N',null,null,null,null,:old.n003,:new.n003);  
       datagrid_logging(:new.id,:new.ws_app_id,:new.data_grid_id,la_col_label('N004'),'N',null,null,null,null,:old.n004,:new.n004);  
       datagrid_logging(:new.id,:new.ws_app_id,:new.data_grid_id,la_col_label('N005'),'N',null,null,null,null,:old.n005,:new.n005);  
       datagrid_logging(:new.id,:new.ws_app_id,:new.data_grid_id,la_col_label('N006'),'N',null,null,null,null,:old.n006,:new.n006);  
       datagrid_logging(:new.id,:new.ws_app_id,:new.data_grid_id,la_col_label('N007'),'N',null,null,null,null,:old.n007,:new.n007);  
       datagrid_logging(:new.id,:new.ws_app_id,:new.data_grid_id,la_col_label('N008'),'N',null,null,null,null,:old.n008,:new.n008);  
       datagrid_logging(:new.id,:new.ws_app_id,:new.data_grid_id,la_col_label('N009'),'N',null,null,null,null,:old.n009,:new.n009);  
       datagrid_logging(:new.id,:new.ws_app_id,:new.data_grid_id,la_col_label('N010'),'N',null,null,null,null,:old.n010,:new.n010);  
       datagrid_logging(:new.id,:new.ws_app_id,:new.data_grid_id,la_col_label('N011'),'N',null,null,null,null,:old.n011,:new.n011);  
       datagrid_logging(:new.id,:new.ws_app_id,:new.data_grid_id,la_col_label('N012'),'N',null,null,null,null,:old.n012,:new.n012);  
       datagrid_logging(:new.id,:new.ws_app_id,:new.data_grid_id,la_col_label('N013'),'N',null,null,null,null,:old.n013,:new.n013);  
       datagrid_logging(:new.id,:new.ws_app_id,:new.data_grid_id,la_col_label('N014'),'N',null,null,null,null,:old.n014,:new.n014);  
       datagrid_logging(:new.id,:new.ws_app_id,:new.data_grid_id,la_col_label('N015'),'N',null,null,null,null,:old.n015,:new.n015);  
       datagrid_logging(:new.id,:new.ws_app_id,:new.data_grid_id,la_col_label('N016'),'N',null,null,null,null,:old.n016,:new.n016);  
       datagrid_logging(:new.id,:new.ws_app_id,:new.data_grid_id,la_col_label('N017'),'N',null,null,null,null,:old.n017,:new.n017);  
       datagrid_logging(:new.id,:new.ws_app_id,:new.data_grid_id,la_col_label('N018'),'N',null,null,null,null,:old.n018,:new.n018);  
       datagrid_logging(:new.id,:new.ws_app_id,:new.data_grid_id,la_col_label('N019'),'N',null,null,null,null,:old.n019,:new.n019);  
       datagrid_logging(:new.id,:new.ws_app_id,:new.data_grid_id,la_col_label('N020'),'N',null,null,null,null,:old.n020,:new.n020);  
       datagrid_logging(:new.id,:new.ws_app_id,:new.data_grid_id,la_col_label('N021'),'N',null,null,null,null,:old.n021,:new.n021);  
       datagrid_logging(:new.id,:new.ws_app_id,:new.data_grid_id,la_col_label('N022'),'N',null,null,null,null,:old.n022,:new.n022);  
       datagrid_logging(:new.id,:new.ws_app_id,:new.data_grid_id,la_col_label('N023'),'N',null,null,null,null,:old.n023,:new.n023);  
       datagrid_logging(:new.id,:new.ws_app_id,:new.data_grid_id,la_col_label('N024'),'N',null,null,null,null,:old.n024,:new.n024);  
       datagrid_logging(:new.id,:new.ws_app_id,:new.data_grid_id,la_col_label('N025'),'N',null,null,null,null,:old.n025,:new.n025);  
       datagrid_logging(:new.id,:new.ws_app_id,:new.data_grid_id,la_col_label('N026'),'N',null,null,null,null,:old.n026,:new.n026);  
       datagrid_logging(:new.id,:new.ws_app_id,:new.data_grid_id,la_col_label('N027'),'N',null,null,null,null,:old.n027,:new.n027);  
       datagrid_logging(:new.id,:new.ws_app_id,:new.data_grid_id,la_col_label('N028'),'N',null,null,null,null,:old.n028,:new.n028);  
       datagrid_logging(:new.id,:new.ws_app_id,:new.data_grid_id,la_col_label('N029'),'N',null,null,null,null,:old.n029,:new.n029);  
       datagrid_logging(:new.id,:new.ws_app_id,:new.data_grid_id,la_col_label('N030'),'N',null,null,null,null,:old.n030,:new.n030);  
       datagrid_logging(:new.id,:new.ws_app_id,:new.data_grid_id,la_col_label('N031'),'N',null,null,null,null,:old.n031,:new.n031);  
       datagrid_logging(:new.id,:new.ws_app_id,:new.data_grid_id,la_col_label('N032'),'N',null,null,null,null,:old.n032,:new.n032);  
       datagrid_logging(:new.id,:new.ws_app_id,:new.data_grid_id,la_col_label('N033'),'N',null,null,null,null,:old.n033,:new.n033);  
       datagrid_logging(:new.id,:new.ws_app_id,:new.data_grid_id,la_col_label('N034'),'N',null,null,null,null,:old.n034,:new.n034);  
       datagrid_logging(:new.id,:new.ws_app_id,:new.data_grid_id,la_col_label('N035'),'N',null,null,null,null,:old.n035,:new.n035);  
       datagrid_logging(:new.id,:new.ws_app_id,:new.data_grid_id,la_col_label('N036'),'N',null,null,null,null,:old.n036,:new.n036);  
       datagrid_logging(:new.id,:new.ws_app_id,:new.data_grid_id,la_col_label('N037'),'N',null,null,null,null,:old.n037,:new.n037);  
       datagrid_logging(:new.id,:new.ws_app_id,:new.data_grid_id,la_col_label('N038'),'N',null,null,null,null,:old.n038,:new.n038);  
       datagrid_logging(:new.id,:new.ws_app_id,:new.data_grid_id,la_col_label('N039'),'N',null,null,null,null,:old.n039,:new.n039);  
       datagrid_logging(:new.id,:new.ws_app_id,:new.data_grid_id,la_col_label('N040'),'N',null,null,null,null,:old.n040,:new.n040);  
       datagrid_logging(:new.id,:new.ws_app_id,:new.data_grid_id,la_col_label('N041'),'N',null,null,null,null,:old.n041,:new.n041);  
       datagrid_logging(:new.id,:new.ws_app_id,:new.data_grid_id,la_col_label('N042'),'N',null,null,null,null,:old.n042,:new.n042);  
       datagrid_logging(:new.id,:new.ws_app_id,:new.data_grid_id,la_col_label('N043'),'N',null,null,null,null,:old.n043,:new.n043);  
       datagrid_logging(:new.id,:new.ws_app_id,:new.data_grid_id,la_col_label('N044'),'N',null,null,null,null,:old.n044,:new.n044);  
       datagrid_logging(:new.id,:new.ws_app_id,:new.data_grid_id,la_col_label('N045'),'N',null,null,null,null,:old.n045,:new.n045);  
       datagrid_logging(:new.id,:new.ws_app_id,:new.data_grid_id,la_col_label('N046'),'N',null,null,null,null,:old.n046,:new.n046);  
       datagrid_logging(:new.id,:new.ws_app_id,:new.data_grid_id,la_col_label('N047'),'N',null,null,null,null,:old.n047,:new.n047);  
       datagrid_logging(:new.id,:new.ws_app_id,:new.data_grid_id,la_col_label('N048'),'N',null,null,null,null,:old.n048,:new.n048);  
       datagrid_logging(:new.id,:new.ws_app_id,:new.data_grid_id,la_col_label('N049'),'N',null,null,null,null,:old.n049,:new.n049);  
       datagrid_logging(:new.id,:new.ws_app_id,:new.data_grid_id,la_col_label('N050'),'N',null,null,null,null,:old.n050,:new.n050);  
       -- dates  
       datagrid_logging(:new.id,:new.ws_app_id,:new.data_grid_id,la_col_label('D001'),'D',null,null,:old.d001,:new.d001);  
       datagrid_logging(:new.id,:new.ws_app_id,:new.data_grid_id,la_col_label('D002'),'D',null,null,:old.d002,:new.d002);  
       datagrid_logging(:new.id,:new.ws_app_id,:new.data_grid_id,la_col_label('D003'),'D',null,null,:old.d003,:new.d003);  
       datagrid_logging(:new.id,:new.ws_app_id,:new.data_grid_id,la_col_label('D004'),'D',null,null,:old.d004,:new.d004);  
       datagrid_logging(:new.id,:new.ws_app_id,:new.data_grid_id,la_col_label('D005'),'D',null,null,:old.d005,:new.d005);  
       datagrid_logging(:new.id,:new.ws_app_id,:new.data_grid_id,la_col_label('D006'),'D',null,null,:old.d006,:new.d006);  
       datagrid_logging(:new.id,:new.ws_app_id,:new.data_grid_id,la_col_label('D007'),'D',null,null,:old.d007,:new.d007);  
       datagrid_logging(:new.id,:new.ws_app_id,:new.data_grid_id,la_col_label('D008'),'D',null,null,:old.d008,:new.d008);  
       datagrid_logging(:new.id,:new.ws_app_id,:new.data_grid_id,la_col_label('D009'),'D',null,null,:old.d009,:new.d009);  
       datagrid_logging(:new.id,:new.ws_app_id,:new.data_grid_id,la_col_label('D010'),'D',null,null,:old.d010,:new.d010);  
       datagrid_logging(:new.id,:new.ws_app_id,:new.data_grid_id,la_col_label('D011'),'D',null,null,:old.d011,:new.d011);  
       datagrid_logging(:new.id,:new.ws_app_id,:new.data_grid_id,la_col_label('D012'),'D',null,null,:old.d012,:new.d012);  
       datagrid_logging(:new.id,:new.ws_app_id,:new.data_grid_id,la_col_label('D013'),'D',null,null,:old.d013,:new.d013);  
       datagrid_logging(:new.id,:new.ws_app_id,:new.data_grid_id,la_col_label('D014'),'D',null,null,:old.d014,:new.d014);  
       datagrid_logging(:new.id,:new.ws_app_id,:new.data_grid_id,la_col_label('D015'),'D',null,null,:old.d015,:new.d015);  
       datagrid_logging(:new.id,:new.ws_app_id,:new.data_grid_id,la_col_label('D016'),'D',null,null,:old.d016,:new.d016);  
       datagrid_logging(:new.id,:new.ws_app_id,:new.data_grid_id,la_col_label('D017'),'D',null,null,:old.d017,:new.d017);  
       datagrid_logging(:new.id,:new.ws_app_id,:new.data_grid_id,la_col_label('D018'),'D',null,null,:old.d018,:new.d018);  
       datagrid_logging(:new.id,:new.ws_app_id,:new.data_grid_id,la_col_label('D019'),'D',null,null,:old.d019,:new.d019);  
       datagrid_logging(:new.id,:new.ws_app_id,:new.data_grid_id,la_col_label('D020'),'D',null,null,:old.d020,:new.d020);  
       datagrid_logging(:new.id,:new.ws_app_id,:new.data_grid_id,la_col_label('D021'),'D',null,null,:old.d021,:new.d021);  
       datagrid_logging(:new.id,:new.ws_app_id,:new.data_grid_id,la_col_label('D022'),'D',null,null,:old.d022,:new.d022);  
       datagrid_logging(:new.id,:new.ws_app_id,:new.data_grid_id,la_col_label('D023'),'D',null,null,:old.d023,:new.d023);  
       datagrid_logging(:new.id,:new.ws_app_id,:new.data_grid_id,la_col_label('D024'),'D',null,null,:old.d024,:new.d024);  
       datagrid_logging(:new.id,:new.ws_app_id,:new.data_grid_id,la_col_label('D025'),'D',null,null,:old.d025,:new.d025);  
       datagrid_logging(:new.id,:new.ws_app_id,:new.data_grid_id,la_col_label('D026'),'D',null,null,:old.d026,:new.d026);  
       datagrid_logging(:new.id,:new.ws_app_id,:new.data_grid_id,la_col_label('D027'),'D',null,null,:old.d027,:new.d027);  
       datagrid_logging(:new.id,:new.ws_app_id,:new.data_grid_id,la_col_label('D028'),'D',null,null,:old.d028,:new.d028);  
       datagrid_logging(:new.id,:new.ws_app_id,:new.data_grid_id,la_col_label('D029'),'D',null,null,:old.d029,:new.d029);  
       datagrid_logging(:new.id,:new.ws_app_id,:new.data_grid_id,la_col_label('D030'),'D',null,null,:old.d030,:new.d030);  
       datagrid_logging(:new.id,:new.ws_app_id,:new.data_grid_id,la_col_label('D031'),'D',null,null,:old.d031,:new.d031);  
       datagrid_logging(:new.id,:new.ws_app_id,:new.data_grid_id,la_col_label('D032'),'D',null,null,:old.d032,:new.d032);  
       datagrid_logging(:new.id,:new.ws_app_id,:new.data_grid_id,la_col_label('D033'),'D',null,null,:old.d033,:new.d033);  
       datagrid_logging(:new.id,:new.ws_app_id,:new.data_grid_id,la_col_label('D034'),'D',null,null,:old.d034,:new.d034);  
       datagrid_logging(:new.id,:new.ws_app_id,:new.data_grid_id,la_col_label('D035'),'D',null,null,:old.d035,:new.d035);  
       datagrid_logging(:new.id,:new.ws_app_id,:new.data_grid_id,la_col_label('D036'),'D',null,null,:old.d036,:new.d036);  
       datagrid_logging(:new.id,:new.ws_app_id,:new.data_grid_id,la_col_label('D037'),'D',null,null,:old.d037,:new.d037);  
       datagrid_logging(:new.id,:new.ws_app_id,:new.data_grid_id,la_col_label('D038'),'D',null,null,:old.d038,:new.d038);  
       datagrid_logging(:new.id,:new.ws_app_id,:new.data_grid_id,la_col_label('D039'),'D',null,null,:old.d039,:new.d039);  
       datagrid_logging(:new.id,:new.ws_app_id,:new.data_grid_id,la_col_label('D040'),'D',null,null,:old.d040,:new.d040);  
       datagrid_logging(:new.id,:new.ws_app_id,:new.data_grid_id,la_col_label('D041'),'D',null,null,:old.d041,:new.d041);  
       datagrid_logging(:new.id,:new.ws_app_id,:new.data_grid_id,la_col_label('D042'),'D',null,null,:old.d042,:new.d042);  
       datagrid_logging(:new.id,:new.ws_app_id,:new.data_grid_id,la_col_label('D043'),'D',null,null,:old.d043,:new.d043);  
       datagrid_logging(:new.id,:new.ws_app_id,:new.data_grid_id,la_col_label('D044'),'D',null,null,:old.d044,:new.d044);  
       datagrid_logging(:new.id,:new.ws_app_id,:new.data_grid_id,la_col_label('D045'),'D',null,null,:old.d045,:new.d045);  
       datagrid_logging(:new.id,:new.ws_app_id,:new.data_grid_id,la_col_label('D046'),'D',null,null,:old.d046,:new.d046);  
       datagrid_logging(:new.id,:new.ws_app_id,:new.data_grid_id,la_col_label('D047'),'D',null,null,:old.d047,:new.d047);  
       datagrid_logging(:new.id,:new.ws_app_id,:new.data_grid_id,la_col_label('D048'),'D',null,null,:old.d048,:new.d048);  
       datagrid_logging(:new.id,:new.ws_app_id,:new.data_grid_id,la_col_label('D049'),'D',null,null,:old.d049,:new.d049);  
       datagrid_logging(:new.id,:new.ws_app_id,:new.data_grid_id,la_col_label('D050'),'D',null,null,:old.d050,:new.d050);  
    end if;  
    --  
    -- set owner  
    --  
    if :new.owner is null then  
        :new.owner := :new.created_by;  
    end if;  
end;  
  
 

/
ALTER TRIGGER "AAYUSH"."APEX$_WS_ROWS_T1" ENABLE;
--------------------------------------------------------
--  DDL for Trigger APEX$_WS_TAGS_T1
--------------------------------------------------------

  CREATE OR REPLACE TRIGGER "AAYUSH"."APEX$_WS_TAGS_T1" 
before insert or update on "APEX$_WS_TAGS"  
for each row  
begin  
    --  
    -- maintain pk and timestamps  
    --  
    if inserting and :new.id is null then  
        select to_number(sys_guid(),'XXXXXXXXXXXXXXXXXXXXXXXXXXXXXXXX') into :new.id from sys.dual;  
    end if;  
    if inserting then  
        :new.created_on := sysdate;  
        :new.created_by := nvl(v('APP_USER'),user);  
        :new.updated_on := sysdate;  
        :new.updated_by := nvl(v('APP_USER'),user);  
    elsif updating then  
        :new.updated_on := sysdate;  
        :new.updated_by := nvl(v('APP_USER'),user);  
    end if;  
end;  
 

/
ALTER TRIGGER "AAYUSH"."APEX$_WS_TAGS_T1" ENABLE;
--------------------------------------------------------
--  DDL for Trigger APEX$_WS_WEBPG_SECTIONS_T1
--------------------------------------------------------

  CREATE OR REPLACE TRIGGER "AAYUSH"."APEX$_WS_WEBPG_SECTIONS_T1" 
before insert or update on "APEX$_WS_WEBPG_SECTIONS"  
for each row  
declare  
    l_sequence_changed varchar2(1) := 'N';  
    l_title_changed varchar2(1) := 'N';  
    l_content_changed varchar2(1) := 'N';  
    procedure clob_upper( p_content in clob, p_content_upper in out nocopy clob)  
    is  
    l_buf varchar2(32767);  
    l_off number;  
    l_amt number;  
    begin  
    if p_content is not null then  
        l_amt := 8000;  
        l_off := 1;  
         sys.dbms_lob.trim( p_content_upper, 0);  
         begin  
             loop  
                 sys.dbms_lob.read( p_content, l_amt, l_off, l_buf );  
                 l_buf := upper( l_buf );  
                 sys.dbms_lob.writeappend( p_content_upper, length(l_buf), l_buf);  
                 l_off := l_off + l_amt;  
                 l_amt := 8000;  
             end loop;  
         exception  
             when no_data_found then null;  
         end;  
     end if;  
end clob_upper;  
begin  
    --  
    -- maintain pk and timestamps  
    --  
    if inserting and :new.id is null then  
        select to_number(sys_guid(),'XXXXXXXXXXXXXXXXXXXXXXXXXXXXXXXX') into :new.id from sys.dual;  
    end if;  
    if :new.section_type = 'NAV_PAGE' then  
        if :new.nav_include_link is null then  
            :new.nav_include_link := 'Y';  
        end if;  
    end if;  
    if inserting and :new.content is not null then  
        sys.dbms_lob.createtemporary( :new.content_upper, false, sys.dbms_lob.call );  
        clob_upper( :new.content, :new.content_upper );  
    elsif updating then  
        if :new.content_upper is null then  
            sys.dbms_lob.createtemporary( :new.content_upper, false, sys.dbms_lob.call );  
        end if;  
        clob_upper( :new.content, :new.content_upper );  
    end if;  
    if inserting then  
        :new.created_on := sysdate;  
        :new.created_by := nvl(v('APP_USER'),user);  
        :new.updated_on := sysdate;  
        :new.updated_by := nvl(v('APP_USER'),user);  
        :new.change_count := 0;  
    elsif updating then  
        :new.updated_on := sysdate;  
        :new.updated_by := nvl(v('APP_USER'),user);  
        :new.change_count := nvl(:old.change_count,0) + 1;  
        if nvl(:old.display_sequence,-999) != nvl(:new.display_sequence,-999) then  
            l_sequence_changed := 'Y';  
        end if;  
        if nvl(:old.title,'jKKwZk') != nvl(:new.title,'jKKwZk') then  
            l_title_changed := 'Y';  
        end if;  
        if sys.dbms_lob.compare(:new.content,:old.content) != 0 or nvl(length(:new.content),0) != nvl(length(:old.content),0) then  
            l_content_changed := 'Y';  
        end if;  
        if l_sequence_changed = 'Y' or l_title_changed = 'Y' or l_content_changed = 'Y' then  
            insert into apex$_ws_webpg_section_history (section_id, ws_app_id, webpage_id, old_display_sequence, new_display_sequence,  
            old_title, new_title, old_content, new_content, change_date, application_user_id)  
            values (:new.id, :new.ws_app_id, :new.webpage_id,  
                    decode(l_sequence_changed,'Y',:old.display_sequence,null), decode(l_sequence_changed,'Y',:new.display_sequence,null),  
                    decode(l_title_changed,'Y',:old.title,null), decode(l_title_changed,'Y',:new.title,null),  
                    decode(l_content_changed,'Y',:old.content,null), decode(l_content_changed,'Y',:new.content,null), sysdate, nvl(v('APP_USER'),user));  
        end if;  
    end if;  
end;  
 

/
ALTER TRIGGER "AAYUSH"."APEX$_WS_WEBPG_SECTIONS_T1" ENABLE;
--------------------------------------------------------
--  DDL for Trigger DEMO_CUSTOMERS_BD
--------------------------------------------------------

  CREATE OR REPLACE TRIGGER "AAYUSH"."DEMO_CUSTOMERS_BD" 
    before delete on demo_customers  
    for each row  
begin  
    sample_pkg.demo_tag_sync(  
        p_new_tags      => null,  
        p_old_tags      => :old.tags,  
        p_content_type  => 'CUSTOMER',  
        p_content_id    => :old.customer_id );  
end;  
  
 

/
ALTER TRIGGER "AAYUSH"."DEMO_CUSTOMERS_BD" ENABLE;
--------------------------------------------------------
--  DDL for Trigger DEMO_CUSTOMERS_BIU
--------------------------------------------------------

  CREATE OR REPLACE TRIGGER "AAYUSH"."DEMO_CUSTOMERS_BIU" 
  before insert or update ON demo_customers FOR EACH ROW  
DECLARE  
  cust_id number;  
BEGIN  
  if inserting then    
    if :new.customer_id is null then  
      select demo_cust_seq.nextval  
        into cust_id  
        from dual;  
      :new.customer_id := cust_id;  
    end if;  
    if :new.tags is not null then  
          :new.tags := sample_pkg.demo_tags_cleaner(:new.tags);  
    end if;  
  end if;  
  sample_pkg.demo_tag_sync(  
     p_new_tags      => :new.tags,  
     p_old_tags      => :old.tags,  
     p_content_type  => 'CUSTOMER',  
     p_content_id    => :new.customer_id );  
END;  
  
 

/
ALTER TRIGGER "AAYUSH"."DEMO_CUSTOMERS_BIU" ENABLE;
--------------------------------------------------------
--  DDL for Trigger DEMO_ORDERS_BD
--------------------------------------------------------

  CREATE OR REPLACE TRIGGER "AAYUSH"."DEMO_ORDERS_BD" 
    before delete on demo_orders  
    for each row  
begin  
    sample_pkg.demo_tag_sync(  
        p_new_tags      => null,  
        p_old_tags      => :old.tags,  
        p_content_type  => 'ORDER',  
        p_content_id    => :old.order_id );  
end;  
  
 

/
ALTER TRIGGER "AAYUSH"."DEMO_ORDERS_BD" ENABLE;
--------------------------------------------------------
--  DDL for Trigger DEMO_ORDERS_BIU
--------------------------------------------------------

  CREATE OR REPLACE TRIGGER "AAYUSH"."DEMO_ORDERS_BIU" 
  before insert or update ON demo_orders FOR EACH ROW  
DECLARE  
  order_id number;  
BEGIN  
  if inserting then    
    if :new.order_id is null then  
      select demo_ord_seq.nextval  
        INTO order_id  
        FROM dual;  
      :new.order_id := order_id;  
    end if;  
    if :new.tags is not null then  
       :new.tags := sample_pkg.demo_tags_cleaner(:new.tags);  
    end if;  
  end if;  
    
  sample_pkg.demo_tag_sync(  
    p_new_tags      => :new.tags,  
    p_old_tags      => :old.tags,  
    p_content_type  => 'ORDER',  
    p_content_id    => :new.order_id );  
END;  
  
 

/
ALTER TRIGGER "AAYUSH"."DEMO_ORDERS_BIU" ENABLE;
--------------------------------------------------------
--  DDL for Trigger DEMO_ORDER_ITEMS_AIUD_TOTAL
--------------------------------------------------------

  CREATE OR REPLACE TRIGGER "AAYUSH"."DEMO_ORDER_ITEMS_AIUD_TOTAL" 
  after insert or update or delete on demo_order_items  
begin  
  -- Update the Order Total when any order item is changed  
  update demo_orders set order_total =  
  (select sum(unit_price*quantity) from demo_order_items  
    where demo_order_items.order_id = demo_orders.order_id);  
end;  
  
 

/
ALTER TRIGGER "AAYUSH"."DEMO_ORDER_ITEMS_AIUD_TOTAL" ENABLE;
--------------------------------------------------------
--  DDL for Trigger DEMO_ORDER_ITEMS_BI
--------------------------------------------------------

  CREATE OR REPLACE TRIGGER "AAYUSH"."DEMO_ORDER_ITEMS_BI" 
  BEFORE insert on "DEMO_ORDER_ITEMS" for each row  
declare  
  order_item_id number;  
begin  
  if :new.order_item_id is null then  
    select demo_order_items_seq.nextval   
      into order_item_id   
      from dual;  
    :new.order_item_id := order_item_id;  
  end if;  
end;  
  
 

/
ALTER TRIGGER "AAYUSH"."DEMO_ORDER_ITEMS_BI" ENABLE;
--------------------------------------------------------
--  DDL for Trigger DEMO_ORDER_ITEMS_BIU_GET_PRICE
--------------------------------------------------------

  CREATE OR REPLACE TRIGGER "AAYUSH"."DEMO_ORDER_ITEMS_BIU_GET_PRICE" 
  before insert or update on demo_order_items for each row  
declare  
  l_list_price number;  
begin  
  if :new.unit_price is null then  
    -- First, we need to get the current list price of the order line item  
    select list_price  
    into l_list_price  
    from demo_product_info  
    where product_id = :new.product_id;  
    -- Once we have the correct price, we will update the order line with the correct price  
    :new.unit_price := l_list_price;  
  end if;  
end;  
  
 

/
ALTER TRIGGER "AAYUSH"."DEMO_ORDER_ITEMS_BIU_GET_PRICE" ENABLE;
--------------------------------------------------------
--  DDL for Trigger DEMO_PRODUCT_INFO_BD
--------------------------------------------------------

  CREATE OR REPLACE TRIGGER "AAYUSH"."DEMO_PRODUCT_INFO_BD" 
    before delete on demo_product_info  
    for each row  
begin  
    sample_pkg.demo_tag_sync(  
        p_new_tags      => null,  
        p_old_tags      => :old.tags,  
        p_content_type  => 'PRODUCT',  
        p_content_id    => :old.product_id );  
end;  
  
 

/
ALTER TRIGGER "AAYUSH"."DEMO_PRODUCT_INFO_BD" ENABLE;
--------------------------------------------------------
--  DDL for Trigger DEMO_PRODUCT_INFO_BIU
--------------------------------------------------------

  CREATE OR REPLACE TRIGGER "AAYUSH"."DEMO_PRODUCT_INFO_BIU" 
  before insert or update ON demo_product_info FOR EACH ROW  
DECLARE  
  prod_id number;  
BEGIN  
  if inserting then    
    if :new.product_id is null then  
      select demo_prod_seq.nextval  
        into prod_id  
        from dual;  
      :new.product_id := prod_id;  
    end if;  
    if :new.tags is not null then  
          :new.tags := sample_pkg.demo_tags_cleaner(:new.tags);  
    end if;  
  end if;  
  sample_pkg.demo_tag_sync(  
    p_new_tags      => :new.tags,  
    p_old_tags      => :old.tags,  
    p_content_type  => 'PRODUCT',  
    p_content_id    => :new.product_id );  
END;  
  
 

/
ALTER TRIGGER "AAYUSH"."DEMO_PRODUCT_INFO_BIU" ENABLE;
--------------------------------------------------------
--  DDL for Trigger DEMO_TAGS_BIU
--------------------------------------------------------

  CREATE OR REPLACE TRIGGER "AAYUSH"."DEMO_TAGS_BIU" 
   before insert or update on demo_tags  
   for each row  
   begin  
      if inserting then  
         if :NEW.ID is null then  
           select to_number(sys_guid(),'XXXXXXXXXXXXXXXXXXXXXXXXXXXXXXXX')  
           into :new.id  
           from dual;  
         end if;  
         :NEW.CREATED := localtimestamp;  
         :NEW.CREATED_BY := nvl(v('APP_USER'),USER);  
      end if;  
      if updating then  
         :NEW.UPDATED := localtimestamp;  
         :NEW.UPDATED_BY := nvl(v('APP_USER'),USER);  
      end if;  
end;  
  
 

/
ALTER TRIGGER "AAYUSH"."DEMO_TAGS_BIU" ENABLE;
--------------------------------------------------------
--  DDL for Trigger DEPT_TRG1
--------------------------------------------------------

  CREATE OR REPLACE TRIGGER "AAYUSH"."DEPT_TRG1" 
              before insert on dept  
              for each row  
              begin  
                  if :new.deptno is null then  
                      select dept_seq.nextval into :new.deptno from sys.dual;  
                 end if;  
              end;  
 

/
ALTER TRIGGER "AAYUSH"."DEPT_TRG1" ENABLE;
--------------------------------------------------------
--  DDL for Trigger EMP_TRG1
--------------------------------------------------------

  CREATE OR REPLACE TRIGGER "AAYUSH"."EMP_TRG1" 
              before insert on emp  
              for each row  
              begin  
                  if :new.empno is null then  
                      select emp_seq.nextval into :new.empno from sys.dual;  
                 end if;  
              end;  
 

/
ALTER TRIGGER "AAYUSH"."EMP_TRG1" ENABLE;
--------------------------------------------------------
--  DDL for Trigger TRG_AUDIT_PRODUCT
--------------------------------------------------------

  CREATE OR REPLACE TRIGGER "AAYUSH"."TRG_AUDIT_PRODUCT" 
AFTER INSERT OR DELETE OR UPDATE ON Product 
FOR EACH ROW 
DECLARE 
  -- variable which declares if update, delete or insert process 
  TRG_ACTION VARCHAR2(6); 
BEGIN 
  IF updating 
  THEN 
    TRG_ACTION := 'UPDATE'; 
 
  ELSIF deleting 
  THEN 
    TRG_ACTION := 'DELETE'; 
 
  ELSIF inserting 
  THEN 
    TRG_ACTION := 'INSERT'; 
 
  ELSE 
    TRG_ACTION := NULL; 
  END IF; 
 
 
IF TRG_ACTION IN ('UPDATE') THEN 
     
   INSERT INTO Audit_Product 
  (Product_ID, Product_Name, Description, Stock_Left, Product_Price, Min_Order, Max_Order, Allergy, AUDIT_USER,  AUDIT_DATE,  AUDIT_ACTION, Update_stock) 
   VALUES ( 
      :OLD.Product_ID, :OLD.Product_Name, :OLD.Description, :OLD.Stock_Left, :OLD.Product_Price, :OLD.Min_Order, :OLD.Max_Order, :OLD.Allergy, USER, SYSDATE, TRG_ACTION, CASE WHEN :OLD.Stock_Left != :NEW.Stock_Left THEN 1 ELSE 0 END 
    ); 
END IF; 
   
IF TRG_ACTION IN ('DELETE') THEN 
     
   INSERT INTO Audit_Product 
  (Product_ID, Product_Name, Description, Stock_Left, Product_Price, Min_Order, Max_Order, Allergy, AUDIT_USER,  AUDIT_DATE,  AUDIT_ACTION, Update_stock) 
   VALUES 
  (:OLD.Product_ID, :OLD.Product_Name, :OLD.Description, :OLD.Stock_Left, :OLD.Product_Price, :OLD.Min_Order, :OLD.Max_Order, :OLD.Allergy, UPPER(v('APP_USER')), SYSDATE, TRG_ACTION, 0); 
END IF; 
 
IF TRG_ACTION IN ('INSERT') THEN 
  INSERT INTO Audit_Product 
  (Product_ID, Product_Name, Description, Stock_Left, Product_Price, Min_Order, Max_Order, Allergy, AUDIT_USER,  AUDIT_DATE,  AUDIT_ACTION, Update_stock) 
   VALUES 
  (:NEW.Product_ID, :NEW.Product_Name, :NEW.Description, :NEW.Stock_Left, :NEW.Product_Price, :NEW.Min_Order, :NEW.Max_Order, :NEW.Allergy, UPPER(v('APP_USER')), SYSDATE, TRG_ACTION, 0); 
 
END IF; 
 
 
END TRG_AUDIT_PRODUCT; 
 

/
ALTER TRIGGER "AAYUSH"."TRG_AUDIT_PRODUCT" ENABLE;
--------------------------------------------------------
--  DDL for Trigger TRG_AUTO_INSERT_CART_ID
--------------------------------------------------------

  CREATE OR REPLACE TRIGGER "AAYUSH"."TRG_AUTO_INSERT_CART_ID" 
BEFORE INSERT ON Cart  
FOR EACH ROW  
BEGIN  
    SELECT increase_cart_id.nextval INTO :new.Cart_Id FROM dual;  
END;  
  
 

/
ALTER TRIGGER "AAYUSH"."TRG_AUTO_INSERT_CART_ID" ENABLE;
--------------------------------------------------------
--  DDL for Trigger TRG_AUTO_INSERT_DISCOUNT_ID
--------------------------------------------------------

  CREATE OR REPLACE TRIGGER "AAYUSH"."TRG_AUTO_INSERT_DISCOUNT_ID" 
BEFORE INSERT ON discount 
FOR EACH ROW 
BEGIN 
    SELECT increase_discount_id.nextval INTO :new.discount_Id FROM dual; 
END; 
 

/
ALTER TRIGGER "AAYUSH"."TRG_AUTO_INSERT_DISCOUNT_ID" ENABLE;
--------------------------------------------------------
--  DDL for Trigger TRG_AUTO_INSERT_ID
--------------------------------------------------------

  CREATE OR REPLACE TRIGGER "AAYUSH"."TRG_AUTO_INSERT_ID" 
BEFORE INSERT ON product  
FOR EACH ROW  
BEGIN  
    SELECT increase_id.nextval INTO :new.Product_Id FROM dual;  
END;  
  
 

/
ALTER TRIGGER "AAYUSH"."TRG_AUTO_INSERT_ID" ENABLE;
--------------------------------------------------------
--  DDL for Trigger TRG_AUTO_INSERT_IMAGEID
--------------------------------------------------------

  CREATE OR REPLACE TRIGGER "AAYUSH"."TRG_AUTO_INSERT_IMAGEID" 
BEFORE INSERT ON PRODUCT_IMAGE  
FOR EACH ROW  
BEGIN  
    SELECT increase_image_id.nextval INTO :new.IMAGE_ID FROM dual;  
END;  
  
 

/
ALTER TRIGGER "AAYUSH"."TRG_AUTO_INSERT_IMAGEID" ENABLE;
--------------------------------------------------------
--  DDL for Trigger TRG_AUTO_INSERT_OP_ID
--------------------------------------------------------

  CREATE OR REPLACE TRIGGER "AAYUSH"."TRG_AUTO_INSERT_OP_ID" 
BEFORE INSERT ON Ordered_Product 
FOR EACH ROW 
BEGIN 
    SELECT increase_op_id.nextval INTO :new.Ordered_Product_Id FROM dual; 
END; 
 

/
ALTER TRIGGER "AAYUSH"."TRG_AUTO_INSERT_OP_ID" ENABLE;
--------------------------------------------------------
--  DDL for Trigger TRG_AUTO_INSERT_ORDER_ID
--------------------------------------------------------

  CREATE OR REPLACE TRIGGER "AAYUSH"."TRG_AUTO_INSERT_ORDER_ID" 
BEFORE INSERT ON Orders  
FOR EACH ROW  
BEGIN  
    SELECT increase_order_id.nextval INTO :new.Order_Id FROM dual;  
END;  
  
 

/
ALTER TRIGGER "AAYUSH"."TRG_AUTO_INSERT_ORDER_ID" ENABLE;
--------------------------------------------------------
--  DDL for Trigger TRG_AUTO_INSERT_PAYMENT_ID
--------------------------------------------------------

  CREATE OR REPLACE TRIGGER "AAYUSH"."TRG_AUTO_INSERT_PAYMENT_ID" 
BEFORE INSERT ON payment 
FOR EACH ROW 
BEGIN 
    SELECT increase_payment_id.nextval INTO :new.payment_Id FROM dual; 
END; 
 

/
ALTER TRIGGER "AAYUSH"."TRG_AUTO_INSERT_PAYMENT_ID" ENABLE;
--------------------------------------------------------
--  DDL for Trigger TRG_AUTO_INSERT_PC_ID
--------------------------------------------------------

  CREATE OR REPLACE TRIGGER "AAYUSH"."TRG_AUTO_INSERT_PC_ID" 
BEFORE INSERT ON product_cart  
FOR EACH ROW  
BEGIN  
    SELECT increase_pc_id.nextval INTO :new.product_cart_Id FROM dual;  
END;  
  
 

/
ALTER TRIGGER "AAYUSH"."TRG_AUTO_INSERT_PC_ID" ENABLE;
--------------------------------------------------------
--  DDL for Trigger TRG_AUTO_INSERT_PI_ID
--------------------------------------------------------

  CREATE OR REPLACE TRIGGER "AAYUSH"."TRG_AUTO_INSERT_PI_ID" 
BEFORE INSERT ON product_image 
FOR EACH ROW 
BEGIN 
    SELECT increase_pi_id.nextval INTO :new.image_Id FROM dual; 
END; 
 

/
ALTER TRIGGER "AAYUSH"."TRG_AUTO_INSERT_PI_ID" ENABLE;
--------------------------------------------------------
--  DDL for Trigger TRG_AUTO_INSERT_REVIEW_ID
--------------------------------------------------------

  CREATE OR REPLACE TRIGGER "AAYUSH"."TRG_AUTO_INSERT_REVIEW_ID" 
BEFORE INSERT ON review 
FOR EACH ROW 
BEGIN 
    SELECT increase_review_id.nextval INTO :new.review_Id FROM dual; 
END; 
 

/
ALTER TRIGGER "AAYUSH"."TRG_AUTO_INSERT_REVIEW_ID" ENABLE;
--------------------------------------------------------
--  DDL for Trigger TRG_AUTO_INSERT_SHOP_ID
--------------------------------------------------------

  CREATE OR REPLACE TRIGGER "AAYUSH"."TRG_AUTO_INSERT_SHOP_ID" 
BEFORE INSERT ON shop 
FOR EACH ROW 
BEGIN 
    SELECT increase_shop_id.nextval INTO :new.shop_Id FROM dual; 
END; 
 

/
ALTER TRIGGER "AAYUSH"."TRG_AUTO_INSERT_SHOP_ID" ENABLE;
--------------------------------------------------------
--  DDL for Trigger TRG_AUTO_INSERT_USERID
--------------------------------------------------------

  CREATE OR REPLACE TRIGGER "AAYUSH"."TRG_AUTO_INSERT_USERID" 
BEFORE INSERT ON Users  
FOR EACH ROW  
BEGIN  
    SELECT increase_userid.nextval INTO :new.User_Id FROM dual;  
END;  
  
 

/
ALTER TRIGGER "AAYUSH"."TRG_AUTO_INSERT_USERID" ENABLE;
--------------------------------------------------------
--  DDL for Trigger TRG_AUTO_INSERT_WISHLISTS_ID
--------------------------------------------------------

  CREATE OR REPLACE TRIGGER "AAYUSH"."TRG_AUTO_INSERT_WISHLISTS_ID" 
BEFORE INSERT ON wishlist  
FOR EACH ROW  
BEGIN  
    SELECT increase_wishlist_id.nextval INTO :new.wishlist_Id FROM dual;  
END;  
  
 

/
ALTER TRIGGER "AAYUSH"."TRG_AUTO_INSERT_WISHLISTS_ID" ENABLE;
--------------------------------------------------------
--  DDL for Trigger TRG_AUTO_INSERT_WISHLIST_ID
--------------------------------------------------------

  CREATE OR REPLACE TRIGGER "AAYUSH"."TRG_AUTO_INSERT_WISHLIST_ID" 
BEFORE INSERT ON product_wishlist  
FOR EACH ROW  
BEGIN  
    SELECT increase_pw_id.nextval INTO :new.product_wishlist_Id FROM dual;  
END;  
  
 

/
ALTER TRIGGER "AAYUSH"."TRG_AUTO_INSERT_WISHLIST_ID" ENABLE;
--------------------------------------------------------
--  DDL for Trigger TR_NO_OF_TRADERS
--------------------------------------------------------

  CREATE OR REPLACE TRIGGER "AAYUSH"."TR_NO_OF_TRADERS" BEFORE INSERT ON "USERS"FOR EACH ROW    select count(user_id) into num from "USERS" where role = 'trader';    IF num = 10 THEN    raise_application_error(20001, 'Number of traders cannnot exceed 10.');    END IF;END;
/
ALTER TRIGGER "AAYUSH"."TR_NO_OF_TRADERS" ENABLE;
--------------------------------------------------------
--  DDL for Package SAMPLE_DATA_PKG
--------------------------------------------------------

  CREATE OR REPLACE PACKAGE "AAYUSH"."SAMPLE_DATA_PKG" as  
  function varchar2_to_blob(p_varchar2_tab in dbms_sql.varchar2_table) return blob;  
  procedure delete_data;  
  procedure insert_data;  
end sample_data_pkg;  

/
--------------------------------------------------------
--  DDL for Package SAMPLE_PKG
--------------------------------------------------------

  CREATE OR REPLACE PACKAGE "AAYUSH"."SAMPLE_PKG" is  
    --  
    -- Error Handling function  
    --  
    function demo_error_handling (  
        p_error in apex_error.t_error )  
        return apex_error.t_error_result;  
      
    --  
    -- Tag Cleaner function  
    --  
    function demo_tags_cleaner (  
        p_tags  in varchar2,  
        p_case  in varchar2 default 'U')   
        return varchar2;  
      
    --  
    -- Tag Synchronisation Procedure  
    --  
    procedure demo_tag_sync (  
        p_new_tags          in varchar2,  
        p_old_tags          in varchar2,  
        p_content_type      in varchar2,  
        p_content_id        in number );  
end sample_pkg;  

/
--------------------------------------------------------
--  DDL for Package Body SAMPLE_DATA_PKG
--------------------------------------------------------

  CREATE OR REPLACE PACKAGE BODY "AAYUSH"."SAMPLE_DATA_PKG" as  
function varchar2_to_blob(p_varchar2_tab in dbms_sql.varchar2_table)  
    return blob  
is  
  l_blob blob;  
  l_raw  raw(500);  
  l_size number;  
begin  
  dbms_lob.createtemporary(l_blob, true, dbms_lob.session);  
  for i in 1 .. p_varchar2_tab.count loop  
    l_size := length(p_varchar2_tab(i)) / 2;  
    dbms_lob.writeappend(l_blob, l_size, hextoraw(p_varchar2_tab(i)));  
  end loop;  
  return l_blob;  
exception  
  when others then  
    dbms_lob.close(l_blob);  
end varchar2_to_blob;    
procedure delete_data is  
begin  
  delete demo_product_info where product_id <= 10;  
  delete demo_customers where customer_id <= 10;  
  delete demo_states;  
  delete demo_constraint_lookup where constraint_name in ('DEMO_CUST_CREDIT_LIMIT_MAX','DEMO_CUSTOMERS_UK','DEMO_PRODUCT_INFO_UK','DEMO_ORDER_ITEMS_UK');  
end delete_data;  
procedure insert_data is  
  i           dbms_sql.varchar2_table;  
  j           dbms_sql.varchar2_table default wwv_flow_api.empty_varchar2_table;  
  l_blob      blob;  
begin  
  -- Table: DEMO_PRODUCT_INFO - Product 1  
  i := j;  
  i(1)  := 'FFD8FFE000104A46494600010100000100010000FFDB00840009060610100F120D12140F130F1210171510141410100F1410101410151614101414171B261E1719231912121F2F2023282C2C2C2C151F31353C2A35262B2C2901090A0A0D0A0D190C0E1A';  
  i(2)  := '291E1C1829352929292934292C29292934302C3435292929292C3229292C2E30292C2A2929292929292A34342929292A362934293229FFC00011080068006803012200021101031101FFC4001B0000020301010100000000000000000000000502030401';  
  i(3)  := '0706FFC400381000020102030406060A0300000000000000010203110412210531415161718191B1D113162252A1C10632627292A2B2E1F0F1144253FFC40014010100000000000000000000000000000000FFC400141101000000000000000000000000';  
  i(4)  := '00000000FFDA000C03010002110311003F00F71000000038DD80CD8DDA54E8FD7767C12D5BEC17FAD14F8467F0425C52752ACE6EEEF2D38E9C2DD962FA7B39DAFBBAD80D7D6487B92EF45B4B6FD27BD4A3D6AFE026A5826DB5C8B6585CBBD3F15F003E96';  
  i(5)  := '9D55259934D3E28909F62D55193A775AACCB5E4D2D3BFE0380000000000000000306D1C7BA6D452576AF77C3B05D3AB29272936F46D747616ED377AAD72497CFE6432E8D74018B0352DEC9B65BB4304A8B8BB9BE35565CCDA4B9B028A2E4E4D6693CBBD7';  
  i(6)  := 'A3CA9DD70935AF6335CEAA8ACCC850C5427B9AEADCFAEDBCCB8F9DD018A9576EBA9BD13BAB2E09AD3E23AA1899C773D393D50A30D45B9C5F292F11C4D00D30D5B3C54B7735C9A2D316CD96928F4DFBFF00A368000000000009314AF526FED782488C5D8E';  
  i(7)  := 'D4FAD2FBCFC59D4C0C98DC5C29ABCB7BDD15AB9752153C0E2312D395E953E09DD59756F6FA47F0A714DB495DEF7C7BC9E6E2025AFF0047249274E6EEB726EDF14729CEB474AD09597FB2D7BEDBC76AA0019B096D24ACD741A991549277B24FA34BF5F326';  
  i(8)  := 'C0BF02ED3EB88C05D4349C7AFC50C4000000000004553EB4BEF3FD4C89D9BF6A4BED3FD4CED80132C488E43B18D80924EFC2D6D02DA9240076C409391C881645D9A7C9AF1198AA5B86917749F34074000008CE564DBDC95DF612336D0A96A72E9D3BC04C';  
  i(9)  := '9712CBD8AA555477FF003F972553556E7A77BB0175395D26F7D89A2BB924C0929ABDB4BF207239955EFC4E30244A2884592B81218619DE11EAF016A66FC14BD8EA6FC6FF003034000000BF6C26E31D6DED6EB2D74180AB6CD4D631E86FBFFA0174AF75C5';  
  i(10) := '5F57A69F02CBF1E9F995FA65C5A5DA5753190D1668DDB56575CC0D8892650EB1CFF200D2A471B323C747364E3FB5CB3D381A1324999957458AA202D36ECE96925D37EF5FB0BB31B366CBDA6B9AF07FB80C40000059B536142BC94DB926959DB5BAE1D0B8';  
  i(11) := '80018BD49C33DF9DF6C57C8ED3FA13858C9497A44D3BA7996FEE000362D814FDEABF89791C7F47E973A9F897900010F56695F366AB7FBCBC89FABD4FDEABF8A3E47000EFABF0F7EA77C7C816C08FBF53F2F9000125B157FD2A7E5F22DC2ECEC92CD9E4F4';  
  i(12) := 'DCD25E00006D00003FFFD9';  
  l_blob := varchar2_to_blob(i);     
  INSERT INTO demo_product_info (product_id, product_name, product_description, category,product_avail, list_price, product_image, mimetype, filename, image_last_update, tags)  
      VALUES(1, 'Business Shirt', 'Wrinkle-free cotton business shirt', 'Mens', 'Y', 50, l_blob,'image/jpeg','shirt.jpg',systimestamp,'Top seller');  
  -- Table: DEMO_PRODUCT_INFO - Product 2  
  i := j;  
  i(1)  := 'FFD8FFE000104A46494600010100000100010000FFDB004300090607080706090807080A0A090B0D160F0D0C0C0D1B14151016201D2222201D1F1F2428342C242631271F1F2D3D2D3135373A3A3A232B3F443F384334393A37FFDB0043010A0A0A0D0C0D';  
  i(2)  := '1A0F0F1A37251F253737373737373737373737373737373737373737373737373737373737373737373737373737373737373737373737373737FFC00011080068006803012200021101031101FFC4001C00010100020301010000000000000000000007';  
  i(3)  := '01050406080203FFC4003D1000010303000507080807000000000000010002030405110607122141132231516171A123328191B1B2C1D11415174273A2C2E1083552626392F0FFC400160101010100000000000000000000000000000102FFC400161101';  
  i(4)  := '010100000000000000000000000000000131FFDA000C03010002110311003F00B822220CAC2220D36995DA6B168B5CEE94DC919A969DD2462504B4BB8038238A81FDABE9954641B9450FE15247F1055135FF00719A9F4628A82225ACADAA025238B58368';  
  i(5)  := '0FF6D9F528640730B2403EF7387664FCD54AED726B0F4B651CFD20ABC7F8E28DBEC62F96699E9387B2575EAE2F0241CD339009E9C1031B968E2635B308F1B8B3687FDE80BF6899B54F82778760F7E4223D4764B9C379B4D2DC69811154461E03BA47583D';  
  i(6)  := 'C7217394E75275D24D63ADA17BB69B4B51B51E4EF0D78CE3D60FAD519468E288880888832B088832B0888239FC424DB42CB4CDE91CAC9E2C1F351DA3CF9685E31839C761562D7DC61D5D65706E5DC94C0F7658A3F2F92AB8DFD01C0B4FB5547323396C2F';  
  i(7)  := 'FBCD3B2572E2DCF76EDC4839EA2B894FE71683CD3BD72C1C222A1A8E90FD3EF118E83144EF5177CD57148F519138D65E26079A2389847692E3F055C5161C5111144444044441958444126D7B47E52C737E3B3DC2A3978E646D9319C387B55B35EACCDBAC';  
  i(8)  := 'F2637B6A9EDCF7B3F6516BC0CD13B72ACD628DD9D82B9A3A16AE85FE4D87B96CDDB813D43A0A0ADEA24E692F3BBA278C7E52AA6A5DA88C1B65DDE38D4B3DC55151A87144440444419584441958444130D7A39FF565A1A3CC354F27BC3377C546AB5BB701';  
  i(9)  := '6F5E7D8AD3AF28F6ACD6C7EEE6D59DD9FEC2A31543C91559BAD4D01CD3E388385B57CC1A59B5E6BDBD5C56A2DC41E51B9FBCB6407290341192C38282CFA85FE4F750785537DC0AA2A57A8527EADBBB0F0A867BBFB2AA28D1C511101111011110111104E3';  
  i(10) := '5DF1ED582DF2648D9ACC77E58EF928A551E663AD5AB5E240D1FB70E3F4E1EE3944EA5D81E8552EB596EA771A7AA9D993C94CC616F0E7079CFE55B2A576D31E47A5A46F053472865ABB1E90CF1F4518A79DDDA36DCD3E0E27D0BE58ED97646F0E6EF088B0';  
  i(11) := '6A19F982F6D3B9DCAC2EC7616BBE4AAEA23A89AA2DD23B8D2ED1C4B461E476B1E07EB2ADCA35044E28808888088880888826FAF16E6C16E775568F71CA1F5AE3E66CEF20E30AE5AF1648746289EC692195AD2E3D5CC763C5445A4020CCE193D00AA9544D';  
  i(12) := '5058C4FA15A5B34806DD631D4C3233B21B1923C5FE0A774F87C63686F6F4772B16A29CDAAD19BCC61C365D5EE6EEE039360524A8A47DBEE1514736E929DEE89DDED38F820EE1A9D70834F2368CE65A595BEC77E957D5E78D5538FDA1DBC0DFCD941EEE4D';  
  i(13) := 'CBD0EA1044E288A222202222022220D6692D961D21B1D55AAA5EE8E3A86805ED0096E0820EFED0BA041A94B609335177AD7B3FA636319E3BD110774D12D11B5E89524F4F6A13113C9CA4AF9A4DA738E303A87829A6976ADB48AB748AB6BA823A49A0A99D';  
  i(14) := 'F2B713ECB9A09CE08701E194441D87579AB67D86E02F177A80FAE667918A17E591ED3483B471CE3BFB876AA422202222022220FFD9';  
  l_blob := varchar2_to_blob(i);  
  INSERT INTO demo_product_info (product_id, product_name, product_description, category,product_avail, list_price, product_image, mimetype, filename, image_last_update, tags)  
      VALUES(2, 'Trousers', 'Black trousers suitable for every business man', 'Mens', 'Y', 80, l_blob,'image/jpeg','pants.jpg',systimestamp,'Top seller');  
  -- Table: DEMO_PRODUCT_INFO - Product 3  
  i := j;  
  i(1)  := 'FFD8FFE000104A46494600010100000100010000FFDB00840009060614120D1513131413131216141319111815111015121917131016191C151714181B281E23192F1F18141F302025332C2E2C2C151E3135312A35262B2D2B01090A0A0505050D05050D';  
  i(2)  := '291812182929292929292929292929292929292929292929292929292929292929292929292929292929292929292929292929292929FFC00011080068006803012200021101031101FFC4001C0001000203010101000000000000000000000708030406';  
  i(3)  := '050201FFC400351000010401010505060505010000000000010002031104210506071261223151819113144171A1C123324392B142647293A233FFC40014010100000000000000000000000000000000FFC4001411010000000000000000000000000000';  
  i(4)  := '0000FFDA000C03010002110311003F009C511101111011110112D1011110111101111011110111783BF596E8B6564BD8E2C7888F2B81A20920687C7541A5BC9C4AC4C371612E9651A164601A3E0E71340F4D4F4514EF8F1632725CCF60E7E2B1A6F96391';  
  i(5)  := 'DCCEB03F3BC575D171D24C4AD3BB76A83AB3BFF9FC95EF330EFD7DAB89A23AEB6BDFDC8E2BC98D23D99B24D910BAB90E8F9186CDEAE365BD2FE4A3FBD3C96A4F26B682D26EFEF9E266FF00E1287380B2C702C900F1E576A4751617B6AA7ECCCF7C523648';  
  i(6)  := 'DC58F69B6B9A688215A6D959264C68A4356F8E371AEEB730135EA8369111011110111101729C5198376264DE96D601D4BA660A5D5A8DB8E79FCBB3E28EF592606BC446C77D2DCCFA2083DC7BD602F5FBA97BA8121ADED1AD06A059F335E6B137BD0666CD';  
  i(7)  := 'A57A2C6C1657E35A49F8681656328A0CC0D05677727239F64E23BBEF1E2FF98C0FB2AB934BDB68E97EA558AE10ED0126C689A3BE27491BBE7CE5E2BA53DA83B4444404444044440506F1CB69876D08E30EE61143AB41069D23C937D794314E45560DFBC8';  
  i(8)  := 'F69B5B2DE5BFAF2015A68C7726BFB50696CBC6BC0CD97E03DD1BD2DF90E35E8C5E3C2755D5ECF84B777326420812E763B584F71F6513DC6BE56E5CB3020C910EF3D7EC17D386ABE623A1F9EBE817EFB3B283676B6CCE4871721BF9656CCC759FD482675E';  
  i(9)  := '9E1C8F8BEAA46E06EDD7372DF8C4FE1CAC2F68B341F1D6A0756DDFF88F05C7E4623A4D881C0170C6CCED559A66542059F06F3C4DF37AD8E1965166D9C53757272FEF639B5F541659111011110111100AABFBE7D9DAB983FB99FEB2B8FDD5A05136D5E104';  
  i(10) := 'F93B4B22674B1450C92B9CDA0E7C946BFA680BF341CE6F8B9B1EEE6CA89BA07B1F2B878B8B4127D6477AA8EED485C5E8C43362E1B5C5CCC7C46004D5DB9CE166B4BA635472F7A0FA8C9D7E67ECB235DAAD780F67CCFF000164E641DBEE8D3F62ED66135F';  
  i(11) := '818EF1F1D6395EEFE43479AF1772EC6D3C4D35F79C7AFF007B175BC0DC664B939714AD6BE37E3B439AE16D2D12EB63CD762383D1C5B460C9C690B6264CC7BE292DD41A6FF0DFDFDE068EF54123A22202222022220222208B7899C2D9B3324E563BDAE716';  
  i(12) := '35AF8DE794F60502C777791AF9EAA28DA9B859F09224C49FE6D8CC8DFDD1D856A51055B878759DEE2FCA38F20635CD1CA58E1316906E411D73728ECEBD6FB812B1ECEDC7CE9B56624E47898CB1BEAFA0AD42208B3847C3DCAC2C8972324363E78BD9B181';  
  i(13) := 'E1CFD5ED7173B97B23F2D55FC7E0A534440444404444044440444404444044440444404444044441FFD9';  
  l_blob := varchar2_to_blob(i);  
  INSERT INTO demo_product_info (product_id, product_name, product_description, category,product_avail, list_price, product_image, mimetype, filename, image_last_update, tags)  
      VALUES(3, 'Jacket', 'Fully lined jacket which is both professional and extremely comfortable to wear', 'Mens', 'Y', 150, l_blob,'image/jpeg','jacket.jpg',systimestamp,null);  
  -- Table: DEMO_PRODUCT_INFO - Product 4  
  i := j;  
  i(1)  := 'FFD8FFE000104A46494600010100000100010000FFDB0084000906061010101512131215141316151214171614181A1417171719161815181C1A121720261F172525191713212F202428292C2D2C171E3135302A3529372C2901090A0A0E0C0E190F0F1A';  
  i(2)  := '2C241E222D2A2D2F2C3535352C352E2D2F2934292929352B2A2B3535352A2C29292C2A342D2C29342C2D2C2C2C2C292C2C342C2C352CFFC00011080068006803012200021101031101FFC4001C0001000203000300000000000000000000000607030405';  
  i(3)  := '010208FFC4003710000103020304060806030000000000000100021103041221310741517105061361A1C122233242728191B11492A2A3B2D1526282FFC4001A010100020301000000000000000000000000030602040501FFC400271100020202020003';  
  i(4)  := '090000000000000000000102030411051221314113224251618191E1F0FFDA000C03010002110311003F00BC5111004444011141FAC1B55B6B5B936EDA6EAA5BED39AE01A1D3184647111067E8BCDE892BAA76BD416C9C22AEAA6D928013F877FE613E22';  
  i(5)  := '254CBA03AC142F688AD45D2D3A83939A6261CDDC5134CCEDC6B6A5B9C7474D1117A40111100444401111005C3E9DEB8DA599C351E4BE27031A5EE83A4C64D983A90BB657CFDD2DD2A6ADCD4AC7DAA952A3A383412D689F85AD1F258C9E8DEC1C659136A4';  
  i(6)  := 'FC1124EB46D66E1CC70A34FB1A64118DDE95523491193350273EE2A056142BBDA5CF034903780738E3BF7AE81AA5D2665A72EF1CD65B7799D00CA26758EE50B932D3461D54BF70E50E44F70D4ACDD03D64BCB0AC1C3D597000080585B3935EDEEDC7519F';  
  i(7)  := '195BF6B4435F53862007289F3F058AF28626E1DE41FAEE45226BA88DB1D48B2BA2F6B54B26DCD1753397A74FD630EE397B4DCFE2E6A776B74CAAC6D4638398E01CD70D082A84B6A62A31BC3D1EF22449F35676CDAEBD53E8C9863839B3B83B51F513FF00';  
  i(8)  := '4B38CF6F4CE0721C742A83B6BFC133444529C108888022220305FDD0A549F50890C63DF1C7082EF25F33BEB132749CE3C4F8AFA33ACD6B56AD9D7A5440351F49EC6C9812E1875E44AA3BA5FA917F6F4DCE7DB54710DD698ED47EDCC6BC372C2475F8D946';  
  i(9)  := '3DB6F4CF4A00B9808C21AE683DFDFE2BDC320653C6777D1712C6EF0B58D20E33220FBB2E20E474D4A945D570D69F467700B5DAD168AAC528ED1A93C0CCC67A2C8FA1886872D0C792F177488C21870983A18CF285B02BBC522E3ED0827CD784DB39D60C75';  
  i(10) := '3AC448C265E3B88D72E4E2A7BB3CBD06EC86990EA6F197169698F979AAE9B56E2E6E0368D17D47B2A104526927B39D491ECE8333C558DD5DEA5DF50BBA35C06D3A6D3EB18F7CB9C1C0830D6820113C46614B18BDA672B3AFAFD8CE0DADFC8B291114E53C';  
  i(11) := '222200888802222028DDA7D916F4D623A3E95178F94B3EED586A36699E454C76B960C9B6AF3E98754A51C5A407EBDC5BFACA81DDDC3832018DC56BD9E65BF8B96F1D337A98070F2FE97B5564D3A83FD4FF006B0503EC99990392DCA6062238823C14475B';  
  i(12) := 'D0E9EC72CCFE32F2A6EECEDC7CDF2E3FC55B4141F6516EC6DBD53EF9AB0EE4D680DFBB94E56DC7C8A3E7BDE44C2222C8D208888022220088BC140553B55E95C7774E8839526623F13E0F835ADFCCA1784B839DBA16CF58EEFB6BCB8A9C6AD48F85AE2C1F';  
  i(13) := 'A405AF484D277082B5E4FC4B9E157D298C7E86D3D863271D32E208EF596C6F7161275DEB568BE1E1A4983946FDDC744AB43B27EB91321466FEFD49FECE2F705C56A07DF870E627C89FA2B182A8FABF5B0DD51AA379603C89C3F6255B816C56F68AAF2F57';  
  i(14) := '4BFB2F897E8222290E38444401111005E095E57822501F383BD22493AB9C4FCCCAF5AD5096963781FB2B96E7661D1EF74863E9F731E437E4D7481C864B09D93F479D7B523876900F380A1E8CB24394A5475A65436D544B49DD9C9D4F32BB97943188CB16';  
  i(15) := 'A2558CCD96F470F71F1FE38CC7DA7C56C376756000182A40F67D63FD1E466578EB6C9A3CC511F069FF007DCAEFA1AA10583396BDBFC82BA82E359F53ACE910452920C82F739F9F18263C17682CE11EA72391CC8654A2E09AD0444521CC08888022220088';  
  i(16) := '8802222008888022220088880222203FFFD9';  
  l_blob := varchar2_to_blob(i);        
  INSERT INTO demo_product_info (product_id, product_name, product_description, category,product_avail, list_price, product_image, mimetype, filename, image_last_update, tags)  
      VALUES(4, 'Blouse', 'Silk blouse ideal for all business women', 'Womens', 'Y', 60, l_blob,'image/jpeg','blouse.jpg',systimestamp,null);  
  -- Table: DEMO_PRODUCT_INFO - Product 5  
  i := j;  
  i(1)  := 'FFD8FFE000104A46494600010100000100010000FFDB004300090607080706090807080A0A090B0D160F0D0C0C0D1B14151016201D2222201D1F1F2428342C242631271F1F2D3D2D3135373A3A3A232B3F443F384334393A37FFDB0043010A0A0A0D0C0D';  
  i(2)  := '1A0F0F1A37251F253737373737373737373737373737373737373737373737373737373737373737373737373737373737373737373737373737FFC00011080068006803012200021101031101FFC4001C00000104030100000000000000000000000002';  
  i(3)  := '03070801040506FFC4003C100001030203020A0803090000000000000100020304110506210731121314617182A1B1C1C222324151728191D2335292424554738394A2B2D1FFC40014010100000000000000000000000000000000FFC400141101000000';  
  i(4)  := '00000000000000000000000000FFDA000C03010002110311003F009C508420179BC633B60D83626FC3EBE49992B1AD7173622E68B8B8DDAF62F48ABBED0AB5D579BB1491AE04366318E8600DF04131479FB2C49FBD58CF8E37B7BDAB6E3CDD9724F571BA';  
  i(5)  := '0EB4ED1DEAB63A57FB7BD20CEFE7FAA0B3273565E1BF1CC3BFB967FD4D3F38E5B60BBB1CA03F0CC0F72AD3CA1C3DFF00558E3DF6B0EF4162E6DA1656886B8AB5FF00CB89EEEE6A5E0F9EB03C67128B0FA09667CD28716F0A12D1A024EA7982AE8C91C5BA';  
  i(6)  := '903E6BB993AB8D0E67C2EA4BF82D654B0388FCA4F04F61282CAA10840210840210840DD44AD8209267FAB1B4B8F40175576BA674F5124CF37748E2F71E726E558CCE953C932A62B28363C99ED1D2E1C11DEAB74C7D22835DE9052DC9B28125BEE40D12BD';  
  i(7)  := '8B0832D3AAD984906ED363EC3CEB5427E2DE82D2E0F58310C268AB01BF1F0324FAB415B8BC9ECB6AF9564AA104DDD097C27AAE36EC217AC40210840210841E3B6AF51C464E9D80DB8E963676F0BCAA0294EAA69DB55470306A082FF89505FF00A5A47994';  
  i(8)  := '2B26F40D9DE9B725949720C0DCB077AC8DC90E3AA0504F446C994E30A09BB62753C66055D4C4EB1557087439A3C5A548CA21D86D4DABB14A527D7863900F8491E60A5E40210840210841126DB6A2F5B86D37E485EF3D62079545321520ED86A38DCD463B';  
  i(9)  := 'FE153C6DEF779947B2A045D61601438A049364D9372B2F49BA07014E34EA99BA5B5C8241D8ED518338C71DF49E9E48FB03BCAA7855B367F55C97386132DEC0D43584F33BD1F32B2680421080421082BDED2AA394670C4DD7D1B2060EAB40F05E4252BB59';  
  i(10) := 'AAA795660C4A606E1F552B874708AE1C9B90360A1C74491BD04E8812E29008BACBB7240DE81C26C02530A6DC74012A3D107470D9CD3564150D363148D907C883E0AD5B1C1EC6BDA6E1C2E3A154C8BD603DEAD0E57A8E5796F0BA8BDCC949113D3C11741D';  
  i(11) := '44210804D554A20A696676E8D85E7E42E9D5C7CDF3F27CAD8B4B7B114920079CB48F1415B2A1C6491CF76F71B95AB22DE923209D345AAE8CD906B5B5582344F18CAC7166DA20D770D124356C188958E28A060EAEE64B60D53BC494A1111B9011FAC158CD';  
  i(12) := '9854728C91869BDCC6D7C67AAF70EEB2AEEC88837B153BEC6DE5D949EC274655C807410D3E283DDA1084024C91B2563992B1AF63858B5C2E0FC90841C2C4325E5DC42E67C2A06B8FED420C47FC6CB8D36CB32E48EBB456463DCD9EE3B41421032ED9365E';  
  i(13) := '3BA7C407F559F6A6CEC8F02FE3310FD71FD8842049D90E097D2BF10FAC7F6A50D91E0237D66207AF1FD8842075BB27CBA37CB5EEE999BE0D5B94FB33CAF08F4E8E698FBE4A87F8108420E952E4BCB74AE0E8B06A4E10D417B387FED75DD631B1B0323686';  
  i(14) := 'B4681AD16010840A421083FFD9';  
  l_blob := varchar2_to_blob(i);     
  INSERT INTO demo_product_info (product_id, product_name, product_description, category,product_avail, list_price, product_image, mimetype, filename, image_last_update, tags)  
      VALUES(5, 'Skirt', 'Wrinkle free skirt', 'Womens', 'Y', 80,l_blob,'image/jpeg','skirt.jpg',systimestamp,null);  
  -- Table: DEMO_PRODUCT_INFO - Product 6  
  i := j;  
  i(1)  := 'FFD8FFE000104A46494600010100000100010000FFDB0084000906061410101214121216151516141614181713141A1816141C141815151516151B1C1C26212320231F1E131F2F2C2F27292C2C2F161F3135303635282D2C2A01090A0A0505050D05050D';  
  i(2)  := '291812182929292929292929292929292929292929292929292929292929292929292929292929292929292929292929292929292929FFC00011080068006803012200021101031101FFC4001C0001000202030100000000000000000000000607050801';  
  i(3)  := '030402FFC4003D10000103020207040607090100000000000100020304110521060712314151712261819113233242A1B1145262C1D2E1F0243344547282B2C2D143FFC40014010100000000000000000000000000000000FFC400141101000000000000';  
  i(4)  := '00000000000000000000FFDA000C03010002110311003F00BC51110111101111011110111101111011110140F583A78EA3F57016FA40369C5C2E1BC436DCF8F9298E295ED82192476E6349EBC8789B0F15AF98BE206A2491CF372F2E24F3BE6505ABA05A';  
  i(5)  := 'CA662168A4D964F6BD87B3201BF66FB9C3336CF2CC1DF69C02B50A96B1D04B76B8B5CC75C106C4169B823C6C56C46ADF4FDB88C5B32102A236F6DA32DB1BBD2307CC7027910826C8888088880888808888088882BFD6D62A590C7103ED12F7746E4D1E64';  
  i(6)  := '9FED54CBA5ED2B335BAEF5EDEE89B6F372AB2475B3418CC5E2ED0773C8F51F97C9756178D4B49511CD0BCB5EC21C08F88238822E08E457BE46FA46969F0EE3C160DF11B9B8B20DAED04D358F14A612B2CD7B6CD963BE71BBF09DE0FDE0A922D4AD0ED289';  
  i(7)  := '70DA96CF11B8DCF65FB32378B4FCC1E0405B47A3F8F455B4F1CF0BB698F1C77B48F69AE1C083914192444404444044440444410ED6268D7D2610F68ED301BF7B7F254562942F89C438640FEAEB691CCB8B1556E99E0F1898B0D838E6D07DE0791E07AE5D';  
  i(8)  := '37A0A4A69B657B288B26F686FC89E20F023F5CD7AF1EC00B412D19663A11BC77151FC2EB0C3280ECC6E2398E36F9F820CA55612633CC70206F521D5D69BBF0AA8B3EE69E42048DFABC048D1CC7C465CADDEEA5CAD7BB1D623967B9C147714A32D26F641B';  
  i(9)  := '554954D958D7B1C1CD700E6B9A6E1C08B820AEE5436A9358BF4478A4A97FA97BBD5B9C7289C7813F549F239EEBABE1A5072888808888088880AB8D679D99E99DD07992D3F3563AADF5B86C694FDAFF0076A0C1CBA28F9E9E69E21B45993E203F78DB5DC5';  
  i(10) := '9F6DB911CF31C55618BE12369AF6EEC9C08DC415B1FA0B1FECA4F391C7C834281EB2F43442E74D10F5523892D0328DE45DC07D97E67B883CC208668A5689186171CDA2EDBF2E5E17F885D7A47426DB43DDDFD387928E42F7472ED372734DC594D61C4595';  
  i(11) := '515F739B9381E1CC1EA82BD94E7FAC95C1AA8D6B36CCA3AB7804766295C72EE63CFC8F0DDD2B0D20C3FD11ECFB27E1DC5606F641BA60AE56B7686EB9AAA89A23947D2221900F367B4726BB9771BABB343B4F69F138F6A2DA63AF62C900072B5F64836210';  
  i(12) := '4951110111101569AE007F67205C037F27372BEEE0ACB5F2F8C11622FD73411DD01976A8C1D923B6EB6D0B5F71B8EECFE0B2D8D6182A6092277BED201FAA77B5C3A1B1F05ED01728356B48680C1507686C9CC11C9CD243879DFC9634BDF1BB6E3716B871';  
  i(13) := '1C7B8F30AE1D6A68697174EC1D9766E23DC70CB68F7385BC41E6AAA9E89C066DBF7B730507C9C484E3B6D0D76E3B2323D415D35182C4FCC12C3F6736F913971E2B0F575258E22C4750BE63C71C3864833B4B81C6CB5C17FF0051ECF90FFAA59875596869';  
  i(14) := '63B64B7D92DCB67A5940E2D261EF34AC8D2E95C4398EA105E1A3BAC4C832A8777A41C7AA9D53D4B6468731C1C0EE2372D68A7D2F86D62F1E2A41A3FAC2FA3BEF14991DED26ED77820BF1160F4634AE2AF66D466CE1ED32F9B7BC73088338888808888387';  
  i(15) := '36EB0788683514F732534773C58360F9B6C88823188EA4A924BFA392688F2DA6C8DF27B49F8A8F566A1A41FBAAA89DDD2425BF16B8FC9110626A35215A3DDA67F491C3FC98BC6ED4A56FF2D1F84CCFC972883ACEA3EACFF0C3C2767E25CB3515567FF168';  
  i(16) := 'EB3B7EE251104FF56BAB0930C99D2C92373616FA3639CE19DB371361E43C511107FFD9';  
  l_blob := varchar2_to_blob(i);      
  INSERT INTO demo_product_info (product_id, product_name, product_description, category,product_avail, list_price, product_image, mimetype, filename, image_last_update, tags)  
      VALUES(6, 'Ladies Shoes', 'Low heel and cushioned interior for comfort and style in simple yet elegant shoes', 'Womens', 'Y', 120, l_blob,'image/jpeg','heels.jpg',systimestamp,null);  
  -- Table: DEMO_PRODUCT_INFO - Product 7  
  i := j;  
  i(1)  := 'FFD8FFE000104A46494600010100000100010000FFDB004300090607080706090807080A0A090B0D160F0D0C0C0D1B14151016201D2222201D1F1F2428342C242631271F1F2D3D2D3135373A3A3A232B3F443F384334393A37FFDB0043010A0A0A0D0C0D';  
  i(2)  := '1A0F0F1A37251F253737373737373737373737373737373737373737373737373737373737373737373737373737373737373737373737373737FFC00011080068006803012200021101031101FFC4001C00010002030101010000000000000000000005';  
  i(3)  := '07040608020301FFC400381000010303020404050204060300000000010203040005110621123141510713617114224281913252152362A12453637282D1A2B1F0FFC4001501010100000000000000000000000000000001FFC400141101000000000000';  
  i(4)  := '00000000000000000000FFDA000C03010002110311003F00BC694A502A3EF979816280B9B749096194EC33B951EC91CC9F4159921E6E3B0E3CF2C21B6D254B52B92401924D7366B5D452F545E152DDE311C12988C7F968276DBF72B627D76E82836CD43E';  
  i(5)  := '30CF7D6A6EC515B8AD720EBE02DC3EB8FD23FF002AD51EF10F55B8E719BDC849CE7094A123F01352965F0C6E72A22A7DF64B3658294F1295277584F729C809FF009107D2A22F0CE8C8414CDB9DBC5CDD1B79C5C6E3B5EE3282A3F81EF41296AF15F53C25';  
  i(6)  := 'A7E2643139B1CD2FB4013FF2460FE73568E8EF11ED3A95C44573306E0AE4C3AAC870FF0042BAFB1C1F4AE715A92164A028273B027247DF033F8AF685F25209041C820E08A0EBFA5555A07C5186AB6B70F54CA2D4969410996B4929713D0AC8E479824EC7';  
  i(7)  := '19CE4D5A2C3ED48650F47710EB4B1C485A1414950EE08E741F4A52940A52940A52941A9F8A52171F43DC036A292F16D824765B894ABFB13505E186908ED369BFCF682DF7093112A1B348E5C7EE7A1E83DEA7BC52643FA12EA8512308429247421C491FDC';  
  i(8)  := '57AD03A921DF74D32EB45B6DE88D25A92C0DBCB2918C81FB48191F8E60D055DE31EA67AE77D72CEC2CA6040504AD20ECE3D8C927FDB9007AE4F6AD023449535DF2A1C77A439FB196D4B57E003562F87F62B56B2D557E9376794EF95294FA2303C21D4AD4';  
  i(9)  := '77279E0600C0EE3DAAEC83062DBE3A63C18CCC7653FA5B6501091F6141CCADE84D54F27891609D8FEA4041FC2883587334CDFADC92B99669ECA0735AA3AB847DC0C5756E053141C8C405455BA9C6C7814074CEE3FF005531A335A5D348CC4AA2AD4F4052';  
  i(10) := 'B2F425ABE457729FDAAF51F7CD6F5E369B6AAEB6D851E2B0998E381729E6D094AD4951C2524F5E4A3BF2DBBD6ADAE7C3D9FA55DF3D2AF8BB6AD5C289094E0A09E4163A1EC46C7D0ED41D0563BB44BE5AA3DCADEE7991DF4712491823A1047420E411DC56';  
  i(11) := '7D541E05CF71A7A7DA1649696D894D8FDA73C0AFCFC9F8AB7E814A52814A528237525B05E6C53ADDC5C26432A42547E957D27F38AE6885367D8AE725A0A7A2C81C6C3C1270A4F45248E447A1EC08E86BAA6B41F113C3C6751955CADA50C5D529C2B8B644';  
  i(12) := '8039057657657D8F42029AD33709BA5EFF001AF36FFF0012D20F0BCDA0E0B8D1C71248E9D083DC0AE97B55CA25DADECCE80F25D8EF24292A1EBD08E87B8E95CBF3A14BB5CD7624D65C8F259570AD0AD8A4F3E9E841C8EF5F045DA75B9F0F4194F4774F35';  
  i(13) := 'B2B2851F729C6683ACEA27545FE1E9BB3BD719CA1C28D9B6F382E2CF248FFBE8013D2B9FE1789FAB22A0245D14E8FF0059A42CFE48CFF7AC0D45AAE6EA87D976F8E38EF929E16DB688420773C38E67A9F4141F37E64CD51AB6338F28A9E992D0949DC6EA';  
  i(14) := '524647618C63B003B57466ADBB592DD6A7DABF38DA997DB524C6FD4B781E894F3FBF21DC5739C290CC490DCA88D3A87DB3C4DBA5F21493DC70E2BD4B96F3E56E38AF995BA959DD5EE4EE7EF41657821143970BC5C30A094A1B6194A8E4A504A95BFAEC33';  
  i(15) := '56ED695E13D8E459B4D71CC6CB4FCC73CE2DA861484E004823BEC4E3A66B75A05294A05294A05294A0ABBC66D28A99153A82DE83E7C64F0CB4A47EB687257BA77FB1F4AA8176DF8948217C0A1CF6C8AEAF5A429252A00823041EB5CEBA8D36987A9E6C1B';  
  i(16) := '3B9C7110E14B791F2A55F52127A849D81F4237C6486A122D3263E0E50B4138E249D87BE6BE8DDA25A802128238B03857C5939C606399CED5B260293C2B190AE7BF3A92D1326DF68D4911DBCA95F02824B2E1C70B2E7D2A5FA0DFD8E0F21B4548DAFC22BE';  
  i(17) := '3A10674B851527984953AA1F6C01FDEB7ED33E1D59AC6EA24B8173A5A082975F038507BA503607D4E4FAD6E092140149C83C88AFDAA85294A05294A05294A052958777B946B45B24DC26AF823C76CAD6473C0E83B93C80EE68350F153569B0DAC5BE03BC';  
  i(18) := '3739A9212A49DD86F929CF7E89F5DFA550120FC9C29CA427F4E3E9C72A97BFDDE4DF2ED2AE737679F56423390DA07E940F403F2727AD43A905C74253939EDBD153167B8194DF03DF2BA9C8CE3F57B7AD4AFF000D7E4595FBA17984456E488BE5F998754B';  
  i(19) := '201C84E318DF3B9E84F4AB4346787F0A1E915C1BB470A933807241070A688DD0127A14E739EE4F4AADF51D8DDD37777624A5A1C570F1B6E8C0E341C80A23A72208F7C6D8A827344F882AD36D356BBD87245BF931211BA981FB4A7994F6C72DC0C8C01724';  
  i(20) := '394C4E8AD4A88EA1E61D485B6E20E4281EA2B951FB8625F98CA12AC0FA86C7D48AB07C2DD692ED2C26D52E3AE4C4528B8D96C7F319493F3AB840DD3939C6C79E33CAAA2F0A57869C43CDA5C69695A160292A49C8503C883DABDD0294A50294A502A9AF1A';  
  i(21) := '7537C44C6F4F4458F2A390F4C20F35F3423EC3E63EA53DAACAD657E469BD3D2AE4A485B88012CB67EB715B247B6773E80D7324B79F9121D7E438A71F75656EAD5CD4A27249FB9A0FC52F35677849A3152A5A2F7716BF90C2B8994ABEB70723EC9E7FEEC7';  
  i(22) := 'ED35AD787BA45FD4B754970291099214F383B761EA7FFB95744C58CCC48EDC78CDA5B69B484A109E400A0FAD69DADB4041D52EA257C4390E5A5210A75090B0B48E40A491B8CEC41FCED8DC6941CC8CE96B833A997654B28952DB7BCBF2D2ACA5C2372A51';  
  i(23) := '1FA5183939DFA73ABBB49586169990F452C244996028C8E227CCC0DD033C80DC81FF0059397FC21367BDCCBD436CBBF19C3F14D0402A0075475CF529EBEE003273586AED6ECC77C0E24F1B1211BF02BE950EFBD061292BB0B8A71B495DAD64A96DA464C6';  
  i(24) := '2772A48EA8EA47D3CC6D90269B5A5C4256DA8290A00A54939041EA2A2ED53E44982D7F106C4696DA0194927E549190483D8F0939E83D6B2AD51DA8D0D2861050D152968472090A513803A0DF974E541994A52814A52830EED6C877782E42B8309798739A';  
  i(25) := '4F4239107A11DEAABBD784D304F6CDAA434F445AF07CF570ADA1F61850FC1F4A5282CDD3D658B61B5B5061A70840CA958C15ABA935274A50294A507E1008C1E551E2118921C7A338A432EE4B8D04F10E2FDC07427AF43CF9E495283CB514497788B3E547';  
  i(26) := '18C85270B788E455D703B1DC9E7B7393A52814A5283FFFD9';  
  l_blob := varchar2_to_blob(i);  
  INSERT INTO demo_product_info (product_id, product_name, product_description, category,product_avail, list_price, product_image, mimetype, filename, image_last_update, tags)  
      VALUES(7, 'Belt', 'Leather belt', 'Accessories', 'Y', 30, l_blob,'image/jpeg','belt.jpg',systimestamp,null);  
  -- Table: DEMO_PRODUCT_INFO - Product 8  
  i := j;  
  i(1)  := 'FFD8FFE000104A46494600010100000100010000FFDB0084000906061412111514131415131316151B151716171814181512181A1815141B1C1E161A1C261E1819241914161F2F20232A292C2C2F171E3135302A35262B2C2901090A0A0E0C0E170F0F17';  
  i(2)  := '2C1C1C1C2C2C342C292929292929292C2C2C2C2C2C2C29292929292929292C2C292C292929292C292C29292C2C292929292C35292C29FFC00011080068006803012200021101031101FFC4001C0000010501010100000000000000000000000304060708';  
  i(3)  := '050201FFC40046100001030203040507060B09000000000001000203041105214106071231135161718122425291A1B1D114233293A2C11517435462637292B2D3F0162453647382A3C2D2FFC400160101010100000000000000000000000000000102FF';  
  i(4)  := 'C400191101010100030000000000000000000000000111213141FFDA000C03010002110311003F00BC5789A60C6971E4D049EE02E57B4C31E9B8296777A30C8EF531C7EE4113A2DF561B21B748F60D1CE8DDC27C5B7B78D97521DE661AEE55910FDA25BF';  
  i(5)  := 'C402CD94381C5281F49B90BD8DFDE14830BC368A21F3D46EAA1E936A658C91DAD02C7C08545F876F70FF00CF69BEB59F15F59B7340795653FD633E2A9E6E278735A4438231C7AE698BADE243DDEE509C7A0964771474915330694C5FEDE279B9F00A2B4D';  
  i(6)  := '9DB2A2FCEA0FAC6FC528CDABA33CAAA0FAD8FE2B28C523864E9DCD3D52464FC57D329D2584FF00B2C7F855C46B11B454D7B7CA20BFFAB1FF00E97C7ED2D28C8D4C008D3A58EFEABACC786C14EF67CF4B58E7E8DA786011839FE51F25CE9E68F14DDDB2A6';  
  i(7)  := '491C58E9238BCDE91C1EF03B4B4347A87AD06963B7F41D23221531BA491E23635A788B9CE3C20642DCCA902CC7B25B32D8710A325E5EFF009543C8587D369E67DCB4E05142108440B89B6D2F0E1D567FCB4BED8DC3EF5DB518DE6CFC184D59FD491FBC43';  
  i(8)  := '7EF419DE9CBA2601C1F481B125A01B5AFAE5CC7AD23F87C8C88B5B4BA5057F14638B87C9BF55FD7D592468AAF879B1A7BC2AA5A3DA72340BD9DA4CCD80CF4CF2F6250BDA73E065FB8251D4CC78B88D808D2D9140D7FB400F300FB7DE1291E3510F31BEA1';  
  i(9)  := '97B126E8870348863CC751CFDB9242091872E8197EBCFE283A916D3B75B04A3B69A2E77CD730D3869CE08DC3BDD7F7A467E0360210DF177C532096ECF4FD257D1DB3FEF515CD9E39383B50068B450599F09DB110D4529783D0C52B5C7845DFE4E595F99C';  
  i(10) := 'FDAB4950D63658D9230DD8F687B4D88BB5C0381B1CC64543C2E8421102AC77CFB4AE6D2CB4CD85EE6BBA3E965360C602EE36B46772E3D19F515672A3F7D78D033BA9D84969E8BA5F45AF6F191E6E4EB39BCCF9DCB552AC560D8C3B88736DEE0256E2E99B';  
  i(11) := '64B725EC3C95A0F2C4794DD74EA4AC789581EBB1F726AC9085F248C104806E02A3AD455CC735A350125554FAB466B90C8C8B1053B6E22F1CD40E63AA3A85E2595A73D5349B102ED2C5367D41B141D8D89A26546274B0CAD0F8DF210E69E4E1C2E247B15E';  
  i(12) := '3B19B42E8AA64A09448F6B669194F396D9B270B448E61232E30093965D8059533BA8F2B19A3EC738FAA294AB77656432E335ADCCC74D248F06DE7CE218F2CF9010483BC958B39D6A75CAC64210B4C059837BE0B719AB00901DD1B8804D8FCCC5CC6BC8AD';  
  i(13) := '3EB386FAA90B7187B88CA48A3703D766F07BD85042298129CC51A4A38C8E495634AD2968E1CF34EE3918D06FCB84F8260E04F5F82F0EA736E45076592C190245D7A73A1B5B22B8DF213E89F7AF0EA6B6847AD4C0F6AA9A3232365C7A88ED9258C2742937';  
  i(14) := 'B0EAA8956E5A3BE334FDD29FF8645696E71DD2CB8A5569356900F586F1B87B250AA2DDD55982AA59B97434953203D44445ADFB4E03C55EDBA2D9F7D261913246F048F2E95E0F305C6C2FDBC0D6ACA266842100A0DBD5D82FC214E1F101F2986E63FD634E';  
  i(15) := '6E8C9EDB022FA8ED2A7284198309ABA2638475B47302D3C2F7C7348D7B48C8DE176BD6010AD7C3374F85D444D9617CCF8DE2ED736677B88C88E441CC275BCEDDEB6B2333C2D1F2A60BD87E5DA3CD3D6F03E89F0E445A07BA9DAE34B58DA671F99A8706D8';  
  i(16) := 'F9921C9AE034B9B34F78EA544DDFB8EA13C9F523BA469F7B0A4BF11547FE3557EF45FCB5642134571F88CA4D2A2AC773A1FE5A6357B8B1F92AD947648C6BC7D92D56AA14148546E2EAC5F867A77F789597FB2E5CAAADCD622DE51C527EC4ADFF00BF0AD0';  
  i(17) := '8B9BB43B4115153BE799D663472F39EED1AD1AB89FEACAE8CEB0EC45532B22A49A3313AA0B5A47131C7A1E36979F21C6C2CC3CFD12B4DB459561BB085F5D53362738F2892C8FA9B95886F635966DF52E72B41281084280421080545EF6B64CD25632B211';  
  i(18) := 'C31CAF0E36E51CC0F178715B887687762BD133C5F098EA617C32B7898F162351A820E841CC1409E038BB6AA9E399BC9ED048F45DC9C3C1D71E0BA0AB1C322A8C124735E1D3D03DD7E91A2E62D2EE68FA26D607CD361620E4AC7A2AE64CC6C91B9AF6385C';  
  i(19) := '39A6E0FF005D4817422EA05B73BD982883A386D5153CB85A7C88CFE9B86BFA233EE4123DA9DADA7C3E132CEFB68D60CDF21EA6B75EFE435547B66ACDA5AE0338A9A33736B98E9D87D8F95D6CBAFB00C9CE0FBBCC43199FE535CF7C309F39C2CF7379F0C5';  
  i(20) := '11FA2DED396B672BBF00D9F868E16C34EC0C8DBEB71D5CE773738F59452D846151D342C8626F0C71B785A35EF27524DC93D653C42110210840210840210841F085C49F63E024BA2E9299EECCBA9DEE8B88F5960F21C7B4B4A10819D5EC13651C32D65748';  
  i(21) := 'D3CDA660D69EF0C636E97C1B602869487454ECE31C9EEBBDC3B8B89E1F0B2108242842100842100842107FFFD9';  
  l_blob := varchar2_to_blob(i);  
  INSERT INTO demo_product_info (product_id, product_name, product_description, category,product_avail, list_price, product_image, mimetype, filename, image_last_update, tags)  
      VALUES(8, 'Bag', 'Unisex bag suitable for carrying laptops with room for many additional items', 'Accessories', 'Y', 125, l_blob,'image/jpeg','bag.jpg',systimestamp,null);  
  -- Table: DEMO_PRODUCT_INFO - Product 9  
  i := j;  
  i(1)  := 'FFD8FFE000104A46494600010100000100010000FFDB004300090607080706090807080A0A090B0D160F0D0C0C0D1B14151016201D2222201D1F1F2428342C242631271F1F2D3D2D3135373A3A3A232B3F443F384334393A37FFDB0043010A0A0A0D0C0D';  
  i(2)  := '1A0F0F1A37251F253737373737373737373737373737373737373737373737373737373737373737373737373737373737373737373737373737FFC00011080068006803012200021101031101FFC4001C00010001050101000000000000000000000007';  
  i(3)  := '02030406080501FFC4003A100001030203060305050803000000000001000203041105213106071251617141819113142223A1324252B1C115173343445372D16284C2FFC40017010101010100000000000000000000000000010203FFC4001911010101';  
  i(4)  := '01010100000000000000000000000102112212FFDA000C03010002110311003F009C5111011110111101111011110111101111079BB458C418060B5589D502E8E065C301B17B89B35A3A9240F3518D0EF271B967E29AA30E6B0E7EC8D23C37B077B4BF9D';  
  i(5)  := 'BCBC16C5BE2783B38223A125DDCE83E8E77A28222A82D3C2F272D1CB1B9AE796F1F3DF4E82C33783452B47ED3A596972CE68499E2F568E21E6D03AADA30FC4E871288CB875653D5463574128781E85734D2E2660B7CE196963A7EAB22BB6864AC6362643';  
  i(6)  := '097DACEA99226BA4B726B88B8EFAF2B6AB18DEEDE58DEF1893B2A64C6F797826175BEEB1B67ACE13F364A70D2D676248E2F2CBADF259DB1FB6987ED3B1D1C3F2AAD8389D0937BB6F939A7C469D42E7A7161177BDED63756B4DAFE7AAB13C3253BA39DD7F';  
  i(7)  := '8802D68362D3E163A83D47D17671759A28D7775BC838DCEEA0C71D4904E1A3D948D2E6179D08707139F5BE7C82925A43802D2083A1083EA222022220222208E77D4C95F825198AF66CC4BADDB2FCCA82DF62E37162A7ADEBE314F4347052D652BE5A7973';  
  i(8)  := '7C91E6E8B501D6E5716F0CC8B7230C5751C53B9D35048D9E1E6DC883C88D41EEA8F3006AAD8EE0D150F8DCC3620854B49BE6A0CA63F319E8AF0F660BE49AEEE21C0C00663A0EA561870009571B3BF87D9C4DBC8EE795875406D33DCD2F692DBEA49E2254';  
  i(9)  := 'B7BA4DAEA99661826253C669D9186D2991C039A464182C05DB6D01CC5AD722D68CE96131C5C25DC4E39B9C42A656BA2904911731C0E446483A9D1441B13BCA9E00CA2C7499A219367FBEDEFCD4AF455B4D5D009A92664B19F169FCF920C844440444411D';  
  i(10) := '6F66036A2A830BDCC0D7B0C8CD4136F848391BF2B8391D74511D4E1519799699E6391BABA2BB4B7BB7223E8174ECF0C55113A19E364B13C59CC7B4383875056A18C6EEB0BAD71928647D1C96B0681C71FA1CC79103A20829FEF31464D7402A606EB34560';  
  i(11) := 'F60E67416EE00EAADC942D9A175450C8268DBF6AC2CE67F93750A6EC3B76F08A231E21516A86DC472528B11992092467DBC39AD136A761ABB01A9155070C763F2EAA16FCA7DFEEBDB9F0DF9660F271CC047D636B1D4ABF010C370003E36F155D5811CAF6';  
  i(12) := 'D543EED35F8AD7BB08BE563CBC2F98EB7C95B65B40420F4A19B9155C8CF697239AC069234579B339A73CD052E0E8DF9123B2D8300DA29B0991AF8EA248EDF81C73F25E23A40F377B2EADBA4846B1DC77412F615BD3A41C2DC49B76FE368B1F4D3F25BE60';  
  i(13) := 'F8C61F8D52FBCE19551D4457B1E139B4F223C0AE5D9AAE2D1B134755B66EBB1F6611B490B789DECAAC18A4634EB95DA6DCC11F53D50742A2B54D5115553C5514EF12432B03D8F1A39A45C1F44417511101512C51CD1BA3958D7C6F04398E170E1C8855A2';  
  i(14) := '08DB6AF768DA90E9B057340B977BACCEC81E6C77879FA81928B716D96ACC2A42DADA49A94DF22F670B4F670F84F95D74DAF8E6B5ED2D70041D41D0A0E56F71A96FF0E5047FCAC7EB974F05F1D057DFF976BEB73FA02BA46AF64F00AB25D36134BC475732';  
  i(15) := '3E027CDB65E7CBBBCD9A93FA3959D1B5327EAE515CF0E8AB2D673E368EAF3FE9597C329FB75110EC5C7FF2BA1BF767B317CE9AA0FF00DA7FFB5759BB7D936104E15C647F72A2575FC8BACA8E6E7C3133396779FF0018C347AB8FE8B67D95D8FC6F1B95A7';  
  i(16) := '0DA092280E4EAA9EED601E3F111F176683D974061FB338161AE0EA1C1E86078D1ECA76F17ADAEBD641838161C308C1E8B0E12BA514B0B22123858BAC2D7B22CE444111101111011110111101111011110111101111011110111101111011110111101111';  
  i(17) := '07FFD9';  
  l_blob := varchar2_to_blob(i);    
  INSERT INTO demo_product_info (product_id, product_name, product_description, category,product_avail, list_price, product_image, mimetype, filename, image_last_update, tags)  
      VALUES(9, 'Mens Shoes', 'Leather upper and lower lace up shoes', 'Mens', 'Y', 110, l_blob,'image/jpeg','shoes.jpg',systimestamp,null);  
  -- Table: DEMO_PRODUCT_INFO - Product 10  
  i := j;  
  i(1)  := 'FFD8FFE000104A46494600010100000100010000FFDB008400090606100D111214110F101410111510120D0E180E101B101012161C15201412171E1C1F322A23252F1A1E152B3B202F33292E2E38211E31373C2E41262B2C2901090A0A0E0C0D1A0E0F1A';  
  i(2)  := '29211F242E31293534352D352C2F2C2D342A2D2C29352D2E2C302C3435352F2C2D2C352C293534342C2C2E2A2C29292C2F2C342C2C2CFFC00011080068006803012200021101031101FFC4001B0001000203010100000000000000000000000607040508';  
  i(3)  := '0302FFC4003C1000020102020606070509010000000000000102031104210506071251911322233161A141717281C1D1F0324252B2E1152433437392B1C2F114FFC4001A010100020301000000000000000000000000020301040506FFC4002911010002';  
  i(4)  := '010203060700000000000000000001020304111221320531336181911334415171B1F0FFDA000C03010002110311003F00BC4000000000000000000000000000000000004635CF5DBF65285B0B52BCA6A527184E0B762B2BBBE6F3F424C8AE136F78497D';  
  i(5)  := 'BC3568B5DF153A6E4BC1EF6E9B1DA953CE83B77A9A6F8DA54ECBCCADF1B80A75976908CBC5AEB2F5359AE7C0AAD7989D9D6D3E8EB97145FEAB5307B5BD1B55673AB0F6A8C9AE70B9B8C26BB68EADF631B42FC255141F2958E64D35808E16A4541CB7651D';  
  i(6)  := 'E49BCD3BB4D5F9195A071B273DD94AF1B773E238E76DC8D1E2B5F839C4FBBAAE9D45249C5A69A4E2D34D34FB9A3E88BECDAA5F47D25F8655E36E0BA49B4B9344A0B22778DDCCC94E0BCD7ED3B000328000000000000209B505D5A0EFF8F2F7D2BBF87BCA';  
  i(7)  := 'DE7F5F5F5F3B2B6A5FC3A197DE9F5BFB32E76E45677F2B1AD97BDE8FB3BC184635BD75A93F0A8BCE3F330F404BB55EA667EB8ACA8BF1AABCA9D8D668495AAC7DE663A519E5AAF58745ECAE5FB8FAAAD5F3DD7F126242B64F2BE0A5E15AA71FC34C9A9753';  
  i(8)  := 'A61C7D5F8F7FCC80024D600000000000041F6A4BB2A19FDF92DDE39473E57E6562D967ED4EDD051CBF98F3F77773B157CDFEBE7F23572F53D2767781EA8E6B8BEA52F6E7F951A4D1157B58E68DDEB8BECE97B72FF069745DAF2BC77A495A0B849E4999AF';  
  i(9)  := '4A9CBF35EDFA744EC7E57C1D5FEBC9F3A7449D95EEC572C1D64DB6E35DABF1EA53F916117D3A5CAD5F3CF69F300049AC000000000000846D6256C351E1D37FA4F32AD9CBF4E6CB935F3576AE90C3C6345C7A4A73E91464ECA6B7649C53F43CFD453B8FC0';  
  i(10) := 'D5C34DC2B539539ACDC649ABAE2BD0D78ABA3572C4EFBBD0F66DEBF0B877E68D6B7E70A7EDCBF2FF00C35BA0E2B7F3BFA5ACFEBD04C70DA955F4D49D2A152942749749DA39A8CA2F753578C5B59F81E6F641A670D3BFFE58D48AFB4E9E2293CBD52717C9';  
  i(11) := '12AC4CD1567BD69AAE7E4B2B62B513A1898E79568BE715F14CB1CAE3643A2B138578B8D7C3D5A4A5D04A1BF0B272ED54B778E5BB7F596396D3A5CDD64C4E7B4C7F720004DAA000000000000187A4F4450C5C372BD28D487A1359C5F18BEF4FC558CC0198';  
  i(12) := '9989DE116D5AD44868DC4D4AB4AACA54EA53DC8D2947AD0774EFBCBBFBB85C9480622223B92BE4B649E2B4EF258006500000000000000000000000000000000000007FFFD9';  
  l_blob := varchar2_to_blob(i);     
  INSERT INTO demo_product_info (product_id, product_name, product_description, category,product_avail, list_price, product_image, mimetype, filename, image_last_update, tags)  
      VALUES(10, 'Wallet', 'Travel wallet suitable for men and women. Several compartments for credit cards, passports and cash', 'Accessories', 'Y', 50, l_blob,'image/jpeg','wallet.jpg',systimestamp,null);  
  -- Table: DEMO_CUSTOMERS  
  INSERT INTO demo_customers (customer_id, cust_first_name, cust_last_name, cust_street_address1, cust_street_address2, cust_city, cust_state, cust_postal_code, cust_email, phone_number1, phone_number2, url, credit_limit, tags)  
   VALUES(1, 'John', 'Dulles', '45020 Aviation Drive', null, 'Sterling', 'VA', '20166', 'john.dulles@email.com', '703-555-2143', '703-555-8967', 'http://www.johndulles.com', 1000, null);  
  INSERT INTO demo_customers (customer_id, cust_first_name, cust_last_name, cust_street_address1, cust_street_address2, cust_city, cust_state, cust_postal_code, cust_email, phone_number1, phone_number2, url, credit_limit, tags)  
    VALUES(2, 'William', 'Hartsfield', '6000 North Terminal Parkway', null, 'Atlanta', 'GA', '30320', null, '404-555-3285', null, null, 1000, 'Repeat customer');  
  INSERT INTO demo_customers (customer_id, cust_first_name, cust_last_name, cust_street_address1, cust_street_address2, cust_city, cust_state, cust_postal_code, cust_email, phone_number1, phone_number2, url, credit_limit, tags)  
    VALUES(3, 'Edward', 'Logan', '1 Harborside Drive', null, 'East Boston', 'MA', '02128', null, '617-555-3295', null, null, 1000, 'Repeat customer');  
  INSERT INTO demo_customers (customer_id, cust_first_name, cust_last_name, cust_street_address1, cust_street_address2, cust_city, cust_state, cust_postal_code, cust_email, phone_number1, phone_number2, url, credit_limit, tags)  
    VALUES(4, 'Frank', 'OHare', '10000 West OHare', null, 'Chicago', 'IL', '60666', null, '773-555-7693', null, null, 1000, null);  
  INSERT INTO demo_customers (customer_id, cust_first_name, cust_last_name, cust_street_address1, cust_street_address2, cust_city, cust_state, cust_postal_code, cust_email, phone_number1, phone_number2, url, credit_limit, tags)  
    VALUES(5, 'Fiorello', 'LaGuardia', 'Hangar Center', 'Third Floor', 'Flushing', 'NY', '11371', null, '212-555-3923', null, null, 1000, null);  
  INSERT INTO demo_customers (customer_id, cust_first_name, cust_last_name, cust_street_address1, cust_street_address2, cust_city, cust_state, cust_postal_code, cust_email, phone_number1, phone_number2, url, credit_limit, tags)  
    VALUES(6, 'Albert', 'Lambert', '10701 Lambert International Blvd.', null, 'St. Louis', 'MO', '63145', null, '314-555-4022', null, null, 1000, null);  
  INSERT INTO demo_customers (customer_id, cust_first_name, cust_last_name, cust_street_address1, cust_street_address2, cust_city, cust_state, cust_postal_code, cust_email, phone_number1, phone_number2, url, credit_limit, tags)  
    VALUES(7, 'Eugene', 'Bradley', 'Schoephoester Road', null, 'Windsor Locks', 'CT', '06096', null, '860-555-1835', null, null, 1000, 'Repeat customer');  
  -- Table: DEMO_ORDERS  
  INSERT INTO demo_orders (order_id, customer_id, order_total, order_timestamp, user_name, tags) VALUES(1, 7,0, systimestamp-65,'DEMO', null);  
  INSERT INTO demo_orders (order_id, customer_id, order_total, order_timestamp, user_name, tags) VALUES(2, 1,0, systimestamp-51,'DEMO', 'Large Order');  
  INSERT INTO demo_orders (order_id, customer_id, order_total, order_timestamp, user_name, tags) VALUES(3, 2,0, systimestamp-40,'DEMO', null);  
  INSERT INTO demo_orders (order_id, customer_id, order_total, order_timestamp, user_name, tags) VALUES(4, 5,0, systimestamp-38,'DEMO', null);  
  INSERT INTO demo_orders (order_id, customer_id, order_total, order_timestamp, user_name, tags) VALUES(5, 6,0, systimestamp-28,'DEMO', null);  
  INSERT INTO demo_orders (order_id, customer_id, order_total, order_timestamp, user_name, tags) VALUES(6, 3,0, systimestamp-23,'DEMO', null);  
  INSERT INTO demo_orders (order_id, customer_id, order_total, order_timestamp, user_name, tags) VALUES(7, 3,0, systimestamp-18,'DEMO', null);  
  INSERT INTO demo_orders (order_id, customer_id, order_total, order_timestamp, user_name, tags) VALUES(8, 4,0, systimestamp-10,'DEMO', null);  
  INSERT INTO demo_orders (order_id, customer_id, order_total, order_timestamp, user_name, tags) VALUES(9, 2,0, systimestamp-4,'DEMO', null);  
  INSERT INTO demo_orders (order_id, customer_id, order_total, order_timestamp, user_name, tags) VALUES(10, 7,0, systimestamp-1,'DEMO', null);  
  -- Table: DEMO_ORDER_ITEMS  
  INSERT INTO demo_order_items (order_item_id, order_id, product_id, unit_price, quantity) VALUES(null, 1, 1, null, 10);  
  INSERT INTO demo_order_items (order_item_id, order_id, product_id, unit_price, quantity) VALUES(null, 1, 2, null, 8);  
  INSERT INTO demo_order_items (order_item_id, order_id, product_id, unit_price, quantity) VALUES(null, 1, 3, null, 5);  
  INSERT INTO demo_order_items (order_item_id, order_id, product_id, unit_price, quantity) VALUES(null, 2, 1, null, 3);  
  INSERT INTO demo_order_items (order_item_id, order_id, product_id, unit_price, quantity) VALUES(null, 2, 2, null, 3);  
  INSERT INTO demo_order_items (order_item_id, order_id, product_id, unit_price, quantity) VALUES(null, 2, 3, null, 3);  
  INSERT INTO demo_order_items (order_item_id, order_id, product_id, unit_price, quantity) VALUES(null, 2, 4, null, 3);  
  INSERT INTO demo_order_items (order_item_id, order_id, product_id, unit_price, quantity) VALUES(null, 2, 5, null, 3);  
  INSERT INTO demo_order_items (order_item_id, order_id, product_id, unit_price, quantity) VALUES(null, 2, 6, null, 2);  
  INSERT INTO demo_order_items (order_item_id, order_id, product_id, unit_price, quantity) VALUES(null, 2, 7, null, 2);  
  INSERT INTO demo_order_items (order_item_id, order_id, product_id, unit_price, quantity) VALUES(null, 2, 8, null, 4);  
  INSERT INTO demo_order_items (order_item_id, order_id, product_id, unit_price, quantity) VALUES(null, 2, 9, null, 2);  
  INSERT INTO demo_order_items (order_item_id, order_id, product_id, unit_price, quantity) VALUES(null, 2, 10, null, 2);  
  INSERT INTO demo_order_items (order_item_id, order_id, product_id, unit_price, quantity) VALUES(null, 3, 4, null, 4);  
  INSERT INTO demo_order_items (order_item_id, order_id, product_id, unit_price, quantity) VALUES(null, 3, 5, null, 4);  
  INSERT INTO demo_order_items (order_item_id, order_id, product_id, unit_price, quantity) VALUES(null, 3, 6, null, 4);  
  INSERT INTO demo_order_items (order_item_id, order_id, product_id, unit_price, quantity) VALUES(null, 3, 8, null, 4);  
  INSERT INTO demo_order_items (order_item_id, order_id, product_id, unit_price, quantity) VALUES(null, 3, 10, null, 2);  
  INSERT INTO demo_order_items (order_item_id, order_id, product_id, unit_price, quantity) VALUES(null, 4, 6, null, 2);  
  INSERT INTO demo_order_items (order_item_id, order_id, product_id, unit_price, quantity) VALUES(null, 4, 7, null, 6);  
  INSERT INTO demo_order_items (order_item_id, order_id, product_id, unit_price, quantity) VALUES(null, 4, 8, null, 2);  
  INSERT INTO demo_order_items (order_item_id, order_id, product_id, unit_price, quantity) VALUES(null, 4, 9, null, 2);  
  INSERT INTO demo_order_items (order_item_id, order_id, product_id, unit_price, quantity) VALUES(null, 4, 10, null, 4);  
  INSERT INTO demo_order_items (order_item_id, order_id, product_id, unit_price, quantity) VALUES(null, 5, 1, null, 3);  
  INSERT INTO demo_order_items (order_item_id, order_id, product_id, unit_price, quantity) VALUES(null, 5, 2, null, 2);  
  INSERT INTO demo_order_items (order_item_id, order_id, product_id, unit_price, quantity) VALUES(null, 5, 3, null, 2);  
  INSERT INTO demo_order_items (order_item_id, order_id, product_id, unit_price, quantity) VALUES(null, 5, 4, null, 3);  
  INSERT INTO demo_order_items (order_item_id, order_id, product_id, unit_price, quantity) VALUES(null, 5, 5, null, 2);  
  INSERT INTO demo_order_items (order_item_id, order_id, product_id, unit_price, quantity) VALUES(null, 6, 3, null, 3);  
  INSERT INTO demo_order_items (order_item_id, order_id, product_id, unit_price, quantity) VALUES(null, 6, 6, null, 3);  
  INSERT INTO demo_order_items (order_item_id, order_id, product_id, unit_price, quantity) VALUES(null, 6, 8, null, 3);  
  INSERT INTO demo_order_items (order_item_id, order_id, product_id, unit_price, quantity) VALUES(null, 6, 9, null, 3);  
  INSERT INTO demo_order_items (order_item_id, order_id, product_id, unit_price, quantity) VALUES(null, 7, 1, null, 2);  
  INSERT INTO demo_order_items (order_item_id, order_id, product_id, unit_price, quantity) VALUES(null, 7, 2, null, 2);  
  INSERT INTO demo_order_items (order_item_id, order_id, product_id, unit_price, quantity) VALUES(null, 7, 4, null, 2);  
  INSERT INTO demo_order_items (order_item_id, order_id, product_id, unit_price, quantity) VALUES(null, 7, 5, null, 2);  
  INSERT INTO demo_order_items (order_item_id, order_id, product_id, unit_price, quantity) VALUES(null, 7, 7, null, 3);  
  INSERT INTO demo_order_items (order_item_id, order_id, product_id, unit_price, quantity) VALUES(null, 7, 8, null, 1);  
  INSERT INTO demo_order_items (order_item_id, order_id, product_id, unit_price, quantity) VALUES(null, 7, 10, null, 3);  
  INSERT INTO demo_order_items (order_item_id, order_id, product_id, unit_price, quantity) VALUES(null, 8, 2, null, 2);  
  INSERT INTO demo_order_items (order_item_id, order_id, product_id, unit_price, quantity) VALUES(null, 8, 3, null, 3);  
  INSERT INTO demo_order_items (order_item_id, order_id, product_id, unit_price, quantity) VALUES(null, 8, 6, null, 1);  
  INSERT INTO demo_order_items (order_item_id, order_id, product_id, unit_price, quantity) VALUES(null, 8, 9, null, 3);  
  INSERT INTO demo_order_items (order_item_id, order_id, product_id, unit_price, quantity) VALUES(null, 9, 4, null, 4);  
  INSERT INTO demo_order_items (order_item_id, order_id, product_id, unit_price, quantity) VALUES(null, 9, 5, null, 3);  
  INSERT INTO demo_order_items (order_item_id, order_id, product_id, unit_price, quantity) VALUES(null, 9, 8, null, 2);  
  INSERT INTO demo_order_items (order_item_id, order_id, product_id, unit_price, quantity) VALUES(null, 10, 1, null, 5);  
  INSERT INTO demo_order_items (order_item_id, order_id, product_id, unit_price, quantity) VALUES(null, 10, 2, null, 4);  
  INSERT INTO demo_order_items (order_item_id, order_id, product_id, unit_price, quantity) VALUES(null, 10, 3, null, 2);  
  -- Table: DEMO_STATES  
  INSERT INTO demo_states (st, state_name) VALUES ('AK','ALASKA');  
  INSERT INTO demo_states (st, state_name) VALUES ('AL','ALABAMA');  
  INSERT INTO demo_states (st, state_name) VALUES ('AR','ARKANSAS');  
  INSERT INTO demo_states (st, state_name) VALUES ('AZ','ARIZONA');  
  INSERT INTO demo_states (st, state_name) VALUES ('CA','CALIFORNIA');  
  INSERT INTO demo_states (st, state_name) VALUES ('CO','COLORADO');  
  INSERT INTO demo_states (st, state_name) VALUES ('CT','CONNECTICUT');  
  INSERT INTO demo_states (st, state_name) VALUES ('DC','DISTRICT OF COLUMBIA');  
  INSERT INTO demo_states (st, state_name) VALUES ('DE','DELAWARE');  
  INSERT INTO demo_states (st, state_name) VALUES ('FL','FLORIDA');  
  INSERT INTO demo_states (st, state_name) VALUES ('GA','GEORGIA');  
  INSERT INTO demo_states (st, state_name) VALUES ('HI','HAWAII');  
  INSERT INTO demo_states (st, state_name) VALUES ('IA','IOWA');  
  INSERT INTO demo_states (st, state_name) VALUES ('ID','IDAHO');  
  INSERT INTO demo_states (st, state_name) VALUES ('IL','ILLINOIS');  
  INSERT INTO demo_states (st, state_name) VALUES ('IN','INDIANA');  
  INSERT INTO demo_states (st, state_name) VALUES ('KS','KANSAS');  
  INSERT INTO demo_states (st, state_name) VALUES ('KY','KENTUCKY');  
  INSERT INTO demo_states (st, state_name) VALUES ('LA','LOUISIANA');  
  INSERT INTO demo_states (st, state_name) VALUES ('MA','MASSACHUSETTS');  
  INSERT INTO demo_states (st, state_name) VALUES ('MD','MARYLAND');  
  INSERT INTO demo_states (st, state_name) VALUES ('ME','MAINE');  
  INSERT INTO demo_states (st, state_name) VALUES ('MI','MICHIGAN');  
  INSERT INTO demo_states (st, state_name) VALUES ('MN','MINNESOTA');  
  INSERT INTO demo_states (st, state_name) VALUES ('MO','MISSOURI');  
  INSERT INTO demo_states (st, state_name) VALUES ('MS','MISSISSIPPI');  
  INSERT INTO demo_states (st, state_name) VALUES ('MT','MONTANA');  
  INSERT INTO demo_states (st, state_name) VALUES ('NC','NORTH CAROLINA');  
  INSERT INTO demo_states (st, state_name) VALUES ('ND','NORTH DAKOTA');  
  INSERT INTO demo_states (st, state_name) VALUES ('NE','NEBRASKA');  
  INSERT INTO demo_states (st, state_name) VALUES ('NH','NEW HAMPSHIRE');  
  INSERT INTO demo_states (st, state_name) VALUES ('NJ','NEW JERSEY');  
  INSERT INTO demo_states (st, state_name) VALUES ('NM','NEW MEXICO');  
  INSERT INTO demo_states (st, state_name) VALUES ('NV','NEVADA');  
  INSERT INTO demo_states (st, state_name) VALUES ('NY','NEW YORK');  
  INSERT INTO demo_states (st, state_name) VALUES ('OH','OHIO');  
  INSERT INTO demo_states (st, state_name) VALUES ('OK','OKLAHOMA');  
  INSERT INTO demo_states (st, state_name) VALUES ('OR','OREGON');  
  INSERT INTO demo_states (st, state_name) VALUES ('PA','PENNSYLVANIA');  
  INSERT INTO demo_states (st, state_name) VALUES ('RI','RHODE ISLAND');  
  INSERT INTO demo_states (st, state_name) VALUES ('SC','SOUTH CAROLINA');  
  INSERT INTO demo_states (st, state_name) VALUES ('SD','SOUTH DAKOTA');  
  INSERT INTO demo_states (st, state_name) VALUES ('TN','TENNESSEE');  
  INSERT INTO demo_states (st, state_name) VALUES ('TX','TEXAS');  
  INSERT INTO demo_states (st, state_name) VALUES ('UT','UTAH');  
  INSERT INTO demo_states (st, state_name) VALUES ('VA','VIRGINIA');  
  INSERT INTO demo_states (st, state_name) VALUES ('VT','VERMONT');  
  INSERT INTO demo_states (st, state_name) VALUES ('WA','WASHINGTON');  
  INSERT INTO demo_states (st, state_name) VALUES ('WI','WISCONSIN');  
  INSERT INTO demo_states (st, state_name) VALUES ('WV','WEST VIRGINIA');  
  INSERT INTO demo_states (st, state_name) VALUES ('WY','WYOMING');  
  -- Table: DEMO_CONSTRAINT_LOOKUP  
  INSERT INTO demo_constraint_lookup (constraint_name, message) VALUES ('DEMO_CUST_CREDIT_LIMIT_MAX','Credit Limit must not exceed $5,000.');  
  INSERT INTO demo_constraint_lookup (constraint_name, message) VALUES ('DEMO_CUSTOMERS_UK','Customer Name must be unique.');  
  INSERT INTO demo_constraint_lookup (constraint_name, message) VALUES ('DEMO_PRODUCT_INFO_UK','Product Name must be unique.');  
  INSERT INTO demo_constraint_lookup (constraint_name, message) VALUES ('DEMO_ORDER_ITEMS_UK','Product can only be entered once for each order.');  
end insert_data;  
end sample_data_pkg;  

/
--------------------------------------------------------
--  DDL for Package Body SAMPLE_PKG
--------------------------------------------------------

  CREATE OR REPLACE PACKAGE BODY "AAYUSH"."SAMPLE_PKG" as  
    --  
    -- Error Handling function  
    --  
    function demo_error_handling (  
        p_error in apex_error.t_error )  
        return apex_error.t_error_result  
    is  
        l_result          apex_error.t_error_result;  
        l_reference_id    number;  
        l_constraint_name varchar2(255);  
    begin  
        l_result := apex_error.init_error_result (  
                        p_error => p_error );  
        -- If it's an internal error raised by APEX, like an invalid statement or  
        -- code which can't be executed, the error text might contain security sensitive  
        -- information. To avoid this security problem we can rewrite the error to  
        -- a generic error message and log the original error message for further  
        -- investigation by the help desk.  
        if p_error.is_internal_error then  
            -- mask all errors that are not common runtime errors (Access Denied  
            -- errors raised by application / page authorization and all errors  
            -- regarding session and session state)  
            if not p_error.is_common_runtime_error then  
                -- log error for example with an autonomous transaction and return  
                -- l_reference_id as reference#  
                -- l_reference_id := log_error (  
                --                       p_error => p_error );  
                --  
      
                -- Change the message to the generic error message which doesn't expose  
                -- any sensitive information.  
                l_result.message         := 'An unexpected internal application error has occurred. '||  
                                            'Please get in contact with your system administrator and provide '||  
                                            'reference# '||to_char(l_reference_id, '999G999G999G990')||  
                                            ' for further investigation.';  
                l_result.additional_info := null;  
            end if;  
        else  
            -- Always show the error as inline error  
            -- Note: If you have created manual tabular forms (using the package  
            --       apex_item/htmldb_item in the SQL statement) you should still  
            --       use "On error page" on that pages to avoid loosing entered data  
            l_result.display_location := case  
                                           when l_result.display_location = apex_error.c_on_error_page then apex_error.c_inline_in_notification  
                                           else l_result.display_location  
                                         end;  
      
            -- If it's a constraint violation like  
            --  
            --   -) ORA-00001: unique constraint violated  
            --   -) ORA-02091: transaction rolled back (-> can hide a deferred constraint)  
            --   -) ORA-02290: check constraint violated  
            --   -) ORA-02291: integrity constraint violated - parent key not found  
            --   -) ORA-02292: integrity constraint violated - child record found  
            --  
            -- we try to get a friendly error message from our constraint lookup configuration.  
            -- If we don't find the constraint in our lookup table we fallback to  
            -- the original ORA error message.  
            if p_error.ora_sqlcode in (-1, -2091, -2290, -2291, -2292) then  
                l_constraint_name := apex_error.extract_constraint_name (  
                                         p_error => p_error );  
                begin  
                    select message  
                      into l_result.message  
                      from demo_constraint_lookup  
                     where constraint_name = l_constraint_name;  
                exception when no_data_found then null; -- not every constraint has to be in our lookup table  
                end;  
            end if;  
            -- If an ORA error has been raised, for example a raise_application_error(-20xxx, '...')  
                -- in a table trigger or in a PL/SQL package called by a process and we  
            -- haven't found the error in our lookup table, then we just want to see  
            -- the actual error text and not the full error stack with all the ORA error numbers.  
            if p_error.ora_sqlcode is not null and l_result.message = p_error.message then  
                l_result.message := apex_error.get_first_ora_error_text (  
                                        p_error => p_error );  
            end if;  
            -- If no associated page item/tabular form column has been set, we can use  
            -- apex_error.auto_set_associated_item to automatically guess the affected  
            -- error field by examine the ORA error for constraint names or column names.  
            if l_result.page_item_name is null and l_result.column_alias is null then  
                apex_error.auto_set_associated_item (  
                    p_error        => p_error,  
                    p_error_result => l_result );  
            end if;  
        end if;  
        return l_result;  
    end demo_error_handling;  
          
      
    ---  
    --- Tag Cleaner function  
    ---  
    function demo_tags_cleaner (  
        p_tags  in varchar2,  
        p_case  in varchar2 default 'U' ) return varchar2  
    is  
        type tags is table of varchar2(255) index by varchar2(255);  
        l_tags_a        tags;  
        l_tag           varchar2(255);  
        l_tags          apex_application_global.vc_arr2;  
        l_tags_string   varchar2(32767);  
        i               integer;  
    begin  
        l_tags := apex_util.string_to_table(p_tags,',');  
        for i in 1..l_tags.count loop  
            --remove all whitespace, including tabs, spaces, line feeds and carraige returns with a single space  
            l_tag := substr(trim(regexp_replace(l_tags(i),'[[:space:]]{1,}',' ')),1,255);  
    
            if l_tag is not null and l_tag != ' ' then  
                if p_case = 'U' then  
                    l_tag := upper(l_tag);  
                elsif p_case = 'L' then  
                    l_tag := lower(l_tag);  
                end if;  
                --add it to the associative array, if it is a duplicate, it will just be replaced  
                l_tags_a(l_tag) := l_tag;  
            end if;  
        end loop;  
        l_tag := null;  
        l_tag := l_tags_a.first;  
        while l_tag is not null loop  
            l_tags_string := l_tags_string||l_tag;  
            if l_tag != l_tags_a.last then  
                l_tags_string := l_tags_string||', ';  
            end if;  
            l_tag := l_tags_a.next(l_tag);  
        end loop;  
        return substr(l_tags_string,1,4000);  
    end demo_tags_cleaner;  
    ---  
    --- Tag Synchronisation Procedure  
    ---  
    procedure demo_tag_sync (  
        p_new_tags          in varchar2,  
        p_old_tags          in varchar2,  
        p_content_type      in varchar2,  
        p_content_id        in number )  
    as  
        type tags is table of varchar2(255) index by varchar2(255);  
        l_new_tags_a    tags;  
        l_old_tags_a    tags;  
        l_new_tags      apex_application_global.vc_arr2;  
        l_old_tags      apex_application_global.vc_arr2;  
        l_merge_tags    apex_application_global.vc_arr2;  
        l_dummy_tag     varchar2(255);  
        i               integer;  
    begin  
        l_old_tags := apex_util.string_to_table(p_old_tags,', ');  
        l_new_tags := apex_util.string_to_table(p_new_tags,', ');  
        if l_old_tags.count > 0 then --do inserts and deletes  
            --build the associative arrays  
            for i in 1..l_old_tags.count loop  
                l_old_tags_a(l_old_tags(i)) := l_old_tags(i);  
            end loop;  
            for i in 1..l_new_tags.count loop  
                l_new_tags_a(l_new_tags(i)) := l_new_tags(i);  
            end loop;  
            --do the inserts  
            for i in 1..l_new_tags.count loop  
                begin  
                    l_dummy_tag := l_old_tags_a(l_new_tags(i));  
                exception when no_data_found then  
                    insert into demo_tags (tag, content_id, content_type )  
                        values (l_new_tags(i), p_content_id, p_content_type );  
                    l_merge_tags(l_merge_tags.count + 1) := l_new_tags(i);  
                end;  
            end loop;  
            --do the deletes  
            for i in 1..l_old_tags.count loop  
                begin  
                    l_dummy_tag := l_new_tags_a(l_old_tags(i));  
                exception when no_data_found then  
                    delete from demo_tags where content_id = p_content_id and tag = l_old_tags(i);  
                    l_merge_tags(l_merge_tags.count + 1) := l_old_tags(i);  
                end;  
            end loop;  
        else --just do inserts  
            for i in 1..l_new_tags.count loop  
                insert into demo_tags (tag, content_id, content_type )  
                    values (l_new_tags(i), p_content_id, p_content_type );  
                l_merge_tags(l_merge_tags.count + 1) := l_new_tags(i);  
            end loop;  
        end if;  
        for i in 1..l_merge_tags.count loop  
            merge into demo_tags_type_sum s  
            using (select count(*) tag_count  
                     from demo_tags  
                    where tag = l_merge_tags(i) and content_type = p_content_type ) t  
               on (s.tag = l_merge_tags(i) and s.content_type = p_content_type )  
             when not matched then insert (tag, content_type, tag_count)  
                                   values (l_merge_tags(i), p_content_type, t.tag_count)  
             when matched then update set s.tag_count = t.tag_count;  
            merge into demo_tags_sum s  
            using (select sum(tag_count) tag_count  
                     from demo_tags_type_sum  
                    where tag = l_merge_tags(i) ) t  
               on (s.tag = l_merge_tags(i) )  
             when not matched then insert (tag, tag_count)  
                                   values (l_merge_tags(i), t.tag_count)  
             when matched then update set s.tag_count = t.tag_count;  
        end loop;  
    end demo_tag_sync;  
end sample_pkg;  

/
--------------------------------------------------------
--  DDL for Function TRADER_ADMIN_AUTH
--------------------------------------------------------

  CREATE OR REPLACE FUNCTION "AAYUSH"."TRADER_ADMIN_AUTH" ( 
    p_username IN VARCHAR2, -- User_Name 
    p_password IN VARCHAR2 -- Password 
) 
RETURN BOOLEAN 
AS 
    -- Variable to store hashed password 
    lc_pwd_hashed VARCHAR2(100); 
    ps VARCHAR(200); 
BEGIN 
    -- Retrieve hashed password for the provided username 
    SELECT password INTO lc_pwd_hashed 
    FROM users     
    WHERE lower(Email) = lower(p_username); 
 
     ps := RAWTOHEX(DBMS_OBFUSCATION_TOOLKIT.MD5(input_string =>p_password));  
    -- Check if the retrieved hashed password matches the hash of the provided password 
    IF upper(lc_pwd_hashed) = upper(ps) THEN 
        RETURN TRUE; 
    ELSE 
        RETURN FALSE; 
    END IF; 
EXCEPTION 
    WHEN NO_DATA_FOUND THEN 
        RETURN FALSE; 
END trader_admin_auth; 

/
--------------------------------------------------------
--  Constraints for Table EMP
--------------------------------------------------------

  ALTER TABLE "AAYUSH"."EMP" ADD PRIMARY KEY ("EMPNO")
  USING INDEX PCTFREE 10 INITRANS 2 MAXTRANS 255 COMPUTE STATISTICS 
  STORAGE(INITIAL 65536 NEXT 1048576 MINEXTENTS 1 MAXEXTENTS 2147483645
  PCTINCREASE 0 FREELISTS 1 FREELIST GROUPS 1 BUFFER_POOL DEFAULT FLASH_CACHE DEFAULT CELL_FLASH_CACHE DEFAULT)
  TABLESPACE "APEX_4627610787144683"  ENABLE;
  ALTER TABLE "AAYUSH"."EMP" MODIFY ("EMPNO" NOT NULL ENABLE);
--------------------------------------------------------
--  Constraints for Table APEX$_WS_ROWS
--------------------------------------------------------

  ALTER TABLE "AAYUSH"."APEX$_WS_ROWS" ADD CONSTRAINT "APEX$_WS_ROWS_UK1" UNIQUE ("WS_APP_ID", "DATA_GRID_ID", "UNIQUE_VALUE")
  USING INDEX PCTFREE 10 INITRANS 2 MAXTRANS 255 COMPUTE STATISTICS 
  STORAGE(INITIAL 65536 NEXT 1048576 MINEXTENTS 1 MAXEXTENTS 2147483645
  PCTINCREASE 0 FREELISTS 1 FREELIST GROUPS 1 BUFFER_POOL DEFAULT FLASH_CACHE DEFAULT CELL_FLASH_CACHE DEFAULT)
  TABLESPACE "APEX_4627610787144683"  ENABLE;
  ALTER TABLE "AAYUSH"."APEX$_WS_ROWS" ADD CONSTRAINT "APEX$_WS_ROWS_PK" PRIMARY KEY ("ID")
  USING INDEX PCTFREE 10 INITRANS 2 MAXTRANS 255 COMPUTE STATISTICS 
  STORAGE(INITIAL 65536 NEXT 1048576 MINEXTENTS 1 MAXEXTENTS 2147483645
  PCTINCREASE 0 FREELISTS 1 FREELIST GROUPS 1 BUFFER_POOL DEFAULT FLASH_CACHE DEFAULT CELL_FLASH_CACHE DEFAULT)
  TABLESPACE "APEX_4627610787144683"  ENABLE;
  ALTER TABLE "AAYUSH"."APEX$_WS_ROWS" MODIFY ("CREATED_BY" NOT NULL ENABLE);
  ALTER TABLE "AAYUSH"."APEX$_WS_ROWS" MODIFY ("CREATED_ON" NOT NULL ENABLE);
  ALTER TABLE "AAYUSH"."APEX$_WS_ROWS" MODIFY ("DATA_GRID_ID" NOT NULL ENABLE);
  ALTER TABLE "AAYUSH"."APEX$_WS_ROWS" MODIFY ("WS_APP_ID" NOT NULL ENABLE);
  ALTER TABLE "AAYUSH"."APEX$_WS_ROWS" MODIFY ("ID" NOT NULL ENABLE);
--------------------------------------------------------
--  Constraints for Table PRODUCT
--------------------------------------------------------

  ALTER TABLE "AAYUSH"."PRODUCT" ADD CONSTRAINT "PK_PRODUCT" PRIMARY KEY ("PRODUCT_ID")
  USING INDEX PCTFREE 10 INITRANS 2 MAXTRANS 255 COMPUTE STATISTICS 
  STORAGE(INITIAL 65536 NEXT 1048576 MINEXTENTS 1 MAXEXTENTS 2147483645
  PCTINCREASE 0 FREELISTS 1 FREELIST GROUPS 1 BUFFER_POOL DEFAULT FLASH_CACHE DEFAULT CELL_FLASH_CACHE DEFAULT)
  TABLESPACE "APEX_4627610787144683"  ENABLE;
  ALTER TABLE "AAYUSH"."PRODUCT" MODIFY ("FK2_SHOP_ID" NOT NULL ENABLE);
  ALTER TABLE "AAYUSH"."PRODUCT" MODIFY ("PRODUCT_ID" NOT NULL ENABLE);
--------------------------------------------------------
--  Constraints for Table ORDERED_PRODUCT
--------------------------------------------------------

  ALTER TABLE "AAYUSH"."ORDERED_PRODUCT" ADD CONSTRAINT "PK_ORDERED_PRODUCT" PRIMARY KEY ("ORDERED_PRODUCT_ID")
  USING INDEX PCTFREE 10 INITRANS 2 MAXTRANS 255 COMPUTE STATISTICS 
  STORAGE(INITIAL 65536 NEXT 1048576 MINEXTENTS 1 MAXEXTENTS 2147483645
  PCTINCREASE 0 FREELISTS 1 FREELIST GROUPS 1 BUFFER_POOL DEFAULT FLASH_CACHE DEFAULT CELL_FLASH_CACHE DEFAULT)
  TABLESPACE "APEX_4627610787144683"  ENABLE;
  ALTER TABLE "AAYUSH"."ORDERED_PRODUCT" MODIFY ("FK2_ORDER_ID" NOT NULL ENABLE);
  ALTER TABLE "AAYUSH"."ORDERED_PRODUCT" MODIFY ("FK1_PRODUCT_ID" NOT NULL ENABLE);
  ALTER TABLE "AAYUSH"."ORDERED_PRODUCT" MODIFY ("ORDERED_PRODUCT_ID" NOT NULL ENABLE);
--------------------------------------------------------
--  Constraints for Table DEMO_ORDERS
--------------------------------------------------------

  ALTER TABLE "AAYUSH"."DEMO_ORDERS" ADD CONSTRAINT "DEMO_ORDER_PK" PRIMARY KEY ("ORDER_ID")
  USING INDEX PCTFREE 10 INITRANS 2 MAXTRANS 255 COMPUTE STATISTICS 
  STORAGE(INITIAL 65536 NEXT 1048576 MINEXTENTS 1 MAXEXTENTS 2147483645
  PCTINCREASE 0 FREELISTS 1 FREELIST GROUPS 1 BUFFER_POOL DEFAULT FLASH_CACHE DEFAULT CELL_FLASH_CACHE DEFAULT)
  TABLESPACE "APEX_4627610787144683"  ENABLE;
  ALTER TABLE "AAYUSH"."DEMO_ORDERS" ADD CONSTRAINT "DEMO_ORDER_TOTAL_MIN" CHECK (order_total >= 0) ENABLE;
  ALTER TABLE "AAYUSH"."DEMO_ORDERS" MODIFY ("CUSTOMER_ID" NOT NULL ENABLE);
  ALTER TABLE "AAYUSH"."DEMO_ORDERS" MODIFY ("ORDER_ID" NOT NULL ENABLE);
--------------------------------------------------------
--  Constraints for Table REVIEW
--------------------------------------------------------

  ALTER TABLE "AAYUSH"."REVIEW" ADD CONSTRAINT "PK_REVIEW" PRIMARY KEY ("REVIEW_ID")
  USING INDEX PCTFREE 10 INITRANS 2 MAXTRANS 255 COMPUTE STATISTICS 
  STORAGE(INITIAL 65536 NEXT 1048576 MINEXTENTS 1 MAXEXTENTS 2147483645
  PCTINCREASE 0 FREELISTS 1 FREELIST GROUPS 1 BUFFER_POOL DEFAULT FLASH_CACHE DEFAULT CELL_FLASH_CACHE DEFAULT)
  TABLESPACE "APEX_4627610787144683"  ENABLE;
  ALTER TABLE "AAYUSH"."REVIEW" MODIFY ("FK1_PRODUCT_ID" NOT NULL ENABLE);
  ALTER TABLE "AAYUSH"."REVIEW" MODIFY ("REVIEW_ID" NOT NULL ENABLE);
--------------------------------------------------------
--  Constraints for Table APEX$_WS_HISTORY
--------------------------------------------------------

  ALTER TABLE "AAYUSH"."APEX$_WS_HISTORY" MODIFY ("DATA_GRID_ID" NOT NULL ENABLE);
  ALTER TABLE "AAYUSH"."APEX$_WS_HISTORY" MODIFY ("WS_APP_ID" NOT NULL ENABLE);
  ALTER TABLE "AAYUSH"."APEX$_WS_HISTORY" MODIFY ("ROW_ID" NOT NULL ENABLE);
--------------------------------------------------------
--  Constraints for Table APEX$_WS_WEBPG_SECTIONS
--------------------------------------------------------

  ALTER TABLE "AAYUSH"."APEX$_WS_WEBPG_SECTIONS" ADD CONSTRAINT "APEX$_WS_WEBPG_SECTIONS_PK" PRIMARY KEY ("ID")
  USING INDEX PCTFREE 10 INITRANS 2 MAXTRANS 255 COMPUTE STATISTICS 
  STORAGE(INITIAL 65536 NEXT 1048576 MINEXTENTS 1 MAXEXTENTS 2147483645
  PCTINCREASE 0 FREELISTS 1 FREELIST GROUPS 1 BUFFER_POOL DEFAULT FLASH_CACHE DEFAULT CELL_FLASH_CACHE DEFAULT)
  TABLESPACE "APEX_4627610787144683"  ENABLE;
  ALTER TABLE "AAYUSH"."APEX$_WS_WEBPG_SECTIONS" ADD CONSTRAINT "APEX$_WS_WEBPG_SECTION_SER_CK" CHECK (show_search in ('Y','N')) ENABLE;
  ALTER TABLE "AAYUSH"."APEX$_WS_WEBPG_SECTIONS" ADD CONSTRAINT "APEX$_WS_WEBPG_SECTION_ER_CK" CHECK (show_edit_row in ('Y','N')) ENABLE;
  ALTER TABLE "AAYUSH"."APEX$_WS_WEBPG_SECTIONS" ADD CONSTRAINT "APEX$_WS_WEBPG_SECTION_AR_CK" CHECK (show_add_row in ('Y','N')) ENABLE;
  ALTER TABLE "AAYUSH"."APEX$_WS_WEBPG_SECTIONS" ADD CONSTRAINT "APEX$_WS_WEBPG_SECTION_LINK_CK" CHECK (nav_include_link in ('Y','N')) ENABLE;
  ALTER TABLE "AAYUSH"."APEX$_WS_WEBPG_SECTIONS" ADD CONSTRAINT "APEX$_WS_WEBPG_SECTION_TYPE_CK" CHECK (section_type in ('TEXT','DATA','CHART','NAV_PAGE','NAV_SECTION','PLSQL')) ENABLE;
  ALTER TABLE "AAYUSH"."APEX$_WS_WEBPG_SECTIONS" MODIFY ("CREATED_BY" NOT NULL ENABLE);
  ALTER TABLE "AAYUSH"."APEX$_WS_WEBPG_SECTIONS" MODIFY ("CREATED_ON" NOT NULL ENABLE);
  ALTER TABLE "AAYUSH"."APEX$_WS_WEBPG_SECTIONS" MODIFY ("SECTION_TYPE" NOT NULL ENABLE);
  ALTER TABLE "AAYUSH"."APEX$_WS_WEBPG_SECTIONS" MODIFY ("WS_APP_ID" NOT NULL ENABLE);
  ALTER TABLE "AAYUSH"."APEX$_WS_WEBPG_SECTIONS" MODIFY ("ID" NOT NULL ENABLE);
--------------------------------------------------------
--  Constraints for Table PRODUCT_WISHLIST
--------------------------------------------------------

  ALTER TABLE "AAYUSH"."PRODUCT_WISHLIST" ADD CONSTRAINT "PK_PRODUCT_WISHLIST" PRIMARY KEY ("PRODUCT_WISHLIST_ID")
  USING INDEX PCTFREE 10 INITRANS 2 MAXTRANS 255 COMPUTE STATISTICS 
  STORAGE(INITIAL 65536 NEXT 1048576 MINEXTENTS 1 MAXEXTENTS 2147483645
  PCTINCREASE 0 FREELISTS 1 FREELIST GROUPS 1 BUFFER_POOL DEFAULT FLASH_CACHE DEFAULT CELL_FLASH_CACHE DEFAULT)
  TABLESPACE "APEX_4627610787144683"  ENABLE;
  ALTER TABLE "AAYUSH"."PRODUCT_WISHLIST" MODIFY ("FK2_WISHLIST_ID" NOT NULL ENABLE);
  ALTER TABLE "AAYUSH"."PRODUCT_WISHLIST" MODIFY ("FK1_PRODUCT_ID" NOT NULL ENABLE);
  ALTER TABLE "AAYUSH"."PRODUCT_WISHLIST" MODIFY ("PRODUCT_WISHLIST_ID" NOT NULL ENABLE);
--------------------------------------------------------
--  Constraints for Table CART
--------------------------------------------------------

  ALTER TABLE "AAYUSH"."CART" ADD CONSTRAINT "PK_CART" PRIMARY KEY ("CART_ID")
  USING INDEX PCTFREE 10 INITRANS 2 MAXTRANS 255 COMPUTE STATISTICS 
  STORAGE(INITIAL 65536 NEXT 1048576 MINEXTENTS 1 MAXEXTENTS 2147483645
  PCTINCREASE 0 FREELISTS 1 FREELIST GROUPS 1 BUFFER_POOL DEFAULT FLASH_CACHE DEFAULT CELL_FLASH_CACHE DEFAULT)
  TABLESPACE "APEX_4627610787144683"  ENABLE;
  ALTER TABLE "AAYUSH"."CART" MODIFY ("FK2_USER_ID" NOT NULL ENABLE);
  ALTER TABLE "AAYUSH"."CART" MODIFY ("CART_ID" NOT NULL ENABLE);
--------------------------------------------------------
--  Constraints for Table PRODUCT_IMAGE
--------------------------------------------------------

  ALTER TABLE "AAYUSH"."PRODUCT_IMAGE" ADD CONSTRAINT "PK_PIMAGE" PRIMARY KEY ("IMAGE_ID")
  USING INDEX PCTFREE 10 INITRANS 2 MAXTRANS 255 COMPUTE STATISTICS 
  STORAGE(INITIAL 65536 NEXT 1048576 MINEXTENTS 1 MAXEXTENTS 2147483645
  PCTINCREASE 0 FREELISTS 1 FREELIST GROUPS 1 BUFFER_POOL DEFAULT FLASH_CACHE DEFAULT CELL_FLASH_CACHE DEFAULT)
  TABLESPACE "APEX_4627610787144683"  ENABLE;
  ALTER TABLE "AAYUSH"."PRODUCT_IMAGE" MODIFY ("IMAGE_ID" NOT NULL ENABLE);
--------------------------------------------------------
--  Constraints for Table DISCOUNT
--------------------------------------------------------

  ALTER TABLE "AAYUSH"."DISCOUNT" ADD CONSTRAINT "PK_DISCOUNT" PRIMARY KEY ("DISCOUNT_ID")
  USING INDEX PCTFREE 10 INITRANS 2 MAXTRANS 255 COMPUTE STATISTICS 
  STORAGE(INITIAL 65536 NEXT 1048576 MINEXTENTS 1 MAXEXTENTS 2147483645
  PCTINCREASE 0 FREELISTS 1 FREELIST GROUPS 1 BUFFER_POOL DEFAULT FLASH_CACHE DEFAULT CELL_FLASH_CACHE DEFAULT)
  TABLESPACE "APEX_4627610787144683"  ENABLE;
  ALTER TABLE "AAYUSH"."DISCOUNT" MODIFY ("DISCOUNT_ID" NOT NULL ENABLE);
--------------------------------------------------------
--  Constraints for Table APEX$_WS_TAGS
--------------------------------------------------------

  ALTER TABLE "AAYUSH"."APEX$_WS_TAGS" ADD CONSTRAINT "APEX$_WS_TAGS_PK" PRIMARY KEY ("ID")
  USING INDEX PCTFREE 10 INITRANS 2 MAXTRANS 255 COMPUTE STATISTICS 
  STORAGE(INITIAL 65536 NEXT 1048576 MINEXTENTS 1 MAXEXTENTS 2147483645
  PCTINCREASE 0 FREELISTS 1 FREELIST GROUPS 1 BUFFER_POOL DEFAULT FLASH_CACHE DEFAULT CELL_FLASH_CACHE DEFAULT)
  TABLESPACE "APEX_4627610787144683"  ENABLE;
  ALTER TABLE "AAYUSH"."APEX$_WS_TAGS" ADD CONSTRAINT "APEX$_WS_TAGS_CL_CK" CHECK (component_level in ('WEBSHEET','ROW','WORKSPACE','WEBPAGE')) ENABLE;
  ALTER TABLE "AAYUSH"."APEX$_WS_TAGS" MODIFY ("CREATED_BY" NOT NULL ENABLE);
  ALTER TABLE "AAYUSH"."APEX$_WS_TAGS" MODIFY ("CREATED_ON" NOT NULL ENABLE);
  ALTER TABLE "AAYUSH"."APEX$_WS_TAGS" MODIFY ("WS_APP_ID" NOT NULL ENABLE);
--------------------------------------------------------
--  Constraints for Table DEMO_TAGS_TYPE_SUM
--------------------------------------------------------

  ALTER TABLE "AAYUSH"."DEMO_TAGS_TYPE_SUM" ADD CONSTRAINT "DEMO_TAGS_TYPE_SUM_PK" PRIMARY KEY ("TAG", "CONTENT_TYPE")
  USING INDEX PCTFREE 10 INITRANS 2 MAXTRANS 255 COMPUTE STATISTICS 
  STORAGE(INITIAL 65536 NEXT 1048576 MINEXTENTS 1 MAXEXTENTS 2147483645
  PCTINCREASE 0 FREELISTS 1 FREELIST GROUPS 1 BUFFER_POOL DEFAULT FLASH_CACHE DEFAULT CELL_FLASH_CACHE DEFAULT)
  TABLESPACE "APEX_4627610787144683"  ENABLE;
--------------------------------------------------------
--  Constraints for Table WISHLIST
--------------------------------------------------------

  ALTER TABLE "AAYUSH"."WISHLIST" ADD CONSTRAINT "PK_WISHLIST" PRIMARY KEY ("WISHLIST_ID")
  USING INDEX PCTFREE 10 INITRANS 2 MAXTRANS 255 COMPUTE STATISTICS 
  STORAGE(INITIAL 65536 NEXT 1048576 MINEXTENTS 1 MAXEXTENTS 2147483645
  PCTINCREASE 0 FREELISTS 1 FREELIST GROUPS 1 BUFFER_POOL DEFAULT FLASH_CACHE DEFAULT CELL_FLASH_CACHE DEFAULT)
  TABLESPACE "APEX_4627610787144683"  ENABLE;
  ALTER TABLE "AAYUSH"."WISHLIST" MODIFY ("FK1_USER_ID" NOT NULL ENABLE);
  ALTER TABLE "AAYUSH"."WISHLIST" MODIFY ("WISHLIST_ID" NOT NULL ENABLE);
--------------------------------------------------------
--  Constraints for Table APEX$_WS_NOTES
--------------------------------------------------------

  ALTER TABLE "AAYUSH"."APEX$_WS_NOTES" ADD CONSTRAINT "APEX$_WS_NOTES_PK" PRIMARY KEY ("ID")
  USING INDEX PCTFREE 10 INITRANS 2 MAXTRANS 255 COMPUTE STATISTICS 
  STORAGE(INITIAL 65536 NEXT 1048576 MINEXTENTS 1 MAXEXTENTS 2147483645
  PCTINCREASE 0 FREELISTS 1 FREELIST GROUPS 1 BUFFER_POOL DEFAULT FLASH_CACHE DEFAULT CELL_FLASH_CACHE DEFAULT)
  TABLESPACE "APEX_4627610787144683"  ENABLE;
  ALTER TABLE "AAYUSH"."APEX$_WS_NOTES" ADD CONSTRAINT "APEX$_WS_NOTES_CL_CK" CHECK (component_level in ('WEBSHEET','ROW','WORKSPACE','WEBPAGE')) ENABLE;
  ALTER TABLE "AAYUSH"."APEX$_WS_NOTES" MODIFY ("CREATED_BY" NOT NULL ENABLE);
  ALTER TABLE "AAYUSH"."APEX$_WS_NOTES" MODIFY ("CREATED_ON" NOT NULL ENABLE);
  ALTER TABLE "AAYUSH"."APEX$_WS_NOTES" MODIFY ("WS_APP_ID" NOT NULL ENABLE);
--------------------------------------------------------
--  Constraints for Table DEMO_CUSTOMERS
--------------------------------------------------------

  ALTER TABLE "AAYUSH"."DEMO_CUSTOMERS" ADD CONSTRAINT "DEMO_CUSTOMERS_UK" UNIQUE ("CUST_FIRST_NAME", "CUST_LAST_NAME")
  USING INDEX PCTFREE 10 INITRANS 2 MAXTRANS 255 COMPUTE STATISTICS 
  STORAGE(INITIAL 65536 NEXT 1048576 MINEXTENTS 1 MAXEXTENTS 2147483645
  PCTINCREASE 0 FREELISTS 1 FREELIST GROUPS 1 BUFFER_POOL DEFAULT FLASH_CACHE DEFAULT CELL_FLASH_CACHE DEFAULT)
  TABLESPACE "APEX_4627610787144683"  ENABLE;
  ALTER TABLE "AAYUSH"."DEMO_CUSTOMERS" ADD CONSTRAINT "DEMO_CUSTOMERS_PK" PRIMARY KEY ("CUSTOMER_ID")
  USING INDEX PCTFREE 10 INITRANS 2 MAXTRANS 255 COMPUTE STATISTICS 
  STORAGE(INITIAL 65536 NEXT 1048576 MINEXTENTS 1 MAXEXTENTS 2147483645
  PCTINCREASE 0 FREELISTS 1 FREELIST GROUPS 1 BUFFER_POOL DEFAULT FLASH_CACHE DEFAULT CELL_FLASH_CACHE DEFAULT)
  TABLESPACE "APEX_4627610787144683"  ENABLE;
  ALTER TABLE "AAYUSH"."DEMO_CUSTOMERS" ADD CONSTRAINT "DEMO_CUST_CREDIT_LIMIT_MAX" CHECK (credit_limit <= 5000) ENABLE;
  ALTER TABLE "AAYUSH"."DEMO_CUSTOMERS" MODIFY ("CUST_LAST_NAME" NOT NULL ENABLE);
  ALTER TABLE "AAYUSH"."DEMO_CUSTOMERS" MODIFY ("CUST_FIRST_NAME" NOT NULL ENABLE);
  ALTER TABLE "AAYUSH"."DEMO_CUSTOMERS" MODIFY ("CUSTOMER_ID" NOT NULL ENABLE);
--------------------------------------------------------
--  Constraints for Table SHOP
--------------------------------------------------------

  ALTER TABLE "AAYUSH"."SHOP" ADD CONSTRAINT "PK_SHOP" PRIMARY KEY ("SHOP_ID")
  USING INDEX PCTFREE 10 INITRANS 2 MAXTRANS 255 COMPUTE STATISTICS 
  STORAGE(INITIAL 65536 NEXT 1048576 MINEXTENTS 1 MAXEXTENTS 2147483645
  PCTINCREASE 0 FREELISTS 1 FREELIST GROUPS 1 BUFFER_POOL DEFAULT FLASH_CACHE DEFAULT CELL_FLASH_CACHE DEFAULT)
  TABLESPACE "APEX_4627610787144683"  ENABLE;
  ALTER TABLE "AAYUSH"."SHOP" MODIFY ("SHOP_ID" NOT NULL ENABLE);
--------------------------------------------------------
--  Constraints for Table DEMO_TAGS_SUM
--------------------------------------------------------

  ALTER TABLE "AAYUSH"."DEMO_TAGS_SUM" ADD CONSTRAINT "DEMO_TAGS_SUM_PK" PRIMARY KEY ("TAG")
  USING INDEX PCTFREE 10 INITRANS 2 MAXTRANS 255 COMPUTE STATISTICS 
  STORAGE(INITIAL 65536 NEXT 1048576 MINEXTENTS 1 MAXEXTENTS 2147483645
  PCTINCREASE 0 FREELISTS 1 FREELIST GROUPS 1 BUFFER_POOL DEFAULT FLASH_CACHE DEFAULT CELL_FLASH_CACHE DEFAULT)
  TABLESPACE "APEX_4627610787144683"  ENABLE;
--------------------------------------------------------
--  Constraints for Table DEPT
--------------------------------------------------------

  ALTER TABLE "AAYUSH"."DEPT" ADD PRIMARY KEY ("DEPTNO")
  USING INDEX PCTFREE 10 INITRANS 2 MAXTRANS 255 COMPUTE STATISTICS 
  STORAGE(INITIAL 65536 NEXT 1048576 MINEXTENTS 1 MAXEXTENTS 2147483645
  PCTINCREASE 0 FREELISTS 1 FREELIST GROUPS 1 BUFFER_POOL DEFAULT FLASH_CACHE DEFAULT CELL_FLASH_CACHE DEFAULT)
  TABLESPACE "APEX_4627610787144683"  ENABLE;
--------------------------------------------------------
--  Constraints for Table APEX$_WS_WEBPG_SECTION_HISTORY
--------------------------------------------------------

  ALTER TABLE "AAYUSH"."APEX$_WS_WEBPG_SECTION_HISTORY" MODIFY ("CHANGE_DATE" NOT NULL ENABLE);
  ALTER TABLE "AAYUSH"."APEX$_WS_WEBPG_SECTION_HISTORY" MODIFY ("APPLICATION_USER_ID" NOT NULL ENABLE);
  ALTER TABLE "AAYUSH"."APEX$_WS_WEBPG_SECTION_HISTORY" MODIFY ("WEBPAGE_ID" NOT NULL ENABLE);
  ALTER TABLE "AAYUSH"."APEX$_WS_WEBPG_SECTION_HISTORY" MODIFY ("WS_APP_ID" NOT NULL ENABLE);
  ALTER TABLE "AAYUSH"."APEX$_WS_WEBPG_SECTION_HISTORY" MODIFY ("SECTION_ID" NOT NULL ENABLE);
--------------------------------------------------------
--  Constraints for Table DEMO_PRODUCT_INFO
--------------------------------------------------------

  ALTER TABLE "AAYUSH"."DEMO_PRODUCT_INFO" ADD CONSTRAINT "DEMO_PRODUCT_INFO_UK" UNIQUE ("PRODUCT_NAME")
  USING INDEX PCTFREE 10 INITRANS 2 MAXTRANS 255 COMPUTE STATISTICS 
  STORAGE(INITIAL 65536 NEXT 1048576 MINEXTENTS 1 MAXEXTENTS 2147483645
  PCTINCREASE 0 FREELISTS 1 FREELIST GROUPS 1 BUFFER_POOL DEFAULT FLASH_CACHE DEFAULT CELL_FLASH_CACHE DEFAULT)
  TABLESPACE "APEX_4627610787144683"  ENABLE;
  ALTER TABLE "AAYUSH"."DEMO_PRODUCT_INFO" ADD CONSTRAINT "DEMO_PRODUCT_INFO_PK" PRIMARY KEY ("PRODUCT_ID")
  USING INDEX PCTFREE 10 INITRANS 2 MAXTRANS 255 COMPUTE STATISTICS 
  STORAGE(INITIAL 65536 NEXT 1048576 MINEXTENTS 1 MAXEXTENTS 2147483645
  PCTINCREASE 0 FREELISTS 1 FREELIST GROUPS 1 BUFFER_POOL DEFAULT FLASH_CACHE DEFAULT CELL_FLASH_CACHE DEFAULT)
  TABLESPACE "APEX_4627610787144683"  ENABLE;
  ALTER TABLE "AAYUSH"."DEMO_PRODUCT_INFO" MODIFY ("PRODUCT_ID" NOT NULL ENABLE);
--------------------------------------------------------
--  Constraints for Table DEMO_TAGS
--------------------------------------------------------

  ALTER TABLE "AAYUSH"."DEMO_TAGS" ADD PRIMARY KEY ("ID")
  USING INDEX PCTFREE 10 INITRANS 2 MAXTRANS 255 COMPUTE STATISTICS 
  STORAGE(INITIAL 65536 NEXT 1048576 MINEXTENTS 1 MAXEXTENTS 2147483645
  PCTINCREASE 0 FREELISTS 1 FREELIST GROUPS 1 BUFFER_POOL DEFAULT FLASH_CACHE DEFAULT CELL_FLASH_CACHE DEFAULT)
  TABLESPACE "APEX_4627610787144683"  ENABLE;
  ALTER TABLE "AAYUSH"."DEMO_TAGS" ADD CONSTRAINT "DEMO_TAGS_CK" CHECK (content_type in ('CUSTOMER','ORDER','PRODUCT')) ENABLE;
  ALTER TABLE "AAYUSH"."DEMO_TAGS" MODIFY ("TAG" NOT NULL ENABLE);
--------------------------------------------------------
--  Constraints for Table APEX$_ACL
--------------------------------------------------------

  ALTER TABLE "AAYUSH"."APEX$_ACL" ADD CONSTRAINT "APEX$_ACL_PK" PRIMARY KEY ("ID")
  USING INDEX PCTFREE 10 INITRANS 2 MAXTRANS 255 COMPUTE STATISTICS 
  STORAGE(INITIAL 65536 NEXT 1048576 MINEXTENTS 1 MAXEXTENTS 2147483645
  PCTINCREASE 0 FREELISTS 1 FREELIST GROUPS 1 BUFFER_POOL DEFAULT FLASH_CACHE DEFAULT CELL_FLASH_CACHE DEFAULT)
  TABLESPACE "APEX_4627610787144683"  ENABLE;
  ALTER TABLE "AAYUSH"."APEX$_ACL" ADD CONSTRAINT "APEX$_ACL_PRIV_CK" CHECK (priv in ('R','C','A')) ENABLE;
  ALTER TABLE "AAYUSH"."APEX$_ACL" MODIFY ("CREATED_BY" NOT NULL ENABLE);
  ALTER TABLE "AAYUSH"."APEX$_ACL" MODIFY ("CREATED_ON" NOT NULL ENABLE);
  ALTER TABLE "AAYUSH"."APEX$_ACL" MODIFY ("PRIV" NOT NULL ENABLE);
  ALTER TABLE "AAYUSH"."APEX$_ACL" MODIFY ("USERNAME" NOT NULL ENABLE);
  ALTER TABLE "AAYUSH"."APEX$_ACL" MODIFY ("WS_APP_ID" NOT NULL ENABLE);
  ALTER TABLE "AAYUSH"."APEX$_ACL" MODIFY ("ID" NOT NULL ENABLE);
--------------------------------------------------------
--  Constraints for Table PAYMENT
--------------------------------------------------------

  ALTER TABLE "AAYUSH"."PAYMENT" ADD UNIQUE ("FK1_ORDER_ID")
  USING INDEX PCTFREE 10 INITRANS 2 MAXTRANS 255 COMPUTE STATISTICS 
  STORAGE(INITIAL 65536 NEXT 1048576 MINEXTENTS 1 MAXEXTENTS 2147483645
  PCTINCREASE 0 FREELISTS 1 FREELIST GROUPS 1 BUFFER_POOL DEFAULT FLASH_CACHE DEFAULT CELL_FLASH_CACHE DEFAULT)
  TABLESPACE "APEX_4627610787144683"  ENABLE;
  ALTER TABLE "AAYUSH"."PAYMENT" ADD CONSTRAINT "PK_PAYMENT" PRIMARY KEY ("PAYMENT_ID")
  USING INDEX PCTFREE 10 INITRANS 2 MAXTRANS 255 COMPUTE STATISTICS 
  STORAGE(INITIAL 65536 NEXT 1048576 MINEXTENTS 1 MAXEXTENTS 2147483645
  PCTINCREASE 0 FREELISTS 1 FREELIST GROUPS 1 BUFFER_POOL DEFAULT FLASH_CACHE DEFAULT CELL_FLASH_CACHE DEFAULT)
  TABLESPACE "APEX_4627610787144683"  ENABLE;
  ALTER TABLE "AAYUSH"."PAYMENT" MODIFY ("FK2_USER_ID" NOT NULL ENABLE);
  ALTER TABLE "AAYUSH"."PAYMENT" MODIFY ("FK1_ORDER_ID" NOT NULL ENABLE);
  ALTER TABLE "AAYUSH"."PAYMENT" MODIFY ("PAYMENT_ID" NOT NULL ENABLE);
--------------------------------------------------------
--  Constraints for Table APEX$_WS_LINKS
--------------------------------------------------------

  ALTER TABLE "AAYUSH"."APEX$_WS_LINKS" ADD CONSTRAINT "APEX$_WS_LINKS_PK" PRIMARY KEY ("ID")
  USING INDEX PCTFREE 10 INITRANS 2 MAXTRANS 255 COMPUTE STATISTICS 
  STORAGE(INITIAL 65536 NEXT 1048576 MINEXTENTS 1 MAXEXTENTS 2147483645
  PCTINCREASE 0 FREELISTS 1 FREELIST GROUPS 1 BUFFER_POOL DEFAULT FLASH_CACHE DEFAULT CELL_FLASH_CACHE DEFAULT)
  TABLESPACE "APEX_4627610787144683"  ENABLE;
  ALTER TABLE "AAYUSH"."APEX$_WS_LINKS" ADD CONSTRAINT "APEX$_WS_LINKS_SH_CK" CHECK (show_on_homepage in ('Y','N')) ENABLE;
  ALTER TABLE "AAYUSH"."APEX$_WS_LINKS" ADD CONSTRAINT "APEX$_WS_LINKS_CL_CK" CHECK (component_level in ('WEBSHEET','ROW','WORKSPACE','WEBPAGE')) ENABLE;
  ALTER TABLE "AAYUSH"."APEX$_WS_LINKS" MODIFY ("CREATED_BY" NOT NULL ENABLE);
  ALTER TABLE "AAYUSH"."APEX$_WS_LINKS" MODIFY ("CREATED_ON" NOT NULL ENABLE);
  ALTER TABLE "AAYUSH"."APEX$_WS_LINKS" MODIFY ("URL" NOT NULL ENABLE);
  ALTER TABLE "AAYUSH"."APEX$_WS_LINKS" MODIFY ("LINK_NAME" NOT NULL ENABLE);
  ALTER TABLE "AAYUSH"."APEX$_WS_LINKS" MODIFY ("WS_APP_ID" NOT NULL ENABLE);
--------------------------------------------------------
--  Constraints for Table PRODUCT_CATEGORY
--------------------------------------------------------

  ALTER TABLE "AAYUSH"."PRODUCT_CATEGORY" ADD CONSTRAINT "PK_PRODUCT_CATEGORY" PRIMARY KEY ("CATEGORY_ID")
  USING INDEX PCTFREE 10 INITRANS 2 MAXTRANS 255 COMPUTE STATISTICS 
  STORAGE(INITIAL 65536 NEXT 1048576 MINEXTENTS 1 MAXEXTENTS 2147483645
  PCTINCREASE 0 FREELISTS 1 FREELIST GROUPS 1 BUFFER_POOL DEFAULT FLASH_CACHE DEFAULT CELL_FLASH_CACHE DEFAULT)
  TABLESPACE "APEX_4627610787144683"  ENABLE;
  ALTER TABLE "AAYUSH"."PRODUCT_CATEGORY" MODIFY ("FK1_PRODUCT_ID" NOT NULL ENABLE);
  ALTER TABLE "AAYUSH"."PRODUCT_CATEGORY" MODIFY ("CATEGORY_ID" NOT NULL ENABLE);
--------------------------------------------------------
--  Constraints for Table COLLECTION_SLOT
--------------------------------------------------------

  ALTER TABLE "AAYUSH"."COLLECTION_SLOT" ADD CONSTRAINT "PK_COLLECTION_SLOT" PRIMARY KEY ("SLOT_ID")
  USING INDEX PCTFREE 10 INITRANS 2 MAXTRANS 255 COMPUTE STATISTICS 
  STORAGE(INITIAL 65536 NEXT 1048576 MINEXTENTS 1 MAXEXTENTS 2147483645
  PCTINCREASE 0 FREELISTS 1 FREELIST GROUPS 1 BUFFER_POOL DEFAULT FLASH_CACHE DEFAULT CELL_FLASH_CACHE DEFAULT)
  TABLESPACE "APEX_4627610787144683"  ENABLE;
  ALTER TABLE "AAYUSH"."COLLECTION_SLOT" MODIFY ("SLOT_ID" NOT NULL ENABLE);
--------------------------------------------------------
--  Constraints for Table USERS
--------------------------------------------------------

  ALTER TABLE "AAYUSH"."USERS" ADD CONSTRAINT "FK_SHOP_UNIQUE" UNIQUE ("FK1_SHOP_ID")
  USING INDEX PCTFREE 10 INITRANS 2 MAXTRANS 255 COMPUTE STATISTICS 
  STORAGE(INITIAL 65536 NEXT 1048576 MINEXTENTS 1 MAXEXTENTS 2147483645
  PCTINCREASE 0 FREELISTS 1 FREELIST GROUPS 1 BUFFER_POOL DEFAULT FLASH_CACHE DEFAULT CELL_FLASH_CACHE DEFAULT)
  TABLESPACE "APEX_4627610787144683"  ENABLE;
  ALTER TABLE "AAYUSH"."USERS" ADD CONSTRAINT "PK_USER" PRIMARY KEY ("USER_ID")
  USING INDEX PCTFREE 10 INITRANS 2 MAXTRANS 255 COMPUTE STATISTICS 
  STORAGE(INITIAL 65536 NEXT 1048576 MINEXTENTS 1 MAXEXTENTS 2147483645
  PCTINCREASE 0 FREELISTS 1 FREELIST GROUPS 1 BUFFER_POOL DEFAULT FLASH_CACHE DEFAULT CELL_FLASH_CACHE DEFAULT)
  TABLESPACE "APEX_4627610787144683"  ENABLE;
  ALTER TABLE "AAYUSH"."USERS" MODIFY ("USER_ID" NOT NULL ENABLE);
--------------------------------------------------------
--  Constraints for Table PRODUCT_CART
--------------------------------------------------------

  ALTER TABLE "AAYUSH"."PRODUCT_CART" ADD CONSTRAINT "PK_PRODUCT_CART" PRIMARY KEY ("PRODUCT_CART_ID")
  USING INDEX PCTFREE 10 INITRANS 2 MAXTRANS 255 COMPUTE STATISTICS 
  STORAGE(INITIAL 65536 NEXT 1048576 MINEXTENTS 1 MAXEXTENTS 2147483645
  PCTINCREASE 0 FREELISTS 1 FREELIST GROUPS 1 BUFFER_POOL DEFAULT FLASH_CACHE DEFAULT CELL_FLASH_CACHE DEFAULT)
  TABLESPACE "APEX_4627610787144683"  ENABLE;
  ALTER TABLE "AAYUSH"."PRODUCT_CART" MODIFY ("FK2_CART_ID" NOT NULL ENABLE);
  ALTER TABLE "AAYUSH"."PRODUCT_CART" MODIFY ("FK1_PRODUCT_ID" NOT NULL ENABLE);
  ALTER TABLE "AAYUSH"."PRODUCT_CART" MODIFY ("PRODUCT_CART_ID" NOT NULL ENABLE);
--------------------------------------------------------
--  Constraints for Table APEX$_WS_FILES
--------------------------------------------------------

  ALTER TABLE "AAYUSH"."APEX$_WS_FILES" ADD CONSTRAINT "APEX$_WS_FILES_PK" PRIMARY KEY ("ID")
  USING INDEX PCTFREE 10 INITRANS 2 MAXTRANS 255 COMPUTE STATISTICS 
  STORAGE(INITIAL 65536 NEXT 1048576 MINEXTENTS 1 MAXEXTENTS 2147483645
  PCTINCREASE 0 FREELISTS 1 FREELIST GROUPS 1 BUFFER_POOL DEFAULT FLASH_CACHE DEFAULT CELL_FLASH_CACHE DEFAULT)
  TABLESPACE "APEX_4627610787144683"  ENABLE;
  ALTER TABLE "AAYUSH"."APEX$_WS_FILES" ADD CONSTRAINT "APEX$_WS_FILES_CL_CK" CHECK (component_level in ('WEBSHEET','ROW','WORKSPACE','WEBPAGE')) ENABLE;
  ALTER TABLE "AAYUSH"."APEX$_WS_FILES" MODIFY ("CREATED_BY" NOT NULL ENABLE);
  ALTER TABLE "AAYUSH"."APEX$_WS_FILES" MODIFY ("CREATED_ON" NOT NULL ENABLE);
  ALTER TABLE "AAYUSH"."APEX$_WS_FILES" MODIFY ("MIME_TYPE" NOT NULL ENABLE);
  ALTER TABLE "AAYUSH"."APEX$_WS_FILES" MODIFY ("NAME" NOT NULL ENABLE);
  ALTER TABLE "AAYUSH"."APEX$_WS_FILES" MODIFY ("WS_APP_ID" NOT NULL ENABLE);
--------------------------------------------------------
--  Constraints for Table ORDERS
--------------------------------------------------------

  ALTER TABLE "AAYUSH"."ORDERS" ADD CONSTRAINT "PK_ORDERS" PRIMARY KEY ("ORDER_ID")
  USING INDEX PCTFREE 10 INITRANS 2 MAXTRANS 255 COMPUTE STATISTICS 
  STORAGE(INITIAL 65536 NEXT 1048576 MINEXTENTS 1 MAXEXTENTS 2147483645
  PCTINCREASE 0 FREELISTS 1 FREELIST GROUPS 1 BUFFER_POOL DEFAULT FLASH_CACHE DEFAULT CELL_FLASH_CACHE DEFAULT)
  TABLESPACE "APEX_4627610787144683"  ENABLE;
  ALTER TABLE "AAYUSH"."ORDERS" MODIFY ("ORDER_ID" NOT NULL ENABLE);
--------------------------------------------------------
--  Constraints for Table AUDIT_PRODUCT
--------------------------------------------------------

  ALTER TABLE "AAYUSH"."AUDIT_PRODUCT" MODIFY ("PRODUCT_ID" NOT NULL ENABLE);
--------------------------------------------------------
--  Constraints for Table DEMO_ORDER_ITEMS
--------------------------------------------------------

  ALTER TABLE "AAYUSH"."DEMO_ORDER_ITEMS" ADD CONSTRAINT "DEMO_ORDER_ITEMS_UK" UNIQUE ("ORDER_ID", "PRODUCT_ID")
  USING INDEX PCTFREE 10 INITRANS 2 MAXTRANS 255 COMPUTE STATISTICS 
  STORAGE(INITIAL 65536 NEXT 1048576 MINEXTENTS 1 MAXEXTENTS 2147483645
  PCTINCREASE 0 FREELISTS 1 FREELIST GROUPS 1 BUFFER_POOL DEFAULT FLASH_CACHE DEFAULT CELL_FLASH_CACHE DEFAULT)
  TABLESPACE "APEX_4627610787144683"  ENABLE;
  ALTER TABLE "AAYUSH"."DEMO_ORDER_ITEMS" ADD CONSTRAINT "DEMO_ORDER_ITEMS_PK" PRIMARY KEY ("ORDER_ITEM_ID")
  USING INDEX PCTFREE 10 INITRANS 2 MAXTRANS 255 COMPUTE STATISTICS 
  STORAGE(INITIAL 65536 NEXT 1048576 MINEXTENTS 1 MAXEXTENTS 2147483645
  PCTINCREASE 0 FREELISTS 1 FREELIST GROUPS 1 BUFFER_POOL DEFAULT FLASH_CACHE DEFAULT CELL_FLASH_CACHE DEFAULT)
  TABLESPACE "APEX_4627610787144683"  ENABLE;
  ALTER TABLE "AAYUSH"."DEMO_ORDER_ITEMS" MODIFY ("QUANTITY" NOT NULL ENABLE);
  ALTER TABLE "AAYUSH"."DEMO_ORDER_ITEMS" MODIFY ("UNIT_PRICE" NOT NULL ENABLE);
  ALTER TABLE "AAYUSH"."DEMO_ORDER_ITEMS" MODIFY ("PRODUCT_ID" NOT NULL ENABLE);
  ALTER TABLE "AAYUSH"."DEMO_ORDER_ITEMS" MODIFY ("ORDER_ID" NOT NULL ENABLE);
  ALTER TABLE "AAYUSH"."DEMO_ORDER_ITEMS" MODIFY ("ORDER_ITEM_ID" NOT NULL ENABLE);
--------------------------------------------------------
--  Constraints for Table DEMO_CONSTRAINT_LOOKUP
--------------------------------------------------------

  ALTER TABLE "AAYUSH"."DEMO_CONSTRAINT_LOOKUP" ADD PRIMARY KEY ("CONSTRAINT_NAME")
  USING INDEX PCTFREE 10 INITRANS 2 MAXTRANS 255 COMPUTE STATISTICS 
  STORAGE(INITIAL 65536 NEXT 1048576 MINEXTENTS 1 MAXEXTENTS 2147483645
  PCTINCREASE 0 FREELISTS 1 FREELIST GROUPS 1 BUFFER_POOL DEFAULT FLASH_CACHE DEFAULT CELL_FLASH_CACHE DEFAULT)
  TABLESPACE "APEX_4627610787144683"  ENABLE;
  ALTER TABLE "AAYUSH"."DEMO_CONSTRAINT_LOOKUP" MODIFY ("MESSAGE" NOT NULL ENABLE);
--------------------------------------------------------
--  Ref Constraints for Table APEX$_WS_FILES
--------------------------------------------------------

  ALTER TABLE "AAYUSH"."APEX$_WS_FILES" ADD CONSTRAINT "APEX$_WS_FILES_FK" FOREIGN KEY ("ROW_ID")
	  REFERENCES "AAYUSH"."APEX$_WS_ROWS" ("ID") ON DELETE CASCADE ENABLE;
--------------------------------------------------------
--  Ref Constraints for Table APEX$_WS_LINKS
--------------------------------------------------------

  ALTER TABLE "AAYUSH"."APEX$_WS_LINKS" ADD CONSTRAINT "APEX$_WS_LINKS_FK" FOREIGN KEY ("ROW_ID")
	  REFERENCES "AAYUSH"."APEX$_WS_ROWS" ("ID") ON DELETE CASCADE ENABLE;
--------------------------------------------------------
--  Ref Constraints for Table APEX$_WS_NOTES
--------------------------------------------------------

  ALTER TABLE "AAYUSH"."APEX$_WS_NOTES" ADD CONSTRAINT "APEX$_WS_NOTES_FK" FOREIGN KEY ("ROW_ID")
	  REFERENCES "AAYUSH"."APEX$_WS_ROWS" ("ID") ON DELETE CASCADE ENABLE;
--------------------------------------------------------
--  Ref Constraints for Table APEX$_WS_TAGS
--------------------------------------------------------

  ALTER TABLE "AAYUSH"."APEX$_WS_TAGS" ADD CONSTRAINT "APEX$_WS_TAGS_FK" FOREIGN KEY ("ROW_ID")
	  REFERENCES "AAYUSH"."APEX$_WS_ROWS" ("ID") ON DELETE CASCADE ENABLE;
--------------------------------------------------------
--  Ref Constraints for Table CART
--------------------------------------------------------

  ALTER TABLE "AAYUSH"."CART" ADD CONSTRAINT "FK2_CART_TO_USER" FOREIGN KEY ("FK2_USER_ID")
	  REFERENCES "AAYUSH"."USERS" ("USER_ID") ENABLE;
--------------------------------------------------------
--  Ref Constraints for Table DEMO_ORDERS
--------------------------------------------------------

  ALTER TABLE "AAYUSH"."DEMO_ORDERS" ADD CONSTRAINT "DEMO_ORDERS_CUSTOMER_ID_FK" FOREIGN KEY ("CUSTOMER_ID")
	  REFERENCES "AAYUSH"."DEMO_CUSTOMERS" ("CUSTOMER_ID") ON DELETE CASCADE ENABLE;
--------------------------------------------------------
--  Ref Constraints for Table DEMO_ORDER_ITEMS
--------------------------------------------------------

  ALTER TABLE "AAYUSH"."DEMO_ORDER_ITEMS" ADD CONSTRAINT "DEMO_ORDER_ITEMS_FK" FOREIGN KEY ("ORDER_ID")
	  REFERENCES "AAYUSH"."DEMO_ORDERS" ("ORDER_ID") ON DELETE CASCADE ENABLE;
  ALTER TABLE "AAYUSH"."DEMO_ORDER_ITEMS" ADD CONSTRAINT "DEMO_ORDER_ITEMS_PRODUCT_ID_FK" FOREIGN KEY ("PRODUCT_ID")
	  REFERENCES "AAYUSH"."DEMO_PRODUCT_INFO" ("PRODUCT_ID") ON DELETE CASCADE ENABLE;
--------------------------------------------------------
--  Ref Constraints for Table EMP
--------------------------------------------------------

  ALTER TABLE "AAYUSH"."EMP" ADD FOREIGN KEY ("MGR")
	  REFERENCES "AAYUSH"."EMP" ("EMPNO") ENABLE;
  ALTER TABLE "AAYUSH"."EMP" ADD FOREIGN KEY ("DEPTNO")
	  REFERENCES "AAYUSH"."DEPT" ("DEPTNO") ENABLE;
--------------------------------------------------------
--  Ref Constraints for Table ORDERED_PRODUCT
--------------------------------------------------------

  ALTER TABLE "AAYUSH"."ORDERED_PRODUCT" ADD CONSTRAINT "FK1_ORDERED_PRODUCT_TO_PRODUCT" FOREIGN KEY ("FK1_PRODUCT_ID")
	  REFERENCES "AAYUSH"."PRODUCT" ("PRODUCT_ID") ENABLE;
  ALTER TABLE "AAYUSH"."ORDERED_PRODUCT" ADD CONSTRAINT "FK2_ORDERED_PRODUCT_TO_ORDERS" FOREIGN KEY ("FK2_ORDER_ID")
	  REFERENCES "AAYUSH"."ORDERS" ("ORDER_ID") ENABLE;
--------------------------------------------------------
--  Ref Constraints for Table ORDERS
--------------------------------------------------------

  ALTER TABLE "AAYUSH"."ORDERS" ADD CONSTRAINT "FK1_ORDERS_TO_COLLECTION_SLOT" FOREIGN KEY ("FK1_SLOT_ID")
	  REFERENCES "AAYUSH"."COLLECTION_SLOT" ("SLOT_ID") ENABLE;
  ALTER TABLE "AAYUSH"."ORDERS" ADD CONSTRAINT "FK2_USERS_ORDER" FOREIGN KEY ("FK2_USER_ID")
	  REFERENCES "AAYUSH"."USERS" ("USER_ID") ENABLE;
--------------------------------------------------------
--  Ref Constraints for Table PAYMENT
--------------------------------------------------------

  ALTER TABLE "AAYUSH"."PAYMENT" ADD CONSTRAINT "FK1_PAYMENT_TO_ORDERS" FOREIGN KEY ("FK1_ORDER_ID")
	  REFERENCES "AAYUSH"."ORDERS" ("ORDER_ID") ENABLE;
  ALTER TABLE "AAYUSH"."PAYMENT" ADD CONSTRAINT "FK2_PAYMENT_TO_USER" FOREIGN KEY ("FK2_USER_ID")
	  REFERENCES "AAYUSH"."USERS" ("USER_ID") ENABLE;
--------------------------------------------------------
--  Ref Constraints for Table PRODUCT
--------------------------------------------------------

  ALTER TABLE "AAYUSH"."PRODUCT" ADD CONSTRAINT "FK1_PRODUCT_TO_DISCOUNT" FOREIGN KEY ("FK1_DISCOUNT_ID")
	  REFERENCES "AAYUSH"."DISCOUNT" ("DISCOUNT_ID") ENABLE;
  ALTER TABLE "AAYUSH"."PRODUCT" ADD CONSTRAINT "FK2_PRODUCT_TO_SHOP" FOREIGN KEY ("FK2_SHOP_ID")
	  REFERENCES "AAYUSH"."SHOP" ("SHOP_ID") ENABLE;
--------------------------------------------------------
--  Ref Constraints for Table PRODUCT_CART
--------------------------------------------------------

  ALTER TABLE "AAYUSH"."PRODUCT_CART" ADD CONSTRAINT "FK1_PRODUCT_CART_TO_PRODUCT" FOREIGN KEY ("FK1_PRODUCT_ID")
	  REFERENCES "AAYUSH"."PRODUCT" ("PRODUCT_ID") ENABLE;
  ALTER TABLE "AAYUSH"."PRODUCT_CART" ADD CONSTRAINT "FK2_PRODUCT_CART_TO_CART" FOREIGN KEY ("FK2_CART_ID")
	  REFERENCES "AAYUSH"."CART" ("CART_ID") ENABLE;
--------------------------------------------------------
--  Ref Constraints for Table PRODUCT_CATEGORY
--------------------------------------------------------

  ALTER TABLE "AAYUSH"."PRODUCT_CATEGORY" ADD CONSTRAINT "FK1_PCATEGORY_TO_PRODUCT" FOREIGN KEY ("FK1_PRODUCT_ID")
	  REFERENCES "AAYUSH"."PRODUCT" ("PRODUCT_ID") ENABLE;
--------------------------------------------------------
--  Ref Constraints for Table PRODUCT_IMAGE
--------------------------------------------------------

  ALTER TABLE "AAYUSH"."PRODUCT_IMAGE" ADD CONSTRAINT "FK1_PRODUCT_ID" FOREIGN KEY ("FK1_PRODUCT_ID")
	  REFERENCES "AAYUSH"."PRODUCT" ("PRODUCT_ID") ENABLE;
--------------------------------------------------------
--  Ref Constraints for Table PRODUCT_WISHLIST
--------------------------------------------------------

  ALTER TABLE "AAYUSH"."PRODUCT_WISHLIST" ADD CONSTRAINT "FK1_PWISHLIST_TO_PRODUCT" FOREIGN KEY ("FK1_PRODUCT_ID")
	  REFERENCES "AAYUSH"."PRODUCT" ("PRODUCT_ID") ENABLE;
  ALTER TABLE "AAYUSH"."PRODUCT_WISHLIST" ADD CONSTRAINT "FK2_PWISHLIST_TO_WISHLIST" FOREIGN KEY ("FK2_WISHLIST_ID")
	  REFERENCES "AAYUSH"."WISHLIST" ("WISHLIST_ID") ENABLE;
--------------------------------------------------------
--  Ref Constraints for Table REVIEW
--------------------------------------------------------

  ALTER TABLE "AAYUSH"."REVIEW" ADD CONSTRAINT "FK1_REVIEW_TO_PRODUCT" FOREIGN KEY ("FK1_PRODUCT_ID")
	  REFERENCES "AAYUSH"."PRODUCT" ("PRODUCT_ID") ENABLE;
  ALTER TABLE "AAYUSH"."REVIEW" ADD CONSTRAINT "FK2_USERS_REVIEW" FOREIGN KEY ("FK2_USER_ID")
	  REFERENCES "AAYUSH"."USERS" ("USER_ID") ENABLE;
--------------------------------------------------------
--  Ref Constraints for Table USERS
--------------------------------------------------------

  ALTER TABLE "AAYUSH"."USERS" ADD CONSTRAINT "FK1_USER_TO_SHOP" FOREIGN KEY ("FK1_SHOP_ID")
	  REFERENCES "AAYUSH"."SHOP" ("SHOP_ID") ENABLE;
  ALTER TABLE "AAYUSH"."USERS" ADD CONSTRAINT "FK2_USER_TO_DISCOUNT" FOREIGN KEY ("FK2_DISCOUNT_ID")
	  REFERENCES "AAYUSH"."DISCOUNT" ("DISCOUNT_ID") ENABLE;
--------------------------------------------------------
--  Ref Constraints for Table WISHLIST
--------------------------------------------------------

  ALTER TABLE "AAYUSH"."WISHLIST" ADD CONSTRAINT "FK1_WISHLIST_TO_USER" FOREIGN KEY ("FK1_USER_ID")
	  REFERENCES "AAYUSH"."USERS" ("USER_ID") ENABLE;
